000000 000000 000000 000000 000000 000000 000000 000000 000000 000000 000000 000000 000000 000000 000000 000000 000000 000000 000000 000000 000000 000000 000000 000000 000000 000000 000000 000000 000000 000000 000000 000000 000000 000000 000000 000000 000000 000000 000000 000000 000000 000000 000000 000000 000000 000000 000000 000000 000000 000000 000000 000000 000000 000000 000000 000000 000000 000000 000000 000000 000000 000000 000000 000000 000000 000000 000000 000000 000000 000000 000000 000000 000000 000000 000000 000000 000000 000000 000000 000000 000000 000000 000000 000000 000000 000000 000000 000000 000000 000000 000000 000000 000000 000000 000000 000000 000000 000000 000000 000000 000000 000000 000000 000000 000000 000000 000000 000000 000000 000000 000000 000000 000000 000000 000000 000000 000000 000000 000000 000000 000000 000000 000000 000000 000000 000000 000000 000000 000000 000000 000000 000000 000000 000000 000000 000000 000000 000000 000000 000000 000000 000000 000000 000000 000000 000000 000000 000000 000000 000000 000000 000000 000000 000000 000000 000000 000000 000000 000000 000000 000000 000000 000000 000000 000000 000000 000000 000000 000000 000000 000000 000000 000000 000000 000000 000000 000000 000000 000000 000000 000000 000000 000000 000000 000000 000000 000000 000000 000000 000000 000000 000000 000000 000000 000000 000000 000000 000000 000000 000000 000000 000000 000000 000000 000000 000000 000000 000000 000000 000000 000000 000000 000000 000000 000000 000000 000000 000000 000000 000000 000000 000000 000000 000000 000000 000000 000000 000000 000000 000000 000000 000000 000000 000000 000000 000000 000000 000000 000000 000000 000000 000000 000000 000000 000000 000000 000000 000000 000000 000000 000000 000000 000000 000000 000000 000000 000000 000000 000000 000000 000000 000000 000000 000000 000000 000000 000000 000000 000000 000000 000000 000000 000000 000000 000000 000000 000000 000000 000000 000000 000000 000000 000000 000000 000000 000000 000000 000000 000000 000000 000000 000000 000000 000000 000000 000000 000000 000000 000000 000000 000000 000000 000000 000000 000000 000000 000000 000000 000000 000000 000000 000000 000000 000000 000000 000000 000000 000000 000000 000000 000000 000000 000000 000000 000000 000000 000000 000000 000000 000000 000000 000000 000000 000000 000000 000000 000000 000000 000000 000000 000000 000000 000000 000000 000000 000000 000000 000000 000000 000000 000000 000000 000000 000000 000000 000000 000000 000000 000000 000000 000000 000000 000000 000000 000000 000000 000000 000000 000000 000000 000000 000000 000000 000000 000000 000000 000000 000000 000000 000000 000000 000000 000000 000000 000000 000000 000000 000000 000000 000000 000000 000000 000000 000000 000000 000000 000000 000000 000000 000000 000000 000000 000000 000000 000000 000000 000000 000000 000000 000000 000000 000000 000000 000000 000000 000000 000000 000000 000000 000000 000000 000000 000000 000000 000000 000000 000000 000000 000000 000000 000000 000000 000000 000000 000000 000000 000000 000000 000000 000000 000000 000000 000000 000000 000000 000000 000000 000000 000000 000000 000000 000000 000000 000000 000000 000000 000000 000000 000000 000000 000000 000000 000000 000000 000000 000000 000000 000000 000000 000000 000000 000000 000000 000000 000000 000000 000000 000000 000000 000000 000000 000000 000000 000000 000000 000000 000000 000000 000000 000000 000000 000000 000000 000000 000000 000000 000000 000000 000000 000000 000000 000000 000000 000000 000000 000000 000000 000000 000000 000000 000000 000000 000000 000000 000000 000000 000000 000000 000000 000000 000000 000000 000000 000000 000000 000000 000000 000000 000000 000000 000000 000000 000000 000000 000000 000000 000000 000000 000000 000000 000000 000000 000000 000000
100797 0009AE 0012CF 002079 004364 00813C 0102A6 0201CA 04013D 08029D 00270D 004B46 00908B 0123B0 024247 0483A0 090285 0226DB 044BC5 08903A 0107CE 020A24 04124F 082393 006405 00CAFA 0191F9 0323E0 064157 0C819D 09257B 026C83 04DB56 09B131 0345F7 068908 0D10D0 0A0545 042FAE 085813 00940C 012B40 025249 04A239 094385 02A5BC 054A53 0A928D 050448 0A0990 0436AB 086832 00F60C 01EB95 03D01C 07A063 0F42C1 0EA773 0D6D85 0AFC34 05DF31 0BBBF6 075675 0EA989 0D74D0 0ACF3F 05BC9F 0B7BBA 06D439 0DA8B4 0B7486 06CF5F 0D9A30 0B1782 060C3F 0C1B78 08166A 000FE5 001A38 003357 006246 00C320 0181A6 0303C0 0600DD 0C01EC 082749 006CF9 00D9F7 01B272 0361CE 06C2DA 0D8094 0B26B8 066F61 0CD83E 09977D 030C12 061967 0C3160 084762 00ACFA 0158FD 02B174 056237 0AC153 05A717 0B48FD 06B7E6 0D682E 0AF556 05CEC0 0B9A74 071730 0E2971 0C778E 08CFA1 01BE56 0379F0 06F0F6 0DE1EE 0BE585 07ECC8 0FDBBB 0F941F 0F0DB1 0E3E0A 0C5E79 089F0D 011FCC 023908 047245 08E012 01E669 03C848 079032 0F2225 0E64DC 0CEE60 09FD49 03DDE3 07BA47 0F7033 0EC462 0DAF2F 0B7D81 06DEE6 0DBAD8 0B55AA 068D6C 0D1B51 0A15F7 040C43 0819A7 00159D 002AAB 0050A6 00A2DF 0141FE 028112 0501A2 0A037F 042455 084975 00B768 0168A2 02D06C 05A1B1 0B40DB 06A6D4 0D480E 0AB7A4 054C99 0A9BE5 0517B4 0A2A25 04754F 08EAA8 01F691 03E9FF 07D143 0FA1DA 0F67DC 0EED84 0DFCF0 0BDF88 079E72 0F3BB6 0E5542 0C8C2A 093DB4 025D14 04B924 0973F2 02C597 0588FA 0B1210 06070C 0C0829 0837A5 004C25 0098F4 0132A4 02603B 04C39B 098074 032723 064AF2 0C912E 090743 022F09 045866 08B290 014618 028B56 0510C1 0A22D0 0467E2 08CAF8 01B507 036BC0 06D08A 0DA0DD 0B659C 06EF4A 0DDA4C 0B972E 070F04 0E1A80 0C14E6 080C22 003F6E 00792A 00F012 01E1EF 03C04D 07822F 0F0374 0E2543 0C6C2D 08FE03 01DF29 03BADA 0771EB 0EE26F 0DE572 0BEF6C 07FDDD 0FFA9A 0FD409 0F8D8E 0F3E8C 0E5C0E 0C9D7F 091C58 021ED0 043A94 087203 00C6F3 018B8A 0313C8 062365 0C4126 08A4F3 016ECB 02D9CB 05B330 0B6157 06E6D2 0DCB06 0BB6CC 074F96 0E9830 0D14E8 0A0DF7 043DB7 087B40 00D64C 01ABE1 03514D 06A00A 0D417F 0AA67E 056FDF 0AD82A 05974E 0B284A 06779F 0CE9F7 09F49F 03CF7B 079B00 0F303A 0E44A3 0CAE84 097FD5 02DD90 05BB4B 0B7269 06C7AC 0D893D 0B35DF 064F6C 0C9B2D 0915B2 020C32 041B5A 0830C5 00469E 008AAD 0112B1 02228B 04421F 0881C0 0124DB 024BD6 0493AF 092199 026707 04C9FE 09922C 0305D6 060960 0C1082 080571 002D42 00590C 00B3CF 016151 02C1FB 0581A9 0B0219 062411 0C4A65 08B7AB 014D6A 029948 053068 0A6052 04E600 09CB6A 03B5DE 0769DC 0ED206 0D84D8 0B2F65 067C3C 0CF9AF 09D7D9 038C4B 071A6F 0E31E5 0C47C7 08AF57 017EDB 02FA6E 05F00E 0BE35C 07E7CD 0FCB86 0FB406 0F4DF9 0EBCF0 0D5DF4 0A9D16 051FD3 0A3B38 0455AC 08A96F 01776E 02EAA1 05D0A6 0BA01E 07669C 0EC945 0DB795 0B4FC1 06BE1D 0D789F 0AD4C1 058FBA 0B1902 061498 0C2B9D 087687 00CC54 019BB1 0331B8 066262 0CC215 09A6E0 036FFA 06DBD8 0DB3B7 0B4454 06AC4A 0D5890 0A9529 050CFB 0A1A0F 0415CC 0829F3 007512 00E832 01D27A 03A1E0 0740CB 0E823F 0D2407 0A6E4C 04FD56 09FAF9 03D658 07A8DB 0F51F8 0E84F2 0D2F48 0A7E6D 04DFAA 09BB6F 0357BA 06A88F 0D5055 0A8406 052DE4 0A5BEA 049707 0928D9 027675 04E801 09D1F0 03842E 070AC9 0E1162 0C0496 082ED5 007F78 00FB4D 01F3EA 03E377 07C0DB 0F809D 0F2725 0E6E79 0CFE0F 09DC17 039F7F 073A46 0E7359 0CC6B2 09AC5B 037FA8 06F8E2 0DF369 0BC5AB 07AD77 0F5A7C 0E950C 0D0ED0 0A3C9A 045DD7 08BB27 01569E 02A8AE 05522C 0AA2CE 0567C7 0AC8C9 05B5AC 0B6A27 06F588 0DEA93 0BF613 07CCB5 0F9B6F 0F1771 0E0FBC 0C3F7B 085C08 009C05 0138D7 027013 04E0C2 09C12F 03A559 074994 0E9066 0D07B6 0A2F12 047E31 08FAFD 01D79E 03A9FE 07518B 0EA1FD 0D6657 0AEF7D 05FCEA 0BF8DB 07D455 0FA864 0F76AB 0ECEBB 0DBDD1 0B5FCA 069EB1 0D39C8 0A551F 048FDC 091A0B 0214BF 042A19 0851E7 00849F 010890 021050 042361 084219 00A718 014A99 0290CA 0520F3 0A4035 04A50A 094967 02B5AF 056B9F 0AD3AA 05853C 0B0858 06354E 0C6867 08F5D9 01CF24 039AC6 07333F 0E6132 0CE792 09EC63 03FCB6 07FAB1 0FF1E0 0FC686 0FADD3
013BBC 02714F 04E06F 09C395 03A518 0748B1 0E9254 0D0530 0A2F16 047FFF 08FABE 01D6FF 03A8F5 0750F4 0EA313 0D66B7 0AECDC 05FE11 0BFBFC 07D5E3 0FA87D 0F7745 0ECDEF 0DBCC3 0B5D7D 069F9A 0D39FD 0A5734 048F13 091B57 02168B 042AF1 085392 0085E1 010A60 021250 0422EE 084226 00A4C7 014A00 029320 05216F 0A43B5 04A42A 094BA0 02B66E 056A08 0AD197 0586C1 0B0BE3 0637BC 0C6A85 08F5E1 01CEB3 039918 073295 0E6153 0CE4F9 09EEF3 03FE94 07F82C 0FF367 0FC61F 0FAC2E 0F7F97 0EDF95 0D9E2F 0B1E4D 061C9C 0C39BE 085733 008C4A 0118AB 023137 04603C 08C0EB 01A6D6 034A38 0690F6 0D23CA 0A6565 04EFB8 09DA0F 0394C2 072AE1 0E5155 0C85BB 092C39 027D98 04FB85 09F207 03C743 078B04 0F110F 0E05EB 0C2FBC 087F46 00DF42 01BB89 03728C 06E1EF 0DC292 0BA6EB 076D14 0EDBD8 0D96E6 0B0D7A 063C9E 0C7BF8 08D747 018F72 031806 06321A 0C61DC 08E797 01EF6E 03DB6D 07B129 0F6009 0EE70D 0DED43 0BFD52 07DC48 0FBB4D 0F548F 0E8DDF 0D3E79 0A5CF8 049CFC 093936 02554B 04ABC1 0953CB 02875D 050A41 0A11F1 0404D0 080B36 0036FC 006A3A 00D28B 01A00F 0340D9 068253 0D0064 0A25ED 046DB8 08D9BC 0197DB 032A35 065347 0CA0E6 09667C 02ECCE 05D8AE 0BB308 07469B 0E8B1A 0D35DE 0A4CA5 04BD48 097A2B 02D7FA 05AB7D 0B509B 0687A6 0D0BB4 0A370D 044DE1 089840 011425 022BFD 0451AB 08A1BE 01677C 02C9F8 05909C 0B210E 0666A1 0CCA71 09B489 034F7F 069AE0 0D3299 0A4740 04AEE9 09581F 029467 052B5B 0A52A9 0484D6 090B83 0237CB 04691E 08D0A4 018493 030A94 0612F9 0C23AF 0864B5 00EFF3 01D8B2 03B234 076141 0EC2CA 0DA508 0B6DD6 06FCB9 0DF90D 0BD5AA 078CBE 0F1AC1 0E162E 0C0CFD 083FDA 005CC8 00B95D 0172FA 02E360 05C375 0B803E 072482 0E4BBF 0CB44E 094E84 02BFED 057BB7 0AF135 05C758 0B8B04 073740 0E6B0B 0CF5DC 09CECD 03BDE2 077AE3 0EF02C 0DC5E7 0BAC16 077E76 0EF951 0DD594 0B8C09 073FC2 0E7804 0CD61F 098C10 033CB7 0679CD 0CF3E4 09C4F1 03AEBF 0758D3 0EB186 0D4435 0AAF71 057DBF 0AFAFC 05D62F 0BAA84 0776FF 0EEB39 0DF75E 0BCD2A 07BC16 0F7990 0ED7DD 0D8EB1 0B3E3B 065F03 0CBA18 0956A5 028C22 051B72 0A3042 0447DD 088B07 0136C0 026AAE 04D229 09A0D6 0364E4 06C873 0D9144 0B066D 062CB7 0C5985 0897A7 010F1C 021BE6 043029 086328 00E5C5 01CA6C 039046 0722F1 0E4087 0CA648 096D03 02FDF1 05FAEC 0BF101 07C605 0F893A 0F3571 0E4FE4 0CBEEF 095F70 029F93 053B4C 0A7230 04C791 098A4E 033614 066944 0CD0A8 098670 032C5D 065BE1 0CB14A 094743 02AEFC 05592D 0AB2A3 0546E6 0A8B35 053692 0A69D2 04F5D2 09EA38 03F7D7 07EA7E 0FD1FD 0F84B5 0F2FC8 0E7D83 0CDCB9 099C96 031F6A 063A5A 0C7117 08C7C5 01ADD2 03597A 06B3AB 0D60C9 0AE647 05ED0C 0BDA96 079481 0F28F0 0E749E 0CCE5B 09BC1B 035CC1 06B9D0 0D73FC 0AC7DC 05AF42 0B5ADB 069472 0D2B5B 0A775E 04CCA6 0999DA 0317A1 062936 0C53FB 088746 012EF6 025B62 04B2F4 096051 02E601 05C807 0B935C 07047E 0E08AF 0C367B 084FAD 00BE46 01791D 02F1DB 05E139 0BC15E 07A6E4 0F49B9 0EB599 0D4C2E 0ABCC8 055C5F 0ABA82 05546A 0AA97D 0576A8 0AEBAA 05F7BF 0BEB56 07F731 0FEB25 0FF670 0FCC55 0FBDA6 0F5EC8 0E9C64 0D1CED 0A1DC6 041D6A 08385B 0055AC 00AAF6 0153DE 02A343 05414E 0A83DF 052541 0A4A33 04B438 096931 02F5FB 05E809 0BD075 078570 0F0ACE 0E366D 0C4C5C 08BE77 015DE6 02BBAD 057044 0AE2F2 05E4BD 0BCB16 07B726 0F6B55 0EF4A8 0DCC9C 0BBD02 075C30 0EBBE9 0D54C9 0A8E3F 053E6C 0A7A9E 04D411 09ABB8 03761F 06EB7A 0DD056 0B862B 072FAF 0E5880 0C961D 090F49 023FAF 047803 08F06C 01C797 0388A3 071139 0E2299 0C67AF 08EC91 01FC81 03FA1D 07F09B 0FE37A 0FE4C5 0FED23 0FFF21 0FDD2F 0F9D5F 0F1E90 0E1EFD 0C1CA5 081F90 001EB4 003972 0073FE 00E3A7 01C332 038174 0700D3 0E014E 0C242A 086D3C 00FDFA 01FA2B 03F1E8 07E348 0FC22A 0FA70E 0F6CEA 0EFCE7 0DDC28 0B9D13 071EF8 0E388F 0C569B 088C4E 013CA7 027971 04F209 09E1A6 03E706 07CB37 0F902B 0F04B7 0E2C6F 0C7DE5 08DFED 019EF7 033928 06714D 0CE14B 09E4A5 03EC04 07D9C0 0FB34F 0F469A 0EADF0 0D7D2D 0ADC97 059F99 0B3A07 065468 0CA94D 0974F1 02CCE3 0598A1 0B3043 06454E 0C89A8 0936D4 024CE2 049906 0930CD 0247C5 048B8E 091199 020622 040A07 08126D 10053D
01B3D8 0BEA77 0C5211 0F19AD 07CF2B 017615 018F56 0A3C81 084AE7 0CA270 0E8653 02BB44 048D8A 098B50 096BA1 0EB23D 083170 08BAC4 1A6626 067EAB 01E8C6 0E8E6C 02F35C 052F11 087C69 0AF6A7 07A790 09A91E 00E257 0A9DF7 0623BD 0B0016 04A855 0BA50F 04FA11 00EB0F 012690 040A01 0DF586 016BD2 007D5D 0FDEAD 0CEE75 003274 07E062 0880F6 0B777B 0A7E80 06F182 0E1CDD 0BF440 058002 0BBD70 0C5FB0 0F010F 05CB44 0B9175 05E0BC 09D313 05E6BE 051578 0AC214 018602 0DC575 0CC1CB 0F0FD4 0B1381 09684B 037DAE 071303 0877FD 0BD8E2 05F5A5 0EA123 0E52C8 0827FC 038462 0FFD25 03A067 07E9D6 07E8F1 00944A 0FE814 030773 012572 03255B 0C143C 0CE273 1D5759 0BCAB1 088B22 0E041D 0405EF 016715 05CD84 0FD55E 06D6B8 072990 0462E1 0EC445 05B07F 067B9C 01B62F 0CD14A 046BEB 0F8E09 0BB782 0CF2C9 06E9EC 0E39D2 0874FF 08784C 0F73FB 02B6BF 047B56 0CB484 1E27F2 0C8452 0527F7 00A889 0B19F2 0A7707 09F5A4 0421B2 0C1486 0668F8 0C7194 058922 0EA42F 05298A 0BDF17 066B33 08F223 194F9A 096572 088B27 0498DA 0DB3AA 01BCEF 017BC4 02F327 0171D0 0095E7 04C70B 08C827 0270DF 04D6D1 0758A5 03C29A 0A476C 0ADC6E 08B5C2 05CECB 048B69 0A52DD 0A2DF5 011445 04ED4B 0C9580 0387DC 055B96 14A40A 0C33AA 0B976F 0ED4FD 07C2E2 0E26A0 0E1083 0603CF 02787D 01E1CF 04EC25 057011 0C1333 0AB9E8 0BA1A3 06F2E3 04B522 0A22C6 0AD254 00DEFA 01A566 09A4E0 043711 0B499C 0BC06D 0FB8C5 05E443 0C7A59 0E007F 056A93 0A57B5 00F0BB 0D3A4F 08F13A 02A5A4 059410 011F01 05216C 0BA40C 0DA634 035C36 0C07C7 0C21A4 040B09 08EBDF 04062B 09576E 05E6B2 1D52BC 07A97F 0E7807 07584E 05F083 06B32B 0E9553 0127A9 0D937A 0C0061 023A20 0A95ED 0B91CA 085974 0133A6 079366 0963F8 04C215 09E2C1 066322 0D078F 07DAEF 06654B 0B1FED 0E2990 0DE3B2 0CD411 055D7D 0DF068 06C531 0CCDFB 0C447C 08AA6B 035C16 05A8B9 00F58D 1A3C11 096723 0BBBED 01E1CA 0F880F 021410 0F458A 06348B 047683 024D66 017EE5 0D5D43 046884 05B8C3 0972E3 02E193 04AD2D 0CC2DA 09A251 0379AD 0F6E08 024854 0A3099 024D04 0FC9C6 0ED7D4 0E8A03 09C777 0EA158 09968D 0968D8 06262E 01E8B1 0CCB38 06CBA6 082F1F 03B72F 03DCD4 090F3F 13D16C 035C54 0199B7 0694BE 07E604 090BC7 0F53D3 047A7B 0E95F8 059735 0894D3 001E6E 0DD046 025FF8 00747D 0C2010 05F2D1 055F32 0D1CC0 0A21DC 0F271C 0E6A4D 0EEBEE 1EB805 0C5436 0E26B5 0FB3EE 0D3A75 083990 081BA6 09191B 061F23 0EB5F0 056595 086D16 09DED6 095CC5 019088 0336C7 05BAF5 00C765 0069FB 0748CB 015596 01CE92 012C18 0CA337 01FFF1 081449 0B02A8 0A66DD 081503 0A9F33 01161C 0B53E0 082E84 1D102B 0BC10F 12F04C 1C22A2 019BF7 09A120 0D139D 05D6E9 0EA08E 06297B 056522 0B6366 0BC133 0BBD70 09787B 0B13D9 00AC15 0EF97B 057211 0D83F9 0570BB 05E406 0F4AF1 04AA16 0B9479 00F541 079B7E 0F0F1B 03543F 0E3415 0EA7BC 0F99D7 0EAFF3 08648B 0AB0BA 014AA9 0A316B 08B315 0C43F1 01CB51 05EB0B 01CDDD 0D6CE1 08107D 0E5D5A 03E3BA 026712 0EE245 03AA9B 052A7E 01A309 0A675E 096B88 05A055 0675E7 06CF26 0C2187 09BBAB 00B397 0F1804 09F2B1 069BD4 0A628F 07AB84 0E5BF3 03DCC5 0977BA 080565 0F17F8 0F8573 07005A 0A6C54 0363D2 0DABD2 192788 01C61C 046C0F 0D40BB 098FC6 0F4D12 02E184 0289BF 0FA94E 077A2C 06A866 00B126 008FCA 047A19 0FDEAE 0556CA 00E8F1 00E6CD 0409E4 0435F0 01FFB1 0141FB 04707A 0E779F 0315A2 0ED771 050E44 0496CA 0562B0 0BA544 04A02B 093029 038FF4 0743D6 0276BA 0A52BC 0DE15B 0F5A97 0B5964 0A3CBE 04FDFD 0B2EB4 08B864 037119 0D2B16 0B852D 0CD3E1 012FB2 0693B4 018E6D 079059 09B351 0E2482 021921 017792 0AB82E 0414F3 066C6D 04ABC8 027658 056C9E 058726 00A4D6 07D92D 01B433 004AF3 03DF30 04E5E1 057950 03AF59 09245D 0D641A 04D6FD 045BBB 0CA21E 0937F7 050612 0C9833 022815 0BACD6 0BED4B 005DB5 0B9E3F 01C955 01EE46 0BE473 0BF48B 0941DC 1681A4 0C950C 0EEDB6 02BD1A 0D6532 07FF1A 03146B 020A32 0FFF25 0941D6 0E6823 0C9211 0C9FF5 0A6E75 0BAB5E 0B09CE 001027 0FFC28 08195A 034B71 0C350C 0121E4 0CC0C6 034F43 037C10 0D7B0F 01D982 087A8D 05B99F 0E27D9 038A77 076FDF 062195 045FBE 0048D9 0FBFB8 09237F 0B34B6 070DFF 0959E0 1A3E1D 08841D
0E3D7E 08FD43 0C14B4 0E503C 058010 0E8342 066E69 070D16 0CBC40 05929F 09F552 0028CB 09BBEC 0D76DD 0A4703 0CE815 06BDF6 064FD8 014B62 036EBA 07EA33 0708A9 049C64 02DDBC 089E50 018DA8 0095AC 008F3D 06910D 0E073C 0E7E08 007068 05F70A 0EFD05 055621 05DF0B 05730A 00BD2A 089F9B 0F18FA 055419 02FBEB 052272 04565B 0E1CF2 012297 03A303 039E1C 06F804 092DC4 04838A 00DBD1 01BF18 0F0EF2 0BC639 010EE0 072FF2 0CA64F 05A471 0E72A5 04B1C4 0CCF03 01F989 0CD9A8 0FCC63 0B9A31 0E96F4 0B9044 05B0FB 02D24E 0C4232 0C2AC4 09BA94 02F529 068B18 014517 00DCD8 0B51BE 07693F 082DCB 07192F 06EB2D 0A0F4A 062FF5 0FA4AF 0C1E22 0B6545 07E405 0491E3 014D0D 082226 0A67CE 0C0C01 003FF2 07CA1E 0D7A64 097611 0C3DE9 006082 02398B 045715 0CDDE4 0D3791 0D220F 09777A 0C02E5 0CA843 0EAFCD 06DC8F 0D3EF4 0644A2 02180B 085237 09EB7F 056B2C 04DF7B 012293 0B3BF4 042BF4 063E25 05DFC6 003629 0433A0 0DDA8D 094F84 0A3473 0698AE 04ADFE 073593 02DCE6 0F177F 034441 09C6B2 0A3B5F 062013 0B7E65 08114A 0BF1FB 0EE1E8 065E38 09BD28 008FB5 034DC8 0C507B 0FC7F0 00C0DB 0D5958 0BC71C 094943 0ABE28 02CA2C 06F182 0E9D4B 0C2F49 050592 0A3689 061FEE 058E6D 079F1E 0F0067 04F06E 00ACF7 06CB25 0D7E25 08088A 02DC9D 076FCF 016DD5 030A48 0991AE 0B336F 0B6B2C 0E3DBC 0B74D7 070E77 05F885 00EC81 0C9C8D 063289 05AD74 09C8BA 0DAF29 05E6B1 02265E 05B957 018DF0 026A9E 0828A2 060D07 0F509A 0CFFED 0C26DC 0A2EFC 00BDDB 0ED26C 0DCAF4 010049 08C222 00AFCF 07E529 0BCE64 01AD8D 06C98B 0E132F 0EF68D 064D9D 05FF48 0C2F69 09E45D 0093AE 0C8283 00AC7D 010A1C 0CA68B 0C3D19 059B88 0B618D 0251FF 089A95 0C4CD4 0E02DF 00158E 0A7DBE 02549B 089499 087D72 0ECF3D 0A80C8 0D5B26 0355AB 082BE1 066C8C 08B29D 0B1129 0D8D3C 0B6507 0574CF 0969A5 0B0FAE 0F226A 0A056E 09A54B 08E990 045CE1 03C42A 001067 0C35F3 0F1C26 0815BF 06ED75 086DBE 03855B 00A013 05379B 038201 0A9EAD 08FAEA 00E746 04E653 0CD7C7 00D8A1 0E1DDA 02C7D0 00CFA3 06F267 0FCE5B 0A062E 0ED2E3 07BE37 04D2D5 036F20 0CB583 0C5F62 0EE040 02B33B 037A07 02E280 0E15F0 01727C 033037 0F68D9 00F785 0B0B38 09B472 0DBE5B 053A5A 071F4E 0601B8 0F27ED 087D48 0380C1 00D56C 0053E5 0E5948 0D365A 02702D 0F934A 0FA8C2 06859C 072EBA 0687E9 0AEBD2 05D629 08A602 08945B 038E4F 0E373F 054225 06957B 0E0C5F 076564 0D713E 004EB2 0F80AF 013745 03B2BE 0AFED3 02C367 075B00 0CD42D 098FD9 0B4888 063F97 0DFBCC 0F3FCC 0732BE 0AF605 00BB5E 0DA9A7 010219 03A815 02AE91 0F863A 0E4680 062F0B 020C45 0DBB4B 07AE5B 058F4E 0A59DC 0068B9 03C0AD 0262DD 0D67AE 071CC6 0E3FA6 016B2C 0E6FAC 08E4C8 011612 087BF7 01690A 022F3E 01216A 0181BB 080C5A 06B227 0DAC46 07E6E2 05E7A2 09C55C 0D7547 067BCC 0F616E 023C01 06D422 0898D6 0AC601 0AA619 0D7E80 050BAC 0DD5B6 088E06 02CF44 0A2119 08556A 07B4CE 0A6301 0BFA7F 0F34D5 0C43E3 0BD565 0B63E0 0A8B06 0BC063 0CB0AF 03EC52 032CE7 07815F 094708 0A8CDC 04F487 05922C 012151 03C0E2 038637 00DAF9 00755E 047F9F 0DE4DE 001682 0E8AED 09203A 0797B8 099428 0FC1A0 097E87 0D826A 038454 044329 05F79B 19BAA5 1422EE 1174AB 1E3239 16F488 18DC60 105CD0 1600B1 17371D 1205E8 12104F 19F922 1CFDAA 1D3D34 194AB5 095889 0BA214 099C6F 0469E5 0C8F74 0C5206 0059CF 051429 0895E1 0E84D1 093E0A 0F6049 0E8629 0EDFDD 07021F 0DB57B 037474 080F43 0F8CFC 082FEB 0F94F7 0E19DC 040957 0631B3 0BA5DD 0E2AFD 0CD735 09D3B1 08709F 034E56 040F60 054564 03BFBC 03F79F 0D4B3F 02F0AC 025EED 0EFC95 09F000 0D5548 0E68BF 000D09 0C577F 046DBF 00F538 072972 0B6970 03D925 0D12C3 07D842 0CE4F8 0FFE8C 0F1D64 023681 06B8E5 025FDA 052252 07F334 001FD3 0C0534 0DEEEA 095C53 059514 064940 0A4A5C 04A039 0256C5 0FFE78 097386 08DF4D 03569B 0C53F8 07A9FB 0FD742 08DF72 03FF43 046B36 01E5C4 0B4191 08A8DC 023F30 053B29 03E283 0B5AB8 05FEB2 0FE8B2 035FE5 043CAC 04DC13 09483F 0AE468 0CC16F 0A24A6 09E2C5 077B3E 0C0A3B 076D5E 003EE6 049A37 05F754 0D706B 010BCB 03F1C6 003AEC 0E4F42 0A9889 008D8F 08B7E2 05836B 082BF1 033C21 0BA179 060D1F 0AC8D1 015B14 021EB5 099A4F 0CAAEA
18BB2D 1998E7 05E726 0C242B 07614F 065D14 08C82C 027D3C 0A9E79 06C278 034709 005689 0627E7 08475B 0087F4 004879 0A9304 05B0E9 0EC15B 00EFBA 0B402B 02D139 064A0E 03F6F7 0C35E3 061BE6 0E6CA9 0E3991 0A51C7 04CA42 0BF2C6 04E2BA 00C4CB 093ADA 0745AB 06427C 0A522B 0268B6 03DF69 0FB743 0FBDC8 08DF90 0DF3F0 087E0B 0D383F 05AC28 04679B 01D753 0BDBEF 0485EE 01ACAF 06EAB9 0018DA 0EA97B 0949BF 031FB2 0B7803 0C0CFF 0E4861 0F7A85 009394 03FE6A 013C43 043708 0A64F7 04A95A 0B709D 07E301 06E376 0453D0 04B307 09387E 009740 070E30 0F558B 04ED7E 0A6E72 097BCE 0E2D47 0B6445 0E414D 09567E 0D44BC 04101D 0D3F7A 02F7EF 0039AA 0EB816 0BEAA7 027808 08D994 000D1B 0CD9E2 0F4CA7 081034 05082D 023B71 05A104 05C259 0F7E2B 0975A0 0FE338 065F17 01E9FB 098B1D 014114 01071E 0E0FB1 0CC49A 0E6EE5 02919F 06BD2F 01BD80 05813E 0CAE33 047118 005B8F 05E16B 010B93 04E780 0E043D 022071 04DD22 0D5A55 0DDE4A 01B1D6 02B755 0BC9AC 02483F 0B389D 0BE80F 0ACFC5 0CA5DF 013F1A 006AD6 007480 05C916 02DAED 0F632A 08D0FC 004B48 0EF313 0E39A3 0393C5 09FF70 05C0E3 0B0C92 025F21 07F205 0587C9 089E1E 0D9BCC 0FEDA1 087422 0CE3D0 085CFA 0D5EAB 0446A7 0EB74B 0CC3A1 05C66B 0852B7 0E601A 0B3BA3 08D9AF 050860 0EB8A2 085E06 0894AD 01DFA0 053A35 0E1E4D 0F379C 0728C4 05E1F1 06F5CB 0491BA 027139 0ED693 0C9A49 01B6C7 06F9D7 0139CB 04EAC1 0D7C89 0FF719 06C756 05580F 0CA312 098948 0456A6 03C4CE 0C5D59 068A78 0D4F97 085CFF 07B827 063F11 068957 0A2617 0DA09F 059511 0C57DC 0301C0 0AD44E 03F6F4 04473F 05CE7A 016356 05B524 00A4E4 0F9C38 0943F2 00291A 04140B 0A408E 07C279 0485C9 019D93 070BD4 0FDB44 01D561 0156EF 056C54 049544 0BB52D 038BB7 017954 01DDD2 0AFCC1 0F6C62 0BC914 0E5F7D 034DA3 08E70F 02F34D 0D25F7 0CDF37 0C7187 07ED02 066771 01B87F 082BE9 0A0059 07334B 06E469 097B09 071E77 003023 00DFD4 04595B 07F9D1 054F0D 0FCE02 055550 0D5E2D 0553B0 043E34 0C6687 08469F 05ECD0 01932B 01D5FF 042CA6 0415B0 0A93D2 00E247 0EAAA8 06C881 00C6AA 0BF0C8 04B28E 02E56A 095C8D 06E59C 0E4353 00C11D 0279AA 0B17BA 09D145 0D9BED 0B0B01 06D4CF 0AAB71 0D19BF 09E68C 0C4818 056AAB 04EAA7 08EC00 081C83 0F8C8D 034171 05B942 029669 0A9B2A 086BE7 0BCEC4 0EC82C 06853A 043EF0 014A18 0B81E7 0F3752 0E5C8A 0C1E8D 0C1D66 0856E5 02CD06 07BFF6 0E7E1C 04FE53 086A79 0C7787 0C15DA 0E875D 090070 030DD1 0F5807 040663 0C3C39 09B54A 0C0E96 02C3D8 02D705 0F6636 0838AE 069B2E 0B3E37 065388 0CC224 0AA77E 0D4BA7 0B05AD 0BAC45 0BA4EC 017727 024631 01E84D 089BBC 0BE37B 00F167 092C04 048E1E 0EF5E2 02C2AA 0D1F16 0E6F91 0F3547 002B12 038DC6 09DEB8 0541FF 0C0D22 0C33F6 086D46 01BCF6 097A76 0260A5 016226 0F8A4C 05AD33 0F2D91 0D977D 04699D 030F42 084D2A 02E28E 07062F 080EF1 0072F9 02812F 062519 054D54 022AA0 014162 0A48C0 026664 022410 0346D9 0E8772 0DDD28 0C1DA3 0472D9 0B5941 0B724D 093EBE 0D62F8 03F872 0F814D 0C37CD 00EB9C 046392 050938 0489C0 0D2C23 0BD56F 0ACD2E 0F650D 089A8A 02DBC9 0BF533 05103D 0CE4BC 0FA050 0D6AC8 0AB134 076722 0FEC2D 06DCD7 042953 04401C 08D86F 0354FC 008CD1 00571A 0ACBFB 060322 018769 0FF3B0 08DD75 09329A 07B75F 00A35F 0FFC2F 0AC07E 0D0F32 0FEC46 0134E9 04D444 0C2500 0445C0 091040 0EC58D 0B7700 0061C1 05CF0F 03B0E6 06B0FA 03E019 033DDF 01D30A 0E8D8C 04878F 0459EF 02E966 07A565 0CCFCE 05BBB5 0B8A00 00F7E4 0F860E 0CB3FA 0581E0 0DFA70 0C7B0A 05D902 030AD2 0340A8 0C4A87 0E42B9 0B6B0C 08FB84 014A81 0673F9 0BAA55 0D58CE 0B42F6 08050E 05D0F9 040920 05AC18 066183 05DA14 03E0AE 05D3F7 0B04D5 030C4F 0F53FC 045668 0E9FE2 0CD0AE 07E6EA 0C3778 0788C5 01CCFE 05844B 0B8722 034CBB 05D2A9 01C603 001D6A 0CBD61 0DA758 0CE636 05C272 0A3BF3 099568 0DD757 0DB257 0AC90C 09D593 005485 0E4CEC 0B6232 08686A 046B22 0C78D0 0DDEF3 03951D 07FBC9 0972CF 06AB5D 0E7AB7 05B260 00D237 0C95C7 007770 0BBB0E 0D6105 0BF22E 0F6430 0B7FFF 0A1580 029709 0187ED 0623FA 05486A 0240AA 029386 05CC68 0CF99B 02BBB0 0EA57F 037B85 06AC0A 0FB8CE 0873F6 098947 09C427 049A7D 00FE10 1F095F 194B4B
054B21 0838EB 072418 0E93AB 0E8EDF 0296DD 02FB09 008B86 0B209B 0E8742 0E2DE3 0C5756 0AB449 0A5EB8 079DB1 0F83C2 090E7C 0D4920 00E02C 070CC7 041901 0538D3 084B36 010C35 0B1249 056F2E 021D31 008CC9 0A50DD 093A21 0BC28C 0FAF94 0BC648 075E0F 081A62 004BB7 09B10E 0BD970 0E2A87 0F252A 0295D1 0CDE32 01A037 07A72F 009843 0AF83C 0CDBB6 092ED5 0689FD 04AA0D 042C78 04C0A3 02E527 0CB51B 06140D 05003E 04443E 011FDD 0DA1D8 07F650 038692 03BA23 08ABBB 0DF279 0A3635 073D76 0289B4 07995F 000DB8 0692E8 0DF838 089DF0 0A25AC 0E1557 08D9F1 00F06E 0697A5 0CAA4B 001C31 00552D 05C6F1 05741E 005FAD 04B74A 06C54D 09CD29 0CFA8B 0A62DF 01B185 07C130 07A57B 062F2E 040775 098FC2 0E242C 008BAD 0CD659 0899D9 0AF81E 0B4E52 060489 01487E 014C30 09882C 0C68F8 0536C9 0F52D7 000F6E 0A3718 0D7905 025918 07E37C 0AB893 0BD67B 00F163 04EDFA 0FD6CB 050F3E 01D1C2 0F7B9F 048C9A 0B93DB 0509F2 05C805 0AD66B 0518E9 01A56D 0DA598 0D4541 0506D1 06621F 01EAE5 0AEF5F 08B224 02F61E 0A0D3D 0E2906 05E230 09AA23 027DCA 087CDC 0D6DAE 0275D1 030721 0A3F97 043874 0401A2 02D384 0D2915 0EACB7 0BF629 058E34 04D17F 085237 025409 0092E2 00E208 0607B2 04A0C5 0D2822 08F08B 065AF5 017F5E 08901F 0D372D 091C86 06B645 073CC6 0C8FB2 00EBE6 013FD0 034332 032E87 014828 08CC59 087501 099460 091C88 01D192 04171C 0BA19D 01D4E0 03D0DC 01542F 00D227 0A710E 0A210A 00CD68 07C892 0F7C1B 09FD66 0D9F20 06EC30 0E1C5D 03FD37 0A6884 0515F5 07F883 0AB3C6 0A1DC6 07F191 0D2578 084B86 000471 0C24E1 026E30 00E95E 0E0F9B 07AEE4 05C285 0479A8 00A2FC 0495EE 0E25E9 0EEE2B 0F5325 081CEA 0598B5 0DA53F 04AE66 06355F 0E4B13 07FF79 0B50D9 01731D 0112B0 001227 0E77E6 0AB61A 0B5D0F 0517DD 0F98FE 0254F1 08C134 0A5054 022737 0ED4D6 04B1CA 0B613C 04F2EB 01DE4C 08CB56 09A594 087C09 09626F 0BCB0D 0342C0 0A2072 0F67D7 029164 013234 0B39B2 098BAB 0BF0BA 0B6623 0AD5E7 07F36D 08A3D8 0A101A 01847E 008144 0EEF2E 06FB6D 01BD00 05F652 0DAEDD 0268A5 01FCD7 071631 0EA626 02AA10 0DC4D3 08902B 06FB0D 08F7BE 075764 0A8336 0B474F 0504B3 03578A 079DFA 0342B7 05101E 04FA9D 0253EF 0AFA94 0437C0 050F04 0EFA1B 0DF751 015036 0AFB6E 0A5675 0A1515 057E33 038DAC 028535 18FAB5 08DFA8 0A70A3 001CAA 03A93A 0E2370 04150B 0D42B7 076A21 0B42DA 035F4C 0DF19B 02DCB7 087480 04D250 05F338 004285 07C3FE 07AAEF 04BCBE 0500C2 092BDE 04D602 063305 00E338 021D74 0E0E01 0D2BAB 0DAD6B 00D239 0B990A 0285FF 0C8BE0 0F642D 014CE3 019DC8 0CD589 0E2407 0E6B03 0B53EC 06EC42 0F6290 0D4C57 0405E6 004D19 06B176 0D243A 051DEA 0135CD 031C88 0350FD 09D2D5 0C0110 017834 0023E3 068C0A 0B43B0 0B43BC 05AC5E 03A309 0A8E9A 06620F 05B3EF 0FEA7A 0FDF16 0D94C0 052624 0AA3FE 092101 05FFF2 06D669 04E5E5 0F7177 036702 0B1261 0E301B 0EA8F3 0A07D7 07E397 00CCD2 059359 0EA84A 086074 0D2042 027E03 0BF083 0FE925 066955 0DF95A 0A7B32 0C9F1A 0C5EC2 0B0B64 065507 0D098D 0374B7 0D5782 05D91B 03E51D 0C602E 018F0D 05A049 0B30B4 0F89AC 0DF8F1 073550 079C48 0DB964 0E23AE 022137 0C8F8E 0C1CDB 0C87E7 0FBE8C 0AE719 0FBFCB 0FB21A 003CF8 013237 0E538E 091CF3 060BCD 02D927 0703B6 0B5602 0B3A7B 0D529B 0CCDFB 00DB31 09F767 013386 0C402C 0FD7A8 0DA5F6 06F635 05E7A0 055EC9 092A5A 0ADA3D 09BBB1 0DE061 0229C3 0FDFAE 028F23 065CF7 030136 03E8A9 090F8B 0DF675 078FFB 07DD08 0A5C3D 015ECB 0869F7 06E885 02F9F2 00A2EF 0D674E 09A592 094AF4 0F5424 02A476 0989FB 02D7D6 03EAAF 0843E1 0F2C70 0AF532 069716 0A9D3C 0172B1 0EC973 0E0CA1 005037 0D3C61 05DADA 0A69F1 0C2694 0E3319 0CC6FC 053A8C 036C08 0FC854 0C4897 07FEAF 0CB0C8 08FCE1 08EE04 03D2DB 05FE8D 01CD66 0FD118 0F2C4A 0EB614 039766 0B88CB 036B31 02C656 0C402E 0C6E36 060422 097405 0CF90A 0E05BB 0638DB 0A7D81 049EB0 0CACA0 0AFD6D 00C686 010E65 034E7B 0A3D4C 0066BF 090EF5 0C22EF 0D7280 0F83C2 019C16 03EEF1 03FE13 0B8084 0BB429 0BB757 065C42 006267 015498 0B2FA6 0314AA 0BC774 1436FA 052809 09ED3D 089FEB 047103 03476F 0DB12F 0E69BD 0EB075 02873E 0BAD17 076D87 084999 0B3C3E 071817 0B2130 005207
0BF45F 04A7F2 022EB6 0FCCCA 03AAF8 072A88 0D9088 052318 0B9EEF 09FC32 042250 07CC0E 03078A 0230FB 05EAB4 07936E 0DFA8D 0D32CB 0D0B7D 003A72 00A53B 07E805 0ABD96 0E778B 053993 1541D2 03FCAD 0C8BD4 020177 0D176A 023C05 056BBB 0250AE 00309D 04AB76 0F5809 0EB94E 0C34CD 034DCD 0E2DEB 094DB0 0B7655 081EED 066284 0F4F55 02F9FF 0708AC 09F547 0C8079 03BA62 03259B 04A1D9 0E2438 072366 049703 0F3F8B 0E93E5 0B6635 058067 0046A1 0A1E0C 000B2F 00FA77 06B067 070F8A 0DCC4F 053A77 0EAD66 0BD6DD 02A3E9 0C6B67 01266E 0C5A5B 08EACD 021449 0B0C26 0FE33B 019668 005741 0B6D39 086A90 04AB40 0BF85C 02B342 0E083F 07C3D3 00972F 097676 00BE81 02DCCA 08BC04 09A7C3 043EAB 02969D 02FE87 0B3696 00D32B 152FDA 0E73DF 0DCD74 03FCBC 056A09 0E7536 09A7CD 086665 081912 07252B 07A462 00BB55 0E0F92 0722A9 061512 0E18B2 0DB240 066579 0510FA 04737D 0A9D44 06DA1C 03B742 07B415 098812 045AC0 03BEEF 0FAC69 094DCB 035281 09C14E 085930 0FC086 05FB64 09A46A 01EA47 07D697 0FC2E1 0CE76F 03C9CC 0606C8 00AA5D 048BA4 079AD4 0B8CE7 029648 082236 08FEB9 058E39 09D268 05E3EF 088E5C 0B7B32 0442B9 0C0444 0C45DC 0BA50B 0F0B5F 0D862F 0689ED 00E8FC 0EC8EB 058BD4 0A6352 0F6750 025BA9 01CBA4 081B45 0CE096 0E9F22 06B350 00B71A 0F1146 0D38A8 039350 099083 067BD9 0759E5 03476B 19F02D 08FB3A 0883C4 0B158E 073A12 07D017 023010 08398A 024E2A 047EFF 0FD9D4 06FBA4 0600A2 033413 0F3702 043EED 0B4EF6 0F3900 02E792 009212 0BA990 0383D5 00EA11 0EFE96 0442C3 14F035 0AB93B 0FB0FD 08D0B1 0D4AAF 0C0DCA 0D9002 062D03 05C251 07D18A 0DF9E7 093110 0542ED 02CD14 076BDA 09765A 0F82A4 059EFE 0E4ECD 0754CF 015CA9 0DE5D8 01F3C7 03B67E 05CB96 0EB644 042522 0398D0 0906C3 03724D 0C0265 0F93C2 02C9F3 0B29C0 03488D 0F38FA 03868F 095124 00BAC8 00B4DE 0F48F9 0F4898 015655 0D5750 059156 033D21 060837 0F9385 0321CF 07B924 00B385 0F9D06 0800EF 08A947 058610 0CC150 078A93 0E8DAA 01DF95 046064 066E63 094637 0E05BC 09B5DA 0FC65C 0B3432 02C694 0182E8 0309A1 06535C 0EA39E 0D43F3 0B85AD 0E2C89 04EEC3 0DC95B 0B7F2A 009DBE 035424 05EFBF 01DC3E 032DB7 02FA75 00B8F3 0B7864 0623D6 0BE36C 0A89BC 0E8D70 0049ED 0BEB70 0C8155 02300B 0C7624 08FF77 005F5C 0CB828 098FE2 05FE32 0D97B5 0803BB 0861A1 02555C 010E37 0F71F0 055F1B 06CCE2 0EE332 060103 0395CE 0B758E 04F7FA 080CEF 0F1F4A 07E2D2 00B344 0A1CFE 0F49A4 04A02A 0955FB 022F4A 015B34 0AF962 070481 08AC37 043131 0248BA 0565D1 0569CB 072D8C 01631D 0BFF6D 0EAD66 066D30 04EF5D 08E87E 087666 0C5E3B 0CC7F5 0B24A4 020B69 0778D3 05961D 00BCB2 0D6D27 0A8739 06EC77 03FCB2 0626A4 02A9E0 02AFA1 0AD73C 0913BB 063D7E 0DF141 078750 0DD2E4 0D63BB 0DA9BC 01786B 022732 02E867 00BE93 0A5027 0D7356 05F652 0296E1 0E5969 07A133 0656F1 0498DB 0823AF 08E4C8 057D69 0E3284 0A4D6F 0492C9 08405D 0BA469 0FD8A4 0AA5FA 0CA7C0 07BC9E 0904AA 01A153 0F05EE 0CD4DA 0E6A87 03B831 0DEF9F 0FA9F0 0D9DFB 0C78F5 0398EB 0DE4BD 0DFB9B 0B1915 00751A 038407 0C4F43 022978 0044E1 0062E0 0782A1 056FE9 090D00 0CBAEC 0D8898 0D9E24 0E338F 056CEB 0308C5 0801D8 0059AC 0351F1 098414 0AF0BB 0BB7B7 043011 03A467 09DF9C 07C1F1 0D2A42 0F1280 056E58 012D8F 0D4DCD 02E00D 07B24F 0CC56E 04AB4C 01A9CC 040365 02EEAF 020F42 0AD4D3 031395 02ACD2 017208 03E9AD 0F9286 0D96E8 0FAA7E 0A1C91 0F17AB 06FB37 0AC02C 0C48CB 0746AE 01F6B0 08F535 099988 01262A 03ECA0 0AFB46 0C0FBA 066F2D 0EA4E3 0EA830 037135 063C11 0A9B3E 027AE5 0FFC7C 070A33 0820BE 018B9C 0C73DD 033947 0924C6 083171 02103D 06A617 094EC1 02D634 06EB8B 07F4AB 0E7DD9 007EA1 052185 04CB11 0D2D48 0FD4CD 028577 0D91FD 0F57CE 0C4728 0EC901 0EFB53 079028 0DB4DD 0FC9AE 0BDD3B 049532 014D47 012A0B 0FF786 0237B9 0B731E 0EF9B2 0CA6B6 02EC83 096CBF 0786D4 048161 05F52B 0C91BB 02A981 088724 0F54AB 0DB380 0283A9 0BB222 023A32 0FDA09 0260F0 0BB923 0C6A71 01A2B1 0971AD 03F10A 0E4361 01367D 0E3340 0E5CE7 0C7BEF 0FF4B2 06A392 06B310 02561F 0DF695 01BD55 004F91 091D87 0EAEEC 0827C3 0AE589 011B6A 05DA3B 049FD1 00A418 0D3938 090D53
081BB7 005A5F 0FB0EF 0704CE 090615 0BCC34 04EB24 0E3DD7 0FED6E 11507A 0E5FCF 067BF6 03FC7C 00051B 081A73 02CD20 09FBBC 0454B0 0F57BE 0AA58E 0A4406 0A3C9A 1FD49D 0DB3B7 0916DA 03D23D 0E1C99 02A0FD 071CBF 02498E 077E0F 0EB89B 1D1EA6 0036BE 09F5F6 021E8E 0EC155 073B1D 1F5670 06C79A 0F4C1C 0403FD 0E93FF 0278B5 0A6655 087B11 09A5B7 02FAAB 075C80 0A31F8 0C70A2 0BD712 03744C 03DA63 084CF6 08F352 055715 0EF1D5 02BF15 07B453 025AF8 06D822 045591 1B0816 05C949 012161 089928 0625A1 063AEE 010534 0F72D2 0CB033 0351D1 0AF315 0632CF 03E213 04BF42 0627B5 096970 0B976A 0E2FC6 0CE667 0FAE43 082B6B 0665E3 07AC3D 0F0D5B 0C6322 00464E 09B77A 033776 094046 00CF7B 064EE8 0C4628 0CDC79 07FA12 0D4442 06B555 0AB34E 089F2B 03E587 05C9B7 0F7290 0A01FA 011EE7 0D99E3 0BE10B 009E93 02CBDF 09EBF6 06AF75 02A7B5 0663A1 0DDD6B 0ACFB7 027138 0E8737 0DDBDD 0D5859 0C9D2B 09FA94 0DBC17 0A46BB 09803F 0EA6EC 0B1EEF 01C791 09FF14 097EC1 09E749 0E5E80 055602 0887C5 079CAB 028A57 063D44 047E2C 034883 00E215 08B7FA 0E7C6D 028FB0 01F955 04C8DD 083D58 03202A 0B0B2C 0C88AE 0E879A 09E6C7 0469FE 09F92C 0BBC18 03CDC7 07F53A 0753BA 088699 0B373A 05B4AC 06F8B2 0B33DC 0D4C49 0AED1F 097B98 032477 0BB6C0 0277CC 0D78C0 088190 0D0E83 0BD5BE 0BFD9D 0ADE30 0014C3 054FA3 00D090 092D89 0ED748 0C2D15 0BE4B8 0321ED 03FEB4 08169B 022C7E 0BB981 02B5DC 053B06 01DDA9 0F29B4 0854E5 07E610 08B23C 0C02B9 093B7E 0FCE37 007BED 04B549 094B60 04F3B9 059DDC 0457DA 019E12 004359 0EFFD4 051C23 013299 0C8A55 0EB08E 037B11 028DFF 0B1151 06BEEA 0EF90D 08A8E4 0B82D0 039E5C 096557 0DE82F 06DAF3 0A17D9 074EF9 01BD0B 025D1A 08CDB4 09B199 093BC9 053C94 06E29F 03C4F3 0E0288 0CDB9A 0918D8 0251FB 0F282C 0EC422 018FE2 07BFE3 0552F6 02AE10 062F3D 07C8F6 08AD87 0E6C31 049494 045DF8 0646A6 0FAC3A 00E2E5 0D69D2 0263C3 0F19B9 05FBC2 0E1FB4 0ED092 046865 020F4E 06A213 01A7C8 073F87 0356C5 0B3A32 01EBBD 11B2D4 0627D0 0DBD33 0327DF 038FE7 0608A8 02F54C 0476D9 02959B 0BB143 053193 024947 05C614 0AD675 026003 041C8D 0B73F7 0E10EA 05E998 068936 0DBE95 09DF4F 0172E6 0A3999 0D3B39 1E3396 034779 02B1C3 0EB28E 09C0A6 09A1BF 0B6090 0D8FC2 04B8A2 063E05 06061B 0752C1 0D324D 054237 09E564 068B34 01740B 060C8D 0B7D96 0A1B84 02901F 0EC536 070068 0B3899 013FE1 16F35A 054F32 089716 03E235 0C0199 09ACBC 0F1A00 0FAF6F 0758A3 05DC53 00C35D 08B7CA 014C97 053A0D 0D2782 0E1092 0019E8 0EB79E 12E7FD 0EE529 04CB14 085B8B 0AB99F 0A0B8A 097B29 05ED21 04203D 19B664 0E2CA7 09E582 07AC34 0C11A2 09857D 020713 07D12B 0DD451 095E64 0179D1 048F79 026C12 06F5C5 0D3152 0A1D2D 0B78B9 0997E0 0FC959 0AECEF 0A189B 01CBBC 0B0C79 07EB8A 00AC7B 0456E2 020F92 05C9F2 0FF743 05BF9E 0F48FA 0B394D 061F81 0EC063 034BB1 00EA7E 0C7339 0A15A3 08C8CE 0429CC 03C4FB 025812 0F4866 044773 0C4B31 027E8F 08AC7B 09927A 085071 0D83B7 03541B 0A512B 0A5DE7 0780D0 07BE27 0E3047 0F50D9 03DB27 0D656D 00E6A8 0965C5 0537CE 0F2B82 0E03B5 00AFC4 014D09 01AEF6 0A2C85 062276 0F55B4 0E1C68 033BD7 04F26B 0CA401 0C50F2 032274 0DB073 01413C 0C48CE 04E03D 07151D 0C8604 0D659C 05FED8 0B1A1D 0D6FF1 02AEF7 0A508E 001E3D 0AE1AF 033FA4 0A66FF 0913F1 04C128 0A9A1C 09002D 05A234 1BD1FF 0C2EE1 088415 09D761 01A241 0E2C3B 0F987E 032E75 0C2951 0214C2 05D40B 05B723 0786C7 0152C6 17BE41 0DBEAC 0692AA 083652 016D85 09C401 0D33E7 01084A 052918 0E9948 049A6E 076B11 0D1957 05990A 0AC664 0C7C49 057BF7 065781 0C5AA1 0F614C 04EEEA 09BC44 0F58FF 00A866 00316C 04E813 0C6E81 0934A3 09A0CA 06CD7A 055513 0949F4 007441 0CBA73 00D42E 0EC4FF 0370D4 00EDD0 043783 0CC9F3 0DF121 026741 0DF4EC 024C13 12EBD2 053372 0BA141 0CF501 05ACC6 0687AD 0207B3 097764 06DF7B 0A5B3C 09774E 0EB14F 0FB61E 0C881D 0FB49F 1BF91A 0520A1 018C79 02BE86 0D8FC5 03DB7C 0CFCB0 04301E 0810D6 0835ED 0600D6 0254F7 0F8114 0D3655 02E4A0 05C574 0921F6 03BB13 0352BE 0DF19A 0129C2 0A6DA3 090BC2 00D9D6 033B39 09F25E 0856C0 07B73B 078642 0F0A64 0EB203 023688 0BE278 05DB75
0E5CF4 0A84D1 05E100 069FF0 0D2116 076633 0FC9F2 01417F 0A9DA0 062F1D 086475 0FF00D 014537 0A015B 0A84EB 0CBB97 015ED9 11A977 079DE3 01645F 04C1FD 0AF023 0BCF40 079646 098253 0C3420 09D0D3 04EEBF 0CE132 0825B4 09B237 0019B6 0FB4E7 05C9BA 0EB848 03CFA8 0833FC 061DDA 0FCFC1 078E90 0B8E92 0EC2B3 075530 05EE71 072BF0 06AFB7 0B2B9E 0C987D 0BCC6A 0CF3D9 04C88F 06FEC2 0F180A 0E08D0 0D7C41 06A891 004B8A 031D34 0C4FB7 08CEB6 0CCB5A 054162 0EACA5 093E69 0CB10D 0F4193 012300 0B2586 00C5E4 07AAD9 034565 027F9A 078B1A 014A14 010959 085D68 035FC7 087499 09C2DE 0C21E6 007081 0205CD 0456F8 06F04A 092912 06194F 09B38B 027D4C 13364D 0F7114 019143 0D2B76 0FBFEC 0E600F 0C502B 051FB1 06130E 0F735E 08D234 1CB479 0E9957 0E84D5 03AF95 0D0E95 0CE09F 0FF750 0F3173 01516D 0C0836 005399 0FAF8F 016F4F 049D50 06E8F2 00062B 0FFE7A 080C1B 05D2A9 052839 0C94AB 019F4A 0565B7 0C15A5 0A2C68 0EC452 0790A1 037810 0EEE41 08040D 0E469E 014625 09169F 090C4D 0D6634 073A42 1ECC9A 055CC4 0620FD 0FF477 0218B2 0555BB 08D2C1 02C143 079086 017E2E 0E8CC8 031819 051966 0EF696 0EF881 0CFDCB 031C07 0531F1 06EF10 0816A1 0BBB6D 049070 086E16 0D6230 020C7D 084FDD 0129B2 0C0F28 0A30BC 08A2BA 0D6D00 02BF41 0DA09B 0A2976 0C77A3 071479 0FAEBD 042C97 018603 0E9802 0637FC 0582F9 07485F 0B9788 0992A6 00CD7A 0E7302 06E83E 02DDA7 0726FD 0ADDBB 054EEC 0FA292 0CEC12 0DC6BD 0429CD 0B3310 0F2C0B 032A31 0BBEFA 0EBFD4 09B80B 0B2C11 07CE1F 0C1F5A 089FE2 0FC10C 05DB7F 0F5537 0BA352 0B38DD 02838A 02D16C 0974F8 0932BC 05C1C3 000F0E 0C1399 0CB108 08B972 01DD66 026B35 078C29 008C08 04903C 0BEF66 059C20 020AAE 00892C 080245 0497C6 00B8DE 0FC89A 020A04 0FFB00 089C43 008F8D 095C1A 05066A 0C529B 01CC15 06B64C 009DBD 01444D 0F261D 065EE8 0EEAA4 0A25EA 0E01CF 022C87 0B0067 0CF56A 065BA9 0BDCC0 0228B8 0C7EF1 0EFD59 09CAB6 0D3760 091C90 07F93F 0F24DA 0DE078 0BB806 02A655 0DB635 0F6F0A 0433B6 06E670 015CB2 027ABB 0DE00A 064B8A 05C058 09EF43 0C2D1A 006FE6 01991F 0F8E15 0081C3 0594FB 0523AB 11B1B9 009E39 0BB679 085A39 0CDFB6 058337 0C0AA9 0A000C 042046 083341 057209 07BFCF 071937 0D3E36 0BA6A8 0BEA6B 0C54F3 0A9EB7 00BAA3 0E43E0 056971 0EE43B 016BB2 024AA3 0756C1 07294D 05BE1F 046F0E 0274BD 00AC23 0BBA1F 09D677 115D95 02BA8E 0C68AE 0E4A96 086498 0838D6 0987D3 0609A1 02E381 03D821 0D0D15 02C921 0A7D86 072AA9 0503FC 02A319 04D434 0DF958 0CC29B 06B910 05F52B 0F8319 0F13B1 01BA16 07A698 03CEE9 011308 15E7AC 027F35 0491DF 00FDB6 020802 03D92E 0B002D 0DB485 0D3AC0 05CA14 0FCB18 0A15C8 091151 01BFCE 0819CC 0D29DE 1D5698 0A052F 008295 17D71A 05EB94 0CD6D4 00CA91 0071E0 0A285C 0A8D35 01267C 0A9100 08854B 072443 0C3146 038493 037213 0FC0B0 03DBD3 00A6F6 014E8F 0FF916 081574 08312F 097D69 050679 0F767E 0E693D 023DAA 065AEE 0B901F 0B57F2 02D91D 02E696 013FAB 0F714E 01CD59 093F35 0B6821 0F506C 0F34DB 02E537 01A5AC 0EC24F 05DA44 0CB96D 002294 0DADDC 0078B4 068645 04A6BD 0A2E87 0D229C 0BBF78 1F1FA0 04C08B 094DF8 07269F 0CC4CF 0834CA 0B2F93 085473 0C23AA 005A13 0F2BED 077146 0DB0DA 066AF2 0AED82 070703 0924A4 0D6754 08095D 0A66C0 043B31 0EA38E 015727 003BB5 05CDD1 0DDE73 02C22E 086260 0E7D56 14419B 041C9C 06869F 0E7A79 07D8ED 03D306 08B5D0 0E7CE1 094C7E 0E45FB 01DD56 0E7E55 0B8712 009D41 09F78F 019508 0D583D 03BFD7 039DA2 1FB32F 0F0914 040788 0F5E1C 080287 02A83D 023193 08DEE0 0E7FE8 08B975 052695 05D2F8 0E8EE4 09F871 0F9C77 0128EB 06B3F8 01616A 0C412A 088582 0008CC 00BEB5 09146F 0F1643 0CD67F 0BC09D 077299 08E10F 060BD5 0C74AF 05B78B 0ECD2E 07DEF9 02F93C 0E06FF 060EB4 0DE77F 0253ED 0A5B39 0D8EFD 044216 001D3C 0F5DC7 02C54F 06EB20 0A5C88 061B62 081CCB 041156 048EB9 04731A 06C696 00D723 009462 067F2E 0C19DA 0D7030 0B59BF 03F839 093A7E 0918B3 09D74B 0B184B 0B179C 038F7D 048B17 00D129 07393A 034936 095A3F 0981B0 02B684 0502C8 0078A5 0E9E60 0923D9 094183 0F2F32 048E75 0EAC9D 0E43C4 071A60 0B3E63 0B4F16 0B7BCF 03A737 19BD4E 0E70E6 012573 06F541
072BAD 06C79A 0035C6 080E5D 078A33 032025 169977 0DFE12 000D08 084F37 070CFA 0E8C66 0E49D4 0C34E0 02BE31 089C2E 0F05FA 0D0BE3 06E13A 0257FA 003128 0B01EC 0C1541 092A1A 07443B 0113F1 0CB0BD 0A726D 0CC3C0 0C9F2C 0AA6F5 098A11 0F289D 0309E4 0C2C09 02006A 0BB763 01F082 02903D 0345E4 0C5F10 08649D 036883 0FDFFA 0962F9 0CFA5F 095D52 0C5B6A 0B4BB3 0171E0 0634F0 0D098A 04928C 0113E6 081AB2 0F44B2 04A889 0254B7 0196ED 0C6724 09E5E1 0962E6 0AE5DE 0F6E1A 002015 0234EA 0D0C9C 09E995 030166 08A56E 037177 01E58E 0198F4 0BDD5D 02211E 0392EA 07DE58 07DFEA 00184E 0D28F3 16E01E 0475AD 00D130 0976AF 09F20F 0E28B2 0D6789 0E9C31 02E6D2 03F445 0A67C5 00BFD4 0C08D2 03DB6E 09F6F1 06F5A5 0036BE 007BAB 0FC766 056A5A 110DCD 0E2EF6 08EFAB 0054AF 0AD8A8 03C7D4 0B175E 0338BC 0422A1 06DC7D 084980 0BB1C4 01709C 0BCD0E 04043C 0A90BD 0223B2 0FC4E9 04334D 0839E2 0BD151 0211DA 03D357 0E3D50 02E1DA 08B241 009FB6 08A2D1 0F981E 04145A 0D58ED 07C6B4 0991BD 00A7DB 0485BE 0E5951 0D6A88 05602D 039DEA 05E788 04048D 00B05C 0F40B7 0D6FBF 0D3AE5 0D812B 0B8173 0A0AD0 08D429 0FD4D2 03AA9D 0599FE 096BC6 039EBF 0E508A 076F8D 073CC1 09182B 02FF41 0778CA 01D169 026ACB 0D1424 074D96 076EA1 0AC64C 037D45 0FEF13 0392E4 069CAE 028FD9 0224C5 0C5B00 0E16DC 027705 01CBE0 0F3C2B 000CB1 0D8384 07F444 042309 0F559D 0C9711 0CDC40 0437EC 03E806 010418 0E29D2 00C9AB 0AE668 095095 0E3C1B 02A254 0E9EB9 085B7C 0BB47B 0A3099 0FB1E9 0B6BB3 0FBE4E 06433B 0AD2AD 000C6D 034CCA 039034 0FCEB8 0F610A 06FADE 060712 07B96F 0E0AAC 056733 06205B 0DC458 0A7813 05CCDA 03BC2D 0E00F8 0799DE 07EA31 08F90D 0A2147 055A1D 0D3D2B 0F4440 0F6523 09D51A 086770 0A06E2 007C80 05757C 1B33D5 0F139B 0ED927 0C3664 02EBE0 0F0943 000ACF 0D9E2F 08810C 036C4D 05B258 0D2451 014BB9 038599 003F8E 098726 0E7AA0 06A24A 0AC2B2 0E4B36 06E841 0C542D 00E4EB 076971 0C3900 038798 0B081D 0CAFB2 0734D3 082949 006C04 0A68AA 01BD91 0BA4DC 01A943 0D7346 02A0D7 006193 0AD0FB 07A39D 0E9145 07FD3C 04D104 0C142F 07B2B0 0C72C0 05E2C7 005767 0153F1 0B4F04 0340D5 032AF8 0A2FC7 04D77F 03AB11 02922B 037CC3 0716C3 062D5B 079AE5 032FCD 02026B 024823 12A1A3 092C9C 052136 0F2A08 0633F3 00DD6B 027D58 0B7C8D 007FB1 04D8C4 0B37F6 0D9E91 0A0C8F 047F48 022D21 01FCFF 0C9581 16B8B3 0C472A 0D4B95 0E42F0 06FA94 0C13C2 074633 060F12 03FF8C 05F906 052EC8 070030 060864 15ABF3 0F29BF 07E33B 080E07 0B52B6 0B8BAF 08EBF4 0C17BD 039676 075DD9 0C4957 06065B 0D3DE7 03C36B 0EF5EE 037D8D 06C2CB 03576B 0F21A3 00D874 0A7912 0A7475 0DA4C7 068949 030B1F 03AF99 0F9AB0 0FCA48 0D8E5E 0C045C 0311BC 0CF3B4 0DBCF6 09B8D1 0166DB 087F7F 0E6D02 096991 078788 0CB579 0D2F10 0FF794 066A31 0C96D8 0FEFC4 08E313 04D4A4 012BC2 01DB5E 03B8BE 01C41B 04EBEE 17508C 0B469F 010E29 08CCE6 0A3926 07C7F1 0DD97F 0A1D67 027057 02B58D 030C80 04E93C 0D505E 03AE9C 0DDC86 0008FE 03C404 0DDB98 08EF7C 0B3714 0975D1 08C234 029075 0E5D30 0664C8 0D7B88 0187BC 0A1BF4 04E253 0EDA06 045758 07DDDF 049808 00B28F 1F3EE1 002FFC 09459D 0EADEB 0225C4 0A6584 0E366B 0B4C1F 04103F 0A1624 08D3FB 02E407 094D3B 09FD56 0C13C6 040BA3 0BCB20 0603F7 065CBE 1EB68B 037652 045683 0908CC 0DB935 06C897 081FF2 0A897E 05DB47 07AB25 063CC7 0E84FA 02B722 01CBF4 09C1CC 0CCBCB 0A9D47 0A64CD 010D3E 0775C7 05FE24 008594 0A022A 0AF09B 0E3C40 0B7AE2 092F95 06B50C 04FF24 09676D 00814A 05DC4D 0B71CC 0E142A 06362B 0BDBB4 066CB4 0B04E6 057DC0 000E60 074D33 0DD511 0C2715 0C3FA7 00093D 04F92F 0EE8CF 036BF4 063913 0E65AE 07A80C 08EDFE 0A74BF 040D75 050228 02D330 0745AB 08E36D 0EA394 09E7C6 060585 08AC53 03605F 0FD55F 092B30 0B1C43 0211A3 0C67CE 0675AD 0501CF 1EEB90 0D4035 05D4C9 0B50B4 0A0E4D 0652CD 018750 08F0A7 0D47B8 09C642 008967 079424 01BA81 01CEC7 094AFD 0A233A 0ED4EF 028843 09C8CE 0B92F3 0EE644 0A1A8E 0B94E4 066545 0C13A7 0CDE9F 07FD4B 16ADAA 02AFBF 08025B 00A1C1 02F5AE 0B623B 0138E8 0E7435 020FD5 0E566C 0C6B43 010D75 04B0D1 00DD92 0E2A6B 0AB8AD 0B4DFF 0CEE5E
0FB818 0AF95F 06D4D9 047244 08BD7E 0010A8 00C4E3 06C1D7 06EE40 038EFA 0C72CF 02D751 0ABE89 0F0187 05F5A6 05529B 0C5C94 07C274 0BDC61 0A2099 0E1A96 0E94EF 0C7249 0D1BA9 0E061D 020AD7 0DFBC2 0668CA 0C8D7C 0E1802 01B9D4 094A1D 1BCCFC 0FD701 077A2B 1CA481 0B0F5B 031DAA 05B7F3 0DC7EB 0FC6F8 073E32 047EE4 034BD5 0CB587 0E02A0 0939F3 0C763A 0663FA 0CDC42 0997B5 0DFF31 0087C0 0C4113 0A9C9F 0185C3 0608B8 0BBB8E 0CB6DA 0E8573 0AAD96 0C538A 0CA06E 0BB4DB 077047 0EDB7C 021243 1208A8 0AFACE 02A34C 071334 119C8A 093898 0D5E0A 084728 0BB564 066098 03D17F 02E243 0FF2C4 0DA85E 0221B3 0B5835 039DAF 0CF087 0D60EB 03A9FF 043D70 033CDE 0B79F2 002074 053088 04C7AB 0EB5FF 03B665 059478 0255B6 0611E1 0049A6 02527C 01702B 05E08A 05D6B2 03ADD2 0C95F8 06A472 00D0FC 0125C9 01AF19 02E2AC 0B4930 023339 0FD62D 0D5D64 0C1F0A 0EB686 04DE09 017CDD 07CECD 0F0D9F 0F3744 0B6412 0BCB65 03ADB9 00B61E 0E734E 0CB785 0C9433 0D043D 00F5F4 044DE8 074863 0C114E 0ECE91 0D4268 0E4DBA 0DFE88 061DDA 1DB2F9 0EEF50 0791E9 0CC6F6 08418A 0CEE1D 0CE3AA 0C1B4A 0795FF 0E67EA 02340F 0FC7F5 038584 01813E 032923 0FAD7B 03C8DC 0C73B6 039BC5 0BC606 0CB625 0C872F 0F3205 0F1B6A 07BA76 03DD14 02C9B7 0D1D47 0D9B67 05456A 042DB0 0FFBAF 0ACF99 047A1A 0E68B6 0679F7 07FF43 0297A9 065835 012286 0DC0C7 0CDA5B 0ECA77 07D025 0F8508 0DA3CA 07B7A6 01882D 06C1F3 05F1EE 09B21C 0491AE 0802D3 05A99C 0F6CA6 0C0CD2 0BB2F5 093F5B 0EB2C9 0ABB53 06A302 06D9D2 040A75 0C0238 05547C 0AA828 08469E 0CE83A 03C197 04152E 0E5584 0FFE6A 037DBC 0BEF64 06F4FC 0172E5 0D240A 00778C 0947CF 083A7E 02B16D 03014B 0E9AF7 0CBCCD 00ABAC 0E5A78 0A7E7B 08EBB7 073A81 0FC590 062E3A 095635 083C73 0F9B02 075490 01037A 035117 093F2F 0A10AB 07A3F9 09A2F8 0D31DD 08F278 0C3B2C 01C59D 0591BC 090C5C 0AA590 04DCB7 02BCD0 024077 0845E7 0330BD 096FBB 0C789D 02A7A7 03A832 0800C7 0406BF 05C3A9 0A231C 0E32D0 00B7D1 025732 028A34 0B6B0F 00F26E 0346A7 0A2AE0 0B80D3 02394B 02AA7F 0A3911 0BE3CD 07EEFB 00FE25 070647 023C46 0D3C4D 091C6E 01B20F 0A1F9F 04AD72 0A3B1F 012DF3 061890 0FB296 0A26B2 0188D6 0C8B3B 0F5976 0BA6AD 01AA19 012031 038432 01E0A3 0743FE 026DC7 05FE22 0CA2DB 04D64B 0A1493 058C94 079B1C 01C10F 0E6C8F 0F5BD1 0A0EA2 07568D 089B98 0DC1A3 05E6B5 09F6F9 0F1C4E 046AD4 031575 073FB8 005928 0B7A23 06A753 0C0488 06CB6B 0FDC24 0017BA 09480F 05413B 08D8D1 0AD2C3 0618D1 0F3B59 0374BC 04717F 006B4D 06DF30 05263C 0F8AF4 0CE832 002158 05DBEE 01CE1F 0AB3FD 000AE1 0D073C 0F331C 0D25C6 0E196E 0439B9 0F91E0 087F70 0364E5 0836B5 0B33DC 002653 0E87E4 01BE89 08D0E4 0CD88F 000E52 0CE4B1 07B95E 0BFC87 0C0A11 0AD242 093874 0AEEF8 048616 032E3D 0C59A3 0391EC 07FA84 078FD3 03F10E 0C5C46 031DCF 0A9D7C 0A8687 0EAD44 09D8D6 0F37B4 0C09C2 0D5859 02C052 0498C9 01C44E 0164D9 026BCF 040A6B 0F0D34 0FACBC 08C9D2 0D9494 086718 0D9580 069253 0E39C0 06ED8E 04E0D2 03D8C7 028A08 0362B7 06504B 096747 058EC9 02862D 0A1047 0399E6 020C2F 007964 036B70 0588E0 0CDB08 011585 00AD4A 042EF8 0FF3D7 0FC846 0E741B 04F2A8 04AA9C 08EB29 040497 08F4A5 031AC9 015EEE 021B74 0017C5 0F4BB1 0C2301 051B42 021844 06DF1D 0E7800 0ECF4E 09AD2E 16327C 0CC784 05D18C 0E7532 02BE51 0E31FE 0012DF 05E32F 073064 08617F 0BFFCA 0D97EA 030EBA 04A0FB 08BCBE 092E5C 0FA7D7 0D00B0 02F61E 0F6962 0030C9 0A282E 050D29 06ADD3 059850 0B34A3 0BAA4C 041BA9 095297 05484A 0B88F6 03B635 088FF2 0F0557 09E67C 0595D1 07ED79 04CCDC 062AB7 087648 072D52 0FD314 0B3F45 0FE4C1 0CB5A6 0F54C5 0B2698 0275A7 0196E7 0C1206 061759 088A29 0C4D29 0F10B2 0532CB 085A6B 045A2F 0097E9 0BC669 07650F 073107 09D69D 01485B 01F0DF 0C156F 085329 075ED2 002EE2 0D8D1C 0D3911 05F16F 0EC546 0D0F07 0625E1 053C4F 05ACE5 048DBB 0DA80C 0B39F1 06478E 1F4C44 0E9A2A 0168D9 04B512 06913C 0F5389 0A19AD 02749B 0297D6 0AFA45 078C98 0C4655 0F8F43 060FEB 08B13A 0AA73D 0DB019 0758F2 0D89F4 07C2D7 0AEB12 0121D4 065E58 0D9A82 032C2F 0A09B0 0A4E1F 0A01B7 098BDD 0E3E36 0CBA25 003CDF
0921B7 0E4420 17AE02 0CDF92 046C29 07BDCF 0EBF5D 0D94AA 0A9448 07BEFC 023563 0F0484 078DEB 0931AF 073E00 0013CE 02BE98 086B71 08ECE6 00164C 0E948F 08AFAD 09BA0A 032A75 02D549 086400 0ACA28 091F08 0CD0F3 070475 095964 00BEFE 002E1F 034BA8 039431 0E1F90 07D43C 03F4BE 00456D 052EAB 00B05E 02291E 08F647 0B2A24 02CFF4 018963 04D23B 092459 008F4E 0C6C00 018FDB 167B05 01C372 0634A3 0FD5F8 07EA79 0F7125 0417C1 0BC70B 04B9DA 0BB647 02E61E 0644AE 0D73C3 1706C1 00668A 0E2FB3 0067B3 0F195A 0459A0 030AA3 023EDF 08E384 075C87 0735A2 05C030 0FDDAE 0324ED 05EE03 04E429 09047C 0E74C7 0B85E6 01D15E 092FEB 08EFFB 076F35 011715 07F538 0B94A7 024194 03ABC5 01D057 0FA735 084A62 0603CA 039EAF 0463F8 01ADB6 0D24B8 089439 068C9E 0E4884 084086 0488A9 07EB00 084661 0EB9D8 0A9BD4 0139BF 093CB4 0D336F 046823 00C163 09E891 04BD06 04D019 05099D 00474D 0A0BB5 0202DA 0DEB3F 0D837C 061C07 04304D 0DDCCE 0084D2 082346 0784BD 009D0C 0CE75F 092056 0C5762 045E3C 0B3404 06ECDE 0093FA 02AB6F 1E2790 0DC7BD 0A2087 08FDDA 021C2E 07FC57 045755 04F798 0B73C8 0043E0 02EA74 05E399 091A63 0F1126 0040B8 07FDEB 0F3D0B 02AB51 013D19 0F4FA9 025E0C 0DAB0B 074006 0A158C 043D55 06DD4B 016F83 031E9A 0C9B26 0486C7 0F8F13 03CDA8 08D8FF 043C49 0EE09F 0131D7 0D362E 04023A 0B35D1 0F471B 0FDE79 0A92A9 099F9E 0EB856 017E4C 1C62AB 05033B 0DC44F 0CB4F4 0244B1 0AD64E 06F9A4 0B3E84 0AFFCE 0FA3C2 069CC9 06F027 08B6A4 011ECA 03E3F8 0AD30A 07B7FA 036B65 0611C7 0D01CC 03D91F 069409 0EE8B9 029888 0C9260 0AD20E 039FA5 0D2DBC 07BB25 0DEAEB 0DD61E 023899 0A2AC9 030478 0B139B 0841C5 020D16 05647D 0B50B4 0B555F 056B40 06B32F 07C6A5 0BC896 061E7A 058E30 0F3DFA 0A2FC6 024618 0EA506 0D0F40 0D5B47 0FDA7D 02C5F5 07D1F2 0DCBFA 0A1C87 0B7AC8 057AAC 0974E2 05B7DE 01B7A6 0DDF7F 001EEE 0A29FE 06493D 05B7A9 0EF891 0F5273 06ADC8 07E711 0110C9 0C8CCA 0C0A65 0422E6 0108C9 048CB3 09F1DD 0997C3 09B9CE 045E9F 02533B 00CACE 0E59B3 0C2C3D 05C941 06F386 04FA8D 0AC1FB 0A9481 0E7E4C 04D8D5 065117 044BEE 042157 0B95F7 003A40 009C20 077848 0B9B85 0A2986 0B671B 059A26 0A5690 046A74 05179C 0DDC76 074E07 08AF5A 0E6DA2 0CD8D4 0D89FC 0A0CDE 0C303F 0E7041 032A01 02AD57 049365 0E15E3 0B6D75 00595F 0154C9 00D865 0BE265 043E52 0837F5 04CA79 0C2698 0EC068 0575E8 0D34A5 02F612 088DDB 08F591 0AB1A0 05747E 0DF085 0A47E8 104745 0C3974 0EC983 0D165B 0EDF71 0E49F7 05E8FF 01C749 0FB3D0 00E03B 03B860 05C554 05C01B 0D1623 02BF37 071399 000AA2 0D5793 031648 0413EE 0B540A 037D99 052CD7 0DC67D 07007A 07A002 0D3150 0704BE 0D0154 04B22D 049C2F 0BD943 07CF8A 059404 0C9158 0A5EFA 041BE2 0976AD 0F0C6C 043C2C 0AED41 0FCD8D 063BA2 0A9EF7 01142E 0120F5 0DBD80 04EB07 042E94 046C8C 0B51B2 0A1658 0BBB23 0AF528 0651D8 0228C2 084032 059685 08D94F 0E2A75 0BF842 0C0112 08A164 0299B5 032C99 03AB4E 0384AF 075B7E 022501 081683 0DFFFD 0A43B2 0E4EC5 05BCA1 0FAD18 0F14EB 03108D 09D2E6 02961D 0479FF 06E8A1 02E504 09394B 04557C 010E93 0621FD 07E909 0982A6 05D045 0FD9A2 06EACC 0C9D11 0E0502 0A16AD 01C2CA 0CA6ED 05AABC 018D4C 0A6F23 0429C5 0FE16C 051A74 0FB798 0BBFD2 0A85C6 004EEE 0B8783 026C15 0B731F 06CAA6 0ED96C 018907 08C8CE 0DF3AA 098FC1 03AE43 006C0A 04D606 039999 093074 077AC9 0B67EB 09852C 085F81 0F310A 0590F9 072D50 077E24 0E9E8C 05A5E3 0C8B9B 0C773A 0C4F20 05841B 0B0078 06AFB2 019D04 03EF6D 0AF889 00DD3A 0DED99 0B3B1D 0EB72B 070064 0F9404 0F22A4 0C973F 06FCBE 0252AE 0CEC85 0FECA7 0D2CD5 0F5AF4 095DEC 0AEB38 03C49B 05128C 0FFE06 05A3DA 0CC769 099E17 1B5AD4 04961E 0AAB36 0B7CC7 01C822 07C0EB 0579AC 0405BF 0693C5 008348 0E2BFC 027390 0677F5 083E3C 08C19F 0A400A 0CDB77 0027BE 02B6C0 04F230 0129BF 091AC7 0EDA82 0ACC34 0F8680 016A20 063D9D 0F0BA5 0A66E6 0C4607 066886 0A072F 05D10B 02EA57 038B9C 0D81B7 0ECFC6 1E8003 09990B 00545A 070797 092021 1FBD65 079983 0DC2E2 051EEB 0C950B 0E2D13 05BE08 0006F6 035E3B 06669F 0A922A 0B3883 0AE02D 0B7D37 0F2CBA 08939D 0D3C9A 0DE89B 056334 0DBD9A
024376 07EC99 139E12 0B12EB 077638 097523 074F2B 01929F 0471B0 0B818D 05A2EB 0C307C 06E150 005B74 06590A 04B43B 033CD5 0B2352 0543DC 1B2EA0 0A92BB 130C93 0E0868 07E6D1 0E9143 05926B 0E4C49 0E81EC 094168 00CE22 0B8F01 087CED 12E67C 03E305 072077 0E8FFF 015D0F 0769F5 0C328B 059792 063151 0C8C2E 02D0F8 008E40 066C1A 0B6790 0045E4 0E1F0C 0E1969 059CAC 0CE080 0DD84C 0FFFDF 00A600 0EADE2 01DC9D 0027B9 094E29 04E1BB 08FDB3 09BD7E 0482B5 0C0BE2 08B7DB 0D4AB4 0347D3 01B9EE 047A0A 039430 04BFD5 02D095 0BD706 0723DD 0DACC9 06C49F 0E2981 0240E1 01118D 060C1D 01CC06 049749 0E4835 014AE9 034177 0AC93A 0FCD09 00FC7A 0982D6 093219 0F7008 0071A3 0E893A 01316C 0C07F4 0075BC 00269D 0567E7 05A96E 0CB24D 05445E 094599 0B8770 00563B 0673C4 0CC6D3 079013 0C1CBA 02A828 0E5CC5 03561A 0FFE17 004326 07ACBD 0B8252 0EFE38 04D05D 0A21BF 040DCF 0B7029 05486A 04894D 03D215 0667B9 03A894 00D34B 069B35 0B7118 01CC5A 032E5A 0B8FD2 01C979 00B7B7 09CACD 049640 03A6B2 0F1DF9 022E4B 0A16A6 0DB782 0B5C00 0AFBE6 0C9C08 02E158 06FE80 0686C8 0E3008 1A8272 086F64 08FA63 03AD78 0C676E 0CA25E 088DD0 065205 01E41B 0A2CC7 0D7729 0431C7 0621EB 07531D 0ABCEB 0A96D0 047DE8 00D92E 0ACB54 03CCCE 067329 00BA27 149F79 04173F 024C05 0D85C6 06A307 01D84B 08BC81 0F30D7 0DDDD6 019041 0763E6 0CA84A 044828 03AFFD 0389C6 0B9156 0F1FE8 0DE0BE 08C7DB 07465E 04D024 06BF1E 0D8BA6 0A4F92 0D4C0A 0DDF85 0BACDB 056CBA 0E5507 0C78D9 089EB1 04E8EB 0CAA41 07CA27 0370F1 0F2144 0D3A53 0C68FD 0C4330 0A9FE0 0B438B 05C345 02A36B 074400 0E0DAF 0D3E23 191C64 095413 09CF9D 0E3168 040239 0F7773 0D4083 04AC55 01E8E3 0AE4FE 036AA0 0B383C 020A25 051B09 034001 015E17 0C84DE 039F39 0EF5A3 0F1451 0EFA80 00F637 02421A 0E0554 05ED5D 05F22B 063912 01E584 08284F 053C66 094B73 0B556C 055C8A 052A22 0208BD 061EC4 0957FA 04EA91 008772 0DF95F 0E6D7F 0C3250 00347E 0AEA07 041182 046DE9 0D4AE8 02D7D4 08E20D 0503CF 0EB9D1 093A6E 086953 0546E5 0B10F8 03FD29 01803B 0C1A4E 0F992B 0E4A31 0E5713 0E7D1B 0587F7 074ECC 0DA032 0605A6 0B1BEC 057EBD 094A1F 017964 060D68 0ABD1A 0A08E2 114B67 079617 050DF9 081C1A 0A7E89 0F0EA7 031F71 08AB91 0412DD 0182AD 009B96 065B44 0E5A98 0D3B8B 0A7BA0 0AE40A 022ADC 0C0DE4 1718F9 05A8E9 077DBC 05A6D3 00FB07 044AC2 0FC11C 0BAA0B 0785A1 075110 061E08 091F53 05EFB8 05F793 0E6528 05FB47 098F28 053A5D 09D4B5 02232D 08C96C 05CC48 0257D4 02F340 0B0269 031548 0D0184 035C27 03A3F9 0AE978 09C723 0EA995 08F850 01E6B1 01AD94 00BBF8 022391 0DA119 0E520F 0FC9DD 019263 0E72E4 092770 0BF562 0BAA48 08BCCD 09FE6D 0C4C8E 0F358A 0698AF 055C83 061F87 146371 0B732B 0BFC34 048376 0ED05C 0ABD72 04768A 034BAA 068E0A 02FCCD 0D9C28 0C0D06 06D7FD 0D6199 04B83F 023B5D 07390B 07513A 00B39B 0190B0 062AB2 175922 06D1A9 0743D3 0381BF 07EB68 05ED7A 1691DA 076E1A 041CDF 065772 00C4F7 0EB831 007CFA 051F01 003D11 098996 055E0A 086FC8 0E4148 0485C5 043D2C 0DCABC 08BE32 171933 067A21 0DCA7D 032602 05D12B 099A52 07145E 0140CC 0C901D 0C40D1 073054 07768B 0CDC8B 083FAF 02ADF4 02B1F8 0A5A40 014A36 0F262B 0F15ED 00290F 0F8D8C 027EA4 0290ED 03FBFD 0E679B 0E69E4 0DBD0F 0C1E29 01D331 03B0F5 0086D9 0B7481 042AA8 04BF32 0F507A 0FF6CF 094134 0C4AEC 044C48 09389B 0B0450 0B6E53 0C52AC 08CFBC 0902FA 0070A5 097C29 0E9467 010B77 0668E4 0DD1FC 01CEF9 0E63BB 0961BE 04BEE0 088404 042189 053957 08EB53 0C621C 0CA92F 0CFD02 050535 0A5B08 062172 01263C 02890B 09E20B 05D1E5 0272E3 05E20F 0888A0 064419 07EE2F 03DEF3 069B7D 030BA6 0D98A6 031E77 0A61FB 01A5B9 0C69BB 074E88 0C51D5 0B8A47 0B9981 007074 0A4FB9 0667BC 074899 08573C 0BB675 033296 0CB5B9 0AE0B9 041FE5 0655C5 0058B9 08882E 0EB6D4 01BD23 027CD0 0F77B9 098B3D 05EA19 0ECF19 0D2147 04342F 02DBF6 017023 01C56F 049F0F 0E0B20 00F38A 0EF9BF 00CE7D 0F9D3D 02AA30 0C454C 0741A6 0E2962 0C7052 0F27EF 049A0D 089474 0A2007 06C21E 06C671 050AE1 0B0B22 059EE8 08DA19 028177 0EA041 006C7A 054A08 0146BD 048B39 07E9AB 15C599 07A1F6 006E8A
0D1163 0268EF 0F051F 03150B 0299C4 0F0BE6 049824 07CEFA 0F74BC 0D623A 05C48A 0CFF0E 0B2D2C 01E515 02DFB2 0C55AC 007041 047B5E 062D1D 01E64D 0EB5D6 0B413C 01E7EB 0FD4A9 0E0944 002989 0F7BFA 02CDB1 0B705B 0A5E7A 0B3FC5 05EDE9 0ED7C8 0CC813 0C95B9 0801EA 01DD54 06B6E1 0510E3 013835 08D7EB 0C3A3D 02CC66 025385 021FA7 098401 0C6EC9 0F107B 0302AF 021081 0E9946 0B915E 0E08E5 0D9606 105CC5 0F7202 059B6F 060764 0F1A69 0429A1 0E268F 184CB9 07C242 08F80D 003E15 09C7A0 0460C8 0CCF99 01DB69 05DC34 06F4CB 026C31 0BC09E 0D19E8 08FAB4 0753A6 06E15E 01B0BB 087578 06B016 053E73 0B2195 01205F 051ADD 09631B 09E3B7 025748 07F022 03105F 0C413F 0986B4 025500 056E0A 0B4044 0A829C 091322 0FBA63 045B28 020759 08108F 012654 0F8CFB 052D0C 08719E 075143 0E70BC 0028FE 020919 0A6F50 0F725F 0B6F90 0D27A9 04102E 010D1A 012661 0261EF 07D2E6 0AC464 0711C9 064963 0F55FB 085A83 01BDBD 0D1A5B 13775A 08DFDD 0DE10B 01F53F 03AAA5 0917A2 03691C 08B7C6 05A193 0ACA30 02CF3B 0CDBED 02146C 0313EC 0DB5A2 05C912 0CD4C9 037100 089C85 0B5B1A 030108 01E068 044ED5 02B862 0FCFF7 0866BC 0F4545 023AF8 0BFCDE 09D4F1 19276F 064285 0096C4 0BCBD2 0460A9 01F43D 042127 029279 05E92B 0EC3C4 16DE79 00CF27 0694ED 08641A 005C74 0CE0D6 038A7D 065BB5 02EA15 0DAB24 0FEE1A 048C7F 0BF7CD 04EA22 0E0BB3 0BD586 0ABDA0 014448 0FEAAA 00C372 031CBA 0BA8C5 0233C9 067D2E 015C83 0E096D 0524ED 011800 0826BB 0E2A99 0EB89E 06DA0E 0C0E97 0AF6B1 011338 0CFA25 0329BF 023679 07B0C2 045FC4 02879F 049FD4 0D638A 06DAC2 04D577 152419 0BE78C 07F28C 059083 06CCAD 0F0FDD 07C54F 07A969 0FB306 0DDE6D 047E65 0A4751 0210B5 045772 067117 0A4906 0902A9 0147BA 0F10E1 042405 0D7CB9 022F31 03FF7A 0C88FA 0D7582 0E53AB 086056 0F89F8 00B527 0BA7E5 028CC5 053488 05519F 071EF0 0842C5 09C4F7 044EEE 011DAF 01A0F7 03663C 038C64 0CB1BD 022FF8 023217 0DE2E4 0ED33A 0D0F0B 00EEBA 0F4FF8 02CA9D 098222 051430 06D445 06C8AF 0F54CD 058F30 0826A8 0089E8 0E39BC 040079 05BF70 046ABC 0AF013 04FEDA 0872BE 003EF0 01923B 047A37 0D2A10 003531 082F1B 067EE6 043DDD 01A1E3 071E55 099B6A 0D958C 0FA179 0C598B 0546A4 12D58F 0F625E 09E492 00D5B8 072D32 04ED28 0DC17C 019E13 082C3A 02086F 05B605 08120C 0987B1 031D0A 0D4096 0B43D1 032FCF 08B413 0A54DF 09A7ED 0D925A 0FB1F2 0D8EF7 004DD3 0765D6 034316 0EBF54 0EE1B6 03710E 06F502 0DD4E1 05A163 030A44 00CAE9 099845 0EB200 0C59A0 0A1FAA 02D4E2 0381E2 0C78B3 049BA6 08908C 04674A 0EE588 032FD2 07EE89 02C184 0E29EB 144725 08CA7D 0171D4 0CA280 0242F6 0047B8 062204 054EEB 0A4D18 07025B 0A69B5 0F0041 0779D0 0B5C75 0E9FD6 0817EF 08AEF6 057A91 060210 0314CF 0376C2 0B8C3E 04943A 075854 035502 0981C5 07927B 0333D9 047786 032629 08D184 089C2F 0B9279 083898 0F871A 0D14E7 01F1EC 1B0032 03CB37 07F745 09C3BF 0549B4 01F07F 02FE09 0912E0 025401 043991 0D6934 0745B1 095FAA 03705B 0B31FE 0439C8 01130D 03FC0E 0D13D0 0FF22F 0F5FFE 016FF8 06DD59 06AC78 0363DD 053C67 0E021C 07C1AB 06E76D 0C197E 0BB57F 03043F 040A5B 0BDE48 06D677 049797 0A0EDC 0EA9E6 0F3ACF 0F7515 0FB5DA 055444 0D7EEE 07018D 0526C7 0CAFFC 0C2481 0A09B3 06A1F1 07312E 059EEC 0D178F 060823 02A611 0FEFBD 03783E 0D63E1 046180 03DE33 01C023 022FD9 02F67D 020226 0FEF57 0A1BE2 017220 02A19D 030CA4 0FE999 071F3F 0D126C 0098BF 05A875 06F964 06B69D 029691 0958A6 01A8D8 0FF3DC 02DB6C 0BD271 0E0BDF 047B1E 093D38 0CCB12 02FD6C 04CBA4 0A326C 0CCE3D 0C2EC2 05C9CD 072389 04A3D6 077F70 0C36C5 035ECB 090109 05874B 004D90 139092 06BA3B 0053EB 0951D9 0FEC59 0AFBA2 19F6E4 0F763A 066E81 08BC9B 095931 02DB6E 06DFFB 0BA03A 0BC54C 0180AB 0B97BA 028FC2 0D97C3 0B61D2 093536 09F3D4 021048 0844EB 09FFDF 0E9F68 06BE14 0D7ACD 0B95E1 0275DA 071C15 091B4C 04CA67 0D4BF6 0FA4C0 072E33 05048D 0D0B0D 0F3D75 0B79EE 1BCD05 0453E6 01F1C7 05C283 044343 03ED28 08F502 032AD2 064414 0DE7E1 0CD2E7 09B941 030B0B 079AC4 0FB521 06C0DA 0453C7 0FD770 0C0E99 04D23E 061255 003099 0CFBE5 0DCE69 020FED 0F68BC 042BB2 0F3975 0FF8A8 0B2454
05A729 0D71C6 0D1E7E 0DE386 0DEF18 01FBA8 0C126D 042E1D 1D6A88 0E5287 0C9E1E 05A315 07A984 0A66A7 04446B 055816 0500B0 0F0018 0DDCBA 048A23 031911 04EA03 0CC4BF 066445 096A1E 0FBF05 061BB2 04B5F1 063ECF 00EBF0 09F82B 0D0365 0F2E69 0B626D 0A5C33 09DCBB 069CE2 0DB782 04EFC0 06E5F6 031A61 069F45 0CF171 01F7F3 0EFFFB 047697 070B1D 09CBCE 05F8FF 08DC2C 02EA88 0302A3 0E098F 0B68C4 08CEAF 032096 03B50C 01A629 0564F5 0A4C1A 04FBD8 050ACC 00DDE4 0E2F22 03C029 018968 012B5B 012FB6 0FDA8A 02131C 0A03DE 0CB4AB 06D3FD 0367BF 0E6BEF 07025D 02317F 0CC620 0B78B3 0B9AA0 081884 0D5838 0CE5C5 079D87 0C0735 0D410E 0F060A 09BCA8 0DCA3B 04C99F 0D4B28 067B37 020CDC 03B466 06B65D 08B4F3 0230DB 0125DA 0574DC 0FC349 06CCE4 053875 026FA1 0AA4F6 0D4015 04E9F0 0393B6 094D5E 0F1AC6 0EC2C3 0E2D10 00F8DB 0745E5 074825 04B7CB 0AA4D0 026169 0B46CC 0ED017 0842EF 0B8B2E 078845 0A471A 0BEE32 00E02A 05FEB4 0099AD 014E06 09AC5F 0E6B6A 00CCD9 0949F2 0540AD 018D20 08D21A 0531A9 0F5989 0987EA 01501D 096145 08734A 00060B 0AB395 082C4A 07665E 0DC0E7 0E00AE 07DC0A 01A02E 034C2F 04066C 097191 0BA2C9 037AD7 068785 13CD61 0BF80C 0B7EAF 0BC855 0C3AA6 031900 0B975F 0C0C2D 033FC9 02912F 005922 094003 004A57 06F4DB 02726F 0DED94 036331 0B0DAC 08012F 01924B 0B416D 0E512A 18E3E3 0B4337 087954 072EB8 0E3DB9 0FA54B 0B6D53 0BDDF6 0EA08C 05FE5A 036375 0B8D25 08603F 053219 0D809B 081B61 0BC8E4 0F9D8B 0DD14B 0A8B96 0C4967 05C70C 03BDB6 00DB0E 0F3CDA 087A70 09361C 03D361 0C0230 0AF234 070D2B 0E132B 07680E 0C92BF 04EF68 092E7D 047F82 0EE38A 0DAC46 0F2A94 015324 020665 0FF82B 02E7C9 0D89CD 00D455 1EF290 0EA9A4 0BE818 053373 0C21DC 1E0D0C 0B9168 03182F 0577E1 07FF8E 0327AB 00ED35 0A65F2 0B1870 0396BC 0F01F1 0DED06 0628BB 060063 0837F4 0D8726 06B223 0E8793 071844 0F064F 098C69 04DFEC 02123F 001BCE 0DDC7C 073FFC 018B70 054FA6 0EF9E1 0CDCCB 085F1F 059B5E 0D638C 09CE6F 0BF21B 0082FB 0735FA 04B2CE 0FF79B 00CD4B 00C64C 07576E 07C23D 0E4705 0006F3 06E2DD 0B8E19 0051E6 0AD64A 041B22 0910B2 012CAA 0FD740 084065 01AEA9 012462 0569F1 066CB3 0F0432 0976B0 059D81 0FDFAF 0C76A5 01F5BC 0051CA 065B44 0EE843 028FFE 1C14FB 044977 01CEC6 0D3CDF 00524F 0DF4EF 0E5AE2 098AD5 036F80 0C33D0 0F152D 0B4816 09048C 07483D 08ED20 0F78EE 0D4B90 034268 0D6FE2 00E410 02D052 0E6CC6 08AB6F 0C3071 0C1D29 07D65B 0993F2 05464F 0E17B3 0B291E 0092F0 076CDE 06AFFC 0C7D94 0B68EB 080D5C 095D0D 00CA8A 01263F 0B4C20 0092EC 08A57A 0597A8 067358 0E78BD 0B917B 017278 0FA3CE 060DAC 05C9CD 00592E 06D53D 07413C 00CBEA 0C13A9 04A2E0 005D7F 0A50AC 052BC7 097894 0C4927 058A9F 0F9E69 01BD80 037253 011610 0205B8 0C84D9 033CAE 16EE59 05F423 0B9547 06D8ED 0B2538 052AB1 023A69 04CDE9 00CC87 0892F0 02214B 08B13B 05BC48 09EB79 0B8B81 000FBF 020343 052B3A 01CFBA 040F02 0F0D9C 07E410 0CDE93 0B3D28 09CE16 046A38 034881 0D98EE 0775DF 0A7957 0B8FAD 0EE954 047924 0541A4 08541D 06D1AF 00AAC4 0C3947 06B012 025EED 0E3091 05A70A 0EEF54 04FC90 000C0E 083BA5 02FB23 07CE58 0A1F10 01C528 07A99A 07D208 05EE9B 0668A3 05AAAC 0A6AC2 0833DD 0F116E 037B11 0C0871 047C3E 06202C 0D8EFF 084508 0F74B6 009175 0C4C37 0281FA 086307 0DB7C7 0F5527 032B8B 03F922 09533D 037A5F 0DB2F6 05C310 195FB2 01345E 0C147A 0A85AD 04E1CB 02C11C 0F3C5E 09ECBE 0A5936 031093 010737 08602F 0ACCD4 0E22BB 070DE7 05CB53 0BB5A9 0D2229 0E032F 0821D6 0E494D 0510BC 06A38F 0FF3FE 0BDCFE 080161 00B3C3 0EDF35 0E188F 04ABCA 0DEDCA 0AB477 0F1CED 0DB457 066FCF 047415 0EF1DD 0C62A7 020B99 08D4DB 050C1D 0F9E60 0E8F46 0FBBFB 0A68F3 0E1D47 0AB108 037B97 078F55 1C9A95 0F0DE5 0A9457 01B8DE 0F45C0 0145DE 062AD1 023F69 08EE4F 0889D4 0D1D20 0B1B56 07AABC 017B58 0C3ACD 0074E6 0FC2F4 00E197 086D09 0F0179 0C14E2 0CDE01 0CDB15 02E137 0CF807 00AC64 065A0D 06FF03 08EA35 005F67 05568A 001824 006763 070E65 013038 0BE305 0FDD83 06C2E5 0D7E09 0B6770 02F02F 0A3D3F 0BCBDC 066393 0CF14C 04F2CE 0707C8 00E7DE 0145E4 09D46F 05E86A 0E3242 068A88
020C46 041AB4 083126 0044D1 008957 0110AC 022056 0443E4 088064 012786 024B59 049367 0923AF 02678B 04CA17 0992BE 0305CA 060A37 0C12A8 080490 002C1F 005945 00B023 016076 02C352 058335 0B009B 062480 0C4AE2 08B6CC 114E06 029B82 05309C 0A636D 04E677 09C950 03B5A0 0768FE 0ED00D 0D8543 0B2EF9 067E66 0CFA8A 09D4E2 038E31 071A5E 0E32F5 0C474F 08AE7D 017F15 02FBA0 05F228 0BE13F 07E68D 0FC9F7 0FB644 0F4CAA 0EBFA3 0D5C15 0A9EDD 051ECE 0A38EC 04559F 08A84C 017619 02E88D 05D0AD 0BA0A4 0766EF 0ECA52 0DB711 0B4C6F 06BDA4 0D7992 0AD6D6 058E6F 0B1A74 06161A 0C2B9D 0876FF 00CC13 019A87 033158 066361 0CC332 09A780 036C56 06D857 0DB057 0B47DD 06AD0A 0D5941 0A965A 050F1F 0A1950 0417F3 082A81 0077AA 00E947 01D3BB 03A0A8 074125 0E82E2 0D25E4 0A6E39 04FF51 09F97B 03D725 07ABA9 0F53BA 0E856A 0D2FA9 0A7C91 04DE66 09B858 035572 06AA08 0D522E 0A84BE 052CEE 0A59B6 049598 092AC0 0275DE 04E852 09D29C 0384BE 07098D 0E10F1 0C06D6 082F88 007E8D 00FBC8 01F16F 03E1CF 07C15D 0F80E6 0F26FB 0E6EB6 0CFF1C 09DD2F 039EB4 073902 0E7267 0CC686 09AE69 037F8C 06FBC4 0DF0B9 0BC4CB 07ADE5 0F597D 0E9609 0D0EC1 0A3CD3 045F83 08B884 015472 02A9BE 0551A9 0AA329 0565C9 0AC9DA 05B67C 0B6A7D 06F679 0DE9AD 0BF709 07CC6A 0F9A3C 0F16E0 0E0FE4 0C3C36 085D12 009FD9 0139B0 0271BE 04E283 09C397 03A409 0749D6 0E92F1 0D065C 0A2CB7 047C10 08FB17 01D7DA 03AA04 0750E8 0EA2F6 0D6627 0AECB9 05FD6C 0BFBC9 07D7B9 0FAB9C 0F7411 0ECDB5 0DBFBC 0B5D61 069E1A 0D39B1 0A57DB 048DA5 09191A 021721 0428A2 08533F 008420 0109F6 02139C 04209E 0841F0 00A6EF 014A41 02912F 052364 0A4045 04A6CF 094AE9 02B620 056A4C 0AD097 058591 0B0A01 06376E 0C69E6 08F5B8 01CF14 03981C 0733AB 0E62D9 0CE528 09EF2A 03FE12 07FB50 0FF0E9 0FC621 0FAD06 0F7D66 0EDC20 0D9CE4 0B1FCB 061C1C 0C3A27 085614 008D80 0118BE 0231D5 046394 08C39B 01A637 034BC9 069074 0D2396 0A6704 04EC71 09D96C 03956B 072890 0E5138 0C870C 092CF4 027E02 04FBAD 09F146 03C6DB 0789B2 0F12E1 0E05C7 0C2E06 087F99 00DDEE 01B8D3 03707E 06E1DE 0DC1B8 0BA40F 076EA4 0ED878 0D95E4 0B0E78 063E79 0C7BB2 08D512 018F9B 031846 063254 0C62AC 08E414 01EF47 03D996 07B139 0F62BF 0EE526 0DEE96 0BFF50 07DDF5 0FB931 0F5731 0E8CF4 0D3F4D 0A5E09 049F4E 093B65 0257BC 04ABF4 09500C 02855C 050A62 0A1015 04070C 080BE4 003628 006990 00D260 01A392 0343C7 068273 0D0383 0A25CE 046ED9 08D947 0197C3 03295E 065378 0CA397 0967BE 02EFE0 05DBB1 0BB11F 074652 0E8B83 0D3448 0A4E19 04BFA5 097AF1 02D63E 05ABF8 0B5210 0687F2 0D0873 0A359A 044F0B 089841 011771 022A81 0453C1 08A308 01670C 02CA45 05935F 0B2146 066605 0CCBAD 09B6CE 034EC8 0698A1 0D31A3 0A464B 04AF3B 0958A3 02941B 05295F 0A5397 04847F 0908DE 0234D8 046B9D 08D0CE 0184DA 030A0C 0613C6 0C226C 0866F9 00EF2A 01DA1B 03B289 076223 0EC0A2 0DA5FE 0B6EB6 06FFE3 0DF840 0BD592 078D27 0F1969 0E15EA 0C0FA3 083CC4 005E30 00B856 017074 02E0BB 05C325 0B8336 07259B 0E4A92 0CB4F2 094FBE 02BDC9 0579AA 0AF0DC 05C607 0B8BFE 073549 0E681C 0CF472 09CDDD 03BCB9 077B75 0EF337 0DC7F5 0BAD60 077C07 0EFA0B 0DD795 0B8C55 073DA0 0E79FA 0CD63C 098C6D 033CA6 067959 0CF093 09C672 03AFB6 075B04 0EB03F 0D44E1 0AAC15 057D39 0AF8E4 05D4B5 0BA940 077599 0EEAFD 0DF77C 0BCEDC 07BF49 0F7B3E 0ED668 0D8C62 0B3DAB 065FA6 0CB993 0957EC 028D30 051AA3 0A3367 0445E5 08893C 01351B 026A6E 04D3CD 09A23E 0367B7 06C986 0D900A 0B0535 062F73 0C58F0 089422 010DFE 0218A9 043015 08621B 00E7BF 01C8C4 0391B6 072138 0E43FE 0CA68D 096DCA 02FC55 05FB8C 0BF33E 07C4AD 0F8B81 0F3524 0E4C24 0CBEE6 095EBD 029D39 053890 0A7039 04C653 098A58 033595 0668F7 0CD107 098678 032D5D 065AD1 0CB035 0944E5 02AD18 055B26 0AB038 05479B 0A8AD6 053591 0A6B34 04F68E 09EA70 03F45F 07EB9C 0FD0B1 0F869C 0F2D6D 0E7E47 0CDE8C 099EB6 031D85 063B76 0C7178 08C7B4 01AD2D 0358E8 06B35C 0D62DB 0AE403 05ECD9 0BDB3D 07965E 0F292F 0E77EB 0CCD88 09BE57 035DB0 06BB09 0D73E3 0AC7FD 05AE04 1B5BC0 06941E 0D2957 0A7587 04CE2F 09985D 0316BC 062AC3 0C53F9 0886D9
0878D1 0B8ACC 034D92 07FDF1 0F1C15 08024F 0B7EDF 1573C8 0C41DD 09CE18 0351E0 0DE959 063A35 05827D 0DB742 07DC1F 019D16 0E58A8 01E9C0 043DC4 05FD13 046FE3 000086 0C1154 045B8A 0EED69 0D7640 04A203 02AF83 08CF90 06C850 047909 007EB3 096557 022E93 00CF09 0FC4BC 073322 09AE06 039102 0F0F6B 02D466 0FEAA3 019B29 0FA816 02EFF9 0FE2C2 07AC76 0FA101 0236DC 0EC1D5 075C3D 058855 0B72B5 015B33 04A362 0BFDA8 0222B3 0A66C6 0D5122 071440 071B2F 00A7F3 0C0965 025AFF 02B541 0FF26B 03A56A 04CBD7 0B936A 00E4AA 182DCE 0B1ACB 02CEBC 046FFF 0C93A5 098D2B 0E90B9 097295 0EAF26 037C8C 07865C 0A35EC 032C22 0A0D2A 0BCE43 15026C 05372E 0BE6BC 0327C0 0E4955 0FDFBC 155161 0FCCAD 047671 05DCDF 041A3F 0211C4 096894 0179CC 033E37 05BAB0 08D204 043831 00D8C5 06E044 07994E 08F9F7 0E6B1E 035FB2 0CDF81 048251 007FD9 00460D 04B68E 048BE5 025C6E 027DE5 0AEA5E 06F37F 0C0B29 0B63A1 002F8E 05EDFE 074B3B 0942A4 0D846D 0FBAA4 0FC748 0F5005 07B318 06354F 0D205C 0DACDF 08B78D 0C8280 04E2C0 08C67D 027B53 01767E 0387B2 04A78D 0AB8A1 06ECB4 0AA14C 00A480 072152 03636C 0D224D 08D2E2 07386E 03901D 021D4D 09BE12 05AD46 06D9BB 0AE493 03BD1E 04AE8C 027376 0C63B8 035CE7 01EDF3 03F0E1 049CA2 03F935 074FE4 0EE0F5 02DF36 0FC4EF 0ECE1A 015AC6 05E35F 057E26 010AC6 0CE9EA 061EA0 0959C8 1EDE5B 015057 0710E1 0507A3 0E0372 049CD6 0D63AD 02B386 0A7299 066C97 014A3C 01CA77 0C7C45 0EC664 0F9E1E 0E2FE8 046784 03471D 1577DB 07FE08 03FF0A 0C6B23 05573A 0C498E 0C4492 0E403D 0068A7 0072CE 0CD248 0A2CEA 0B05F9 01617B 0D6766 0F438A 085CB7 058843 0962A3 0FE41A 0D411A 0025F6 01EC39 047661 022C11 01C7E1 0ADB34 0CDF57 00DEDD 08BD91 018BB7 081516 028F1C 00B8A9 05B920 0E21BA 018E92 0A0EDB 04759A 02295D 06F7CE 006855 03AD46 0235D6 046C8E 0901A2 08D46B 00C28D 0D99C3 0AD012 05D798 0461C0 0F5BED 05C894 057D5E 0D47AA 08F153 0B0194 04BD38 0BEADB 01DD49 0CCF23 06E0DB 00A5F6 0A4FD7 05A7D0 076433 0D0570 0CCF60 0F6DE9 098201 0EBFCE 005222 034789 013E72 0BD324 0172F8 0241E6 0C8A1B 0DE50F 06BAC9 077A33 06EB9D 078ED8 04F01C 04D506 14DFA4 015274 0AC1A2 0EF35C 039F73 0FC250 08E790 0D6A62 0F92B6 0C1D58 0DD2D4 09DD31 008C9A 05C79A 0C8E28 0B8674 0D5320 05401D 041340 0199EC 0F9B4E 05D65F 026281 005011 0D7FCB 088AC2 01F42B 0EA84A 037827 011346 0CE46F 0D88B6 06D674 05218E 0070B3 060374 03D9F0 02DB54 03E453 0C69DA 0EE521 0B3E93 01E83B 065749 027439 05C944 0C0A0D 004B5F 0EE4CE 0FDED4 0000FA 054BC2 130531 018D40 0DEA4A 0E3FFE 0AB3D7 0099A3 06FE2C 073435 0C1E6F 028207 0670DA 0F673C 049191 03FF32 074C3E 043CAB 06B7C6 01D7B8 022710 049F53 05CD08 0B9F3C 0BA6E5 017FE4 063D30 029FAF 088426 06E90A 09FD3F 0D6F74 0A0949 0A3DF7 0C049B 0B7678 002C66 019206 043912 0D9D44 068DDC 031636 039D58 0689F9 0D7AE8 04214C 0ABD3B 048E99 0B1C2E 0EF4BA 050375 0EB4F1 091830 08EE0B 0BA139 09E10D 002939 033891 0690BA 074783 0088DA 081641 0F7193 088A99 03DC28 0CE28E 073CFF 07E79C 06CCBF 0EFC77 106601 0D3B52 01876C 0068CE 089120 0128C4 09A1C0 08D9D9 065255 056FFC 04D5A4 044B6B 071B84 08C958 07D29D 0CC674 0A17F3 09970E 0A8A21 0CB518 0D176E 0FD932 0C54CA 0EDA42 009520 0ACFF9 09680F 0B2A48 0D689A 03D769 00C3B3 0E0B86 04F924 145CA3 0CE53D 197748 0E6B8E 0AECD3 09F127 0082B5 02FD33 0321C8 068801 010F50 0997B9 0BB55A 0BB24C 0D51F9 0A4E46 056611 0B4F55 00BC51 0FC2EF 01A19F 077516 02A6F0 071758 0ECCC3 02F0D6 04BC5F 08E239 0E3CE1 077669 0152F6 09D2BF 092325 04CCEB 0A9FDC 1A0676 00394D 0A2F5C 005312 0853DA 08E450 02FD24 04AD7B 05F6A4 06F734 0269A2 02B8B4 01B584 02BF9F 0DFF46 050C02 03A75A 09E9CA 00C162 0F61BE 08AF5B 0D4907 05393E 07820A 0340C2 14E7F9 0B665B 02EE49 062D61 0142AA 0AB086 04B1C4 0B7FC6 035449 02742B 06AF59 054214 0B00C5 0701CE 0FA4EE 02D7C2 0D9769 0BD894 0F3732 0E6293 09FA08 0BCD6D 02AF18 056AC9 0F3638 012F7A 02D25E 03BB0B 003EB6 0FCBDF 075562 04BF4A 0A771C 091E74 0D0B13 0A29A1 0F84F6 0A535E 09753F 05DC64 0135F2 045A49 0FBB83 0E1036 0AC06C 08E7C3 078273 0604C1 0CBEF1
0F0607 080479 04FA2A 041F95 082340 08DC88 0E8611 04598F 03CD03 01B912 01DE8F 02B5D9 0DADED 10E834 09CE92 0ADEEC 0EB8BB 0FF4E0 09EA81 03ACB0 038A84 0BC90F 0E4C72 0AFBEB 0EA15A 02D9EE 03DA6B 0D9DCE 0DAADC 04B5E1 0CE2B8 043F9D 00A202 0259FC 078DCF 0454EF 00BF8B 1FD964 03CB9A 0E4D3A 0F1B2C 05E697 0F853E 0CDC62 07C860 0F2AF9 0EE141 0E9F2C 0F46FB 03D53C 049B1F 0B8894 0D81F7 0E6F8D 083C2D 04154B 0EF47D 0500D4 0F6389 0FA615 11856E 0ACFED 08D668 0483AA 05DD61 0DF21A 0D964C 0ED9A6 0C2054 0011A3 14F3EB 0BF922 0CA3D9 0605BC 02CE34 0B169A 099C20 03CEE5 0BD22E 015833 08373F 00F48F 0AB73B 08DE95 00F163 0170D4 035551 070B00 0BCAD8 004D65 089FDB 06344C 06FBE0 08C6EC 01A602 090774 07F272 06D2A7 0160F0 0F609D 001E8C 0BFA23 0823F2 0624D1 0EA272 0BFE5C 08C09B 069D42 0896D7 002BBB 01AE57 038839 03AD81 0F9758 038B36 02AC79 0AEAB2 19DA78 0D749B 0BB39D 1E245D 054427 0B9C3F 0CF1D0 07CB99 09A9D5 03ADEE 085D43 0F2D4E 07A89A 06F005 019D4B 029B6A 00B716 088EAE 05FE9A 057C2E 03E4E2 0F6F34 069A88 09354E 06E1DD 034943 0F78A3 00B4B8 0DC410 05C3F7 036D4E 013DE3 07FDCF 0145D3 02B71C 000B27 03E415 052536 0D930F 01CF36 0D190F 0CDFAB 01E76F 09693E 054CBB 02FF8B 0745F5 02473B 04CCBF 008984 0E85AF 00908E 0422BE 05B94D 024979 0EABC3 0E6A0C 06F761 06EDB4 002BCA 00EA09 0FCBB6 02A74D 0DC621 0BD463 007595 0DB87D 0ADBB2 014DF6 04A6BF 06EBA5 031E3F 0FF61F 0724CE 088232 0BDAA6 038001 0CE4AB 0B5562 016614 02DD69 1B110D 08F889 08C030 03906E 1A3D57 02FD34 04DE3A 03AD3A 079098 0738C6 0D034A 1D86F5 013DBD 07F635 01FAD4 04F9CA 0D9B68 04FD56 0B9CBB 0A4A07 040250 089F48 0D3434 0FC04A 0C189E 014916 0069AA 0CCA3A 03BFA4 0607F5 09BACF 002A0A 0C19C6 0577D0 06BDA3 0E2480 093C6C 0AD541 0061F0 0B30E8 09CC12 0A4D5D 0296D5 097B5E 0B8C5B 0FF1D3 088444 0C4488 04A85D 03517E 087003 0FE727 052E05 037171 0411D4 0EA1F6 055A72 0FB7C9 0E9B24 05B767 0F6B45 0768D2 0F3606 07D797 014551 044722 05684F 00B4CA 0C3751 06DD6A 068467 01E8C0 0D32F5 0A69F8 06E671 0A8E50 088D54 0B5620 028619 09E038 02C830 00A2CC 0789E6 083FEE 04D66D 0B659D 041379 051C54 06D81D 01035D 099C41 009D40 040FF0 03FF5A 03C2A2 076068 05C943 07DBC8 00F166 01537C 0A3670 0A6C22 00D07C 083C88 08618F 06548C 03CE5F 0B6E94 096F0D 04B6D8 039EF3 07FF99 0A2EF0 01F396 0A34DA 053649 0CE2B8 02495F 0D4BAB 0C2E37 0FA8F0 0DF652 0735A9 0068A4 073A44 0A2917 002516 0BAF0A 03716F 0AA557 0FE9C1 02D396 03DD7D 00E1C2 06E6E6 0E1DBE 02C4C4 060555 001DF4 1A1DE9 01557C 0A03F3 0F773F 0F9B7E 0E2968 0C886D 0777F7 0C0E78 08EC60 0E3120 0AE63D 045FAB 0BA93B 079A90 01173D 039F75 0FFC7C 0B1C71 04CF5B 037B38 021509 005B76 0DC29E 0CF4ED 04947D 0A0D19 0BCAF2 0E0F71 03DA6B 014608 0062E3 08ACED 03DD26 0A6E1A 022BC0 010A00 016F8C 0D8739 0BF16C 0CEF9C 0140EF 06F4AB 0FE979 0503BF 0294B2 0B1C43 0235CA 1B69B7 05F6FD 0A35FC 0913F8 053260 030233 098651 04A801 0E8E26 00A7E9 014344 0F6602 0AA688 05C15F 0F1007 0CDD12 0FCE42 04275B 053777 09DB25 0608AB 0BCEA2 0D80F2 03AB5C 03C471 0ECC87 062E56 0D52E9 087BB4 0830C9 024730 0B4F8E 06BC39 0B53C1 0D21B9 0F51E4 05E470 0C55B7 036242 03F1D7 0D711C 0098DE 006A5E 09CC59 1F9A8E 07F5D3 0CD792 0E8611 017777 0E6398 038A1C 047C42 0F4A24 0DCD86 1FB15F 04C5EB 0C3C0C 0A5D12 0D0586 068B51 089577 0C27B7 008C68 03A232 0250FB 0E00E5 0FAF5D 06FA77 052F97 0A7D2E 0A2D5A 0BD18D 000AB3 08722A 0B17B2 04C686 0727DC 0775AD 0CA58D 011E7A 0447BD 0A3FD6 02D540 0AC834 0B333F 0C3249 04313E 0404C4 071B39 19C860 0D7837 0EAD55 011B7D 05CDCE 05BED8 049AEC 0CFE64 06C0F5 039722 02F2B3 09D4C4 008AD7 037379 010BB1 0A754B 0ABAF3 0DA7E7 0C2D68 010C1C 080DC7 0B00B3 04586D 0655C4 0F14C4 02AA03 0CAA39 0F4174 02A44A 0C4A4D 02B056 070863 00A093 090769 03F829 057192 0EB02D 0F9D7C 008B29 039F47 0E45A1 0A6D50 0D547E 05D4F1 0FBE0B 067A4B 04ADA9 0D84F0 0D0549 0838ED 009923 01AF77 009333 0E8CC3 0DD87A 04EB02 0EEE87 0F48A1 0C51E4 0C358C 0A6922 03FA55 0BE329 0ED354 0A7160 037B7E 0FB5B4 08ABA3 0C9667 06E5D2
097D0C 041AF1 0E7C79 0ED246 0DC1CF 098778 0209C8 0D313A 03D47A 0BBBB2 070ED7 0CDA17 0FB1B4 0E08F7 06578E 0F1D1F 039AAD 0BCA74 00AC39 09F51D 063E34 03B2B7 09DE68 068018 05A871 0E8054 03EE20 01665C 074728 02A1E8 04D9F2 0572D0 0C3B68 0EFAE3 08D954 09BD07 028D57 0B984E 03EAE1 00787E 0DDEB6 022722 091A46 084C94 02CBE5 061421 002C89 00A154 068312 036EC4 05476E 064D6E 0A62D6 034A5C 0B9E5E 0FA663 0A3C84 0E9421 0BF9B8 001A3E 0E3D93 0CC343 0D4418 0DE545 01C3B8 025482 0A0869 01C80E 0C3909 05EA3A 06E982 04CA13 01C359 0193AD 038541 022985 0D1BD0 00C511 07BD74 0EB7B9 032F12 05A4E3 048D74 07C7B7 09953F 0383F7 036003 05887E 017645 017E1D 0E7EC4 08247E 07E763 03E688 067344 012131 0C9ACB 0F2A09 0FFB40 03B41D 04B264 078453 08D42D 0F011A 0ABA3C 01FCF6 06F1DF 05EA31 0B0064 00A6D0 0526A5 09607D 0B800E 0C9628 043B17 010A8A 0942EF 089126 0010E7 088378 04B7BC 05A077 0DDA49 0F39B1 0B7EA7 0FD45D 075C6F 08ABC0 019AC2 04530D 03CE3E 0C4E1B 06AA07 0D0D34 08DD53 06BB5A 043EA5 028895 0226D4 0D84E0 05DEF8 0CC77A 0221AE 089475 07756D 0D462C 07E9BA 0528A5 0D2635 01A326 0D96DC 0D50FE 08082C 047343 0A8835 06539C 07A6FF 07DD26 0B891D 06FF38 03B907 058E07 0CDEAB 07D3C5 0D3E7D 0E998D 0B7F41 05F083 02A659 0FFB4E 0AE0A6 0C0CCC 07ECFC 01A4A8 1055AF 086FA0 064F80 097522 0DE68B 02506A 09D245 08DCC7 0BE910 04E3D4 014493 063BF9 09B8AD 0D5FB2 0A20AA 0184D1 0C42BC 02184A 016720 082197 079226 00EE11 0F451B 0AB16B 05EFF8 0E9B9A 075DC1 0C4D17 0F39D5 0218C9 0688A3 08F69C 0EA582 06D3BC 00F7A7 1B915A 047211 036552 0A5DAE 00E718 024302 08E7F5 02155A 0BCEF6 086196 0EF8E9 0DC880 0B562B 018D0A 0B750D 053E74 05DFAD 0666CE 02F285 04DF54 005B32 0F23B9 021984 070A39 07F721 005A9D 0DCC61 008616 087F2F 0BEC67 0ECAEE 0485FB 001A4C 0823D3 0077B2 006803 04D082 09EA68 01B7C3 014CE2 039D08 0F1A94 0F8726 03ADBA 038223 018AC6 073DBE 0F51A2 07C71A 0518A1 0E052D 0DC7CB 04ECA5 032435 011CD6 08F56F 071AA0 08FCE8 07D135 0FAC27 0F1DCC 0D1C57 023B51 05C0F0 060181 00DB68 07A94A 0FFCDD 0ABDDF 0E149D 06FB43 0AE73B 0D2305 0C9543 0EE36D 02E9DA 0D4D0C 0ECDF1 0E7790 02AA30 068FDA 03DF03 016644 04468D 0C851B 0904FD 036FC8 0CDBB2 0923D7 07C538 02C3E1 0F1BC3 0A6146 070C03 017CA0 092620 0C3B33 0A0A2A 06F155 0BE415 07A3EA 0D2120 094043 0BA2EE 0FD61C 0A9DE8 0DD458 0D5EDE 0C733C 0FC907 07BBCE 0F83B9 08A53A 0D034E 099CF4 0EF8CA 022E74 0B6740 0FF2FA 07B78E 0C789A 00732C 05536A 076B2F 004A23 04ADE9 08F1B4 0C8515 03F748 019DA1 00F445 0FAD92 0DA173 0DA38A 0D2975 087A57 009070 0300F0 0724AE 076B0A 0743CE 02938B 057B8A 083136 0663EC 0D8C25 015CB2 010C6A 0F9E8D 03E6FE 00D0AB 090D46 07CFA0 00511B 0E1C6F 09018B 0A8D1D 00EC74 0F1024 08BB03 04DBE4 059843 0AABDA 09B4F9 0594C1 0D8568 0E2309 044CD6 0948F6 0C35A3 0CB18F 0EEC26 00D0D4 08198E 0D46B5 00F66B 039E49 04BFAD 057EB0 0A0169 03E4F9 09A69E 00F0A1 0D263E 0C9531 0EA3BD 006A76 086A90 05A73A 0183A4 05F439 0C2700 0661A5 0C5FE9 0C7C00 0F9742 0521F3 0B9678 09AF25 0682DB 02AB6B 08ECA1 0CC6BA 00B4F4 09397F 004652 002E04 057AC0 03BAA3 0DA341 0D5189 0B49D9 08D54F 027204 0B26C3 08B0CE 075ABB 0E3D92 083DA3 031564 0C4E3E 0B2BF0 0AF077 013FC5 05F079 07CFEC 0E2113 01A7EE 0D90AB 0D3A21 0BD8AD 0BF5A8 0416EA 06CD6E 0A464F 0A234E 00FA18 055A9C 0FBA13 075DE2 0E69B2 0A77BE 00A14F 0269CF 0DB62E 00FE43 0CCD8E 00C5C8 0ADB09 0FA0C2 0E73F1 0464E2 0D59BE 065CAA 0A206C 00CAB6 04BA3F 0079F4 0823C5 0675E5 0C041E 0F4E70 05D3F2 007458 0EFE9A 0D8141 09C67F 048994 005DB4 0A4BC4 0381B6 0ECF1C 034D5C 01E5BF 084721 0C791D 0EADDC 0ED224 00C12F 0B7902 01A311 088E84 0FE8CC 09A90D 01F9E1 07B497 0D01E4 194380 09A11D 0BF375 03F77A 0621E3 020199 06FE22 0A3FC3 0A1162 0699F3 09F649 05A609 086529 09A960 09C450 069B95 04D99B 06616C 02BFF3 066417 040C69 0EA9CD 089BDC 0E3ED3 05E27B 06B094 063BAA 060556 0F1DF6 069945 0981A3 06EEB6 03D02E 071CD5 0BDBE1 08DC13 0B2098 033383 0C89AB 0EC3A9 026B48 0A4F91 00A222 01E97F 06923A 076AE5 0C2674 0FEBBF
0FDB37 0A30B8 0C3339 05B3A4 02D0FB 055336 0A0B45 06E6B6 09DA78 070B0C 0461CC 08E839 09D436 08A30B 011C10 0884A5 09AAC9 0CCA36 06C0B6 01DA82 0B5185 0EDA44 0B50AE 0402F4 04C83A 02AC94 0582C7 0AE75A 0A51B1 083F40 0987AA 0E3EE0 00BF5A 07B11D 0FBAB6 025FAC 09981B 04A527 0823DF 09B638 08A37B 0DB285 08F60B 0AF49E 067DCC 0E5571 010462 051DE2 018A77 015E8A 06C925 0FD5CA 007D38 03C9B8 0D87D8 01A3B6 08E8B1 0B3AC5 000367 021699 016129 19CDDD 0A1479 073A39 07D518 0092B1 0E2D2A 0FD649 0D70DD 077817 0C1D66 05FF19 0B430F 0BC721 0B20B9 0EC791 094501 12F3D0 0C91D0 036690 0D11C6 056791 0B7BE7 038FAF 0B12CA 0DE174 0DADDF 06523E 03AAB8 06B721 11497D 056D9D 0D17AB 092473 0F5F3A 084EA7 0E0578 092DB5 00C3AA 00BC53 037F2E 0A053A 07F97B 04939E 0AD19B 0DDFD0 08E937 090301 03BBF7 0F33BD 0D26DF 024E0C 06D4AE 0973D2 08C84A 007256 0B8AE4 0BDDDE 0F7F4E 005F97 08D2C2 0D33BA 0744D8 05AE45 07B984 004357 00FF4C 0DF7D3 0D94E6 02DAAB 0C6130 0C6A86 0B4F0F 0C0AE9 0ECBBC 023952 0143D2 01528A 03F9E0 053021 028C48 03A066 06C918 0F6797 0F015D 004EDF 02178E 0A558F 057382 0B52CA 0D573B 0FAC87 041E92 0A0F85 0A7479 0A3DC2 037416 09ECF5 0AB09E 02AE11 045BCD 0BCD44 00BC33 0ECF33 0740F0 02E8CA 0FC9CA 072632 01E50F 0CE037 0FD33D 05FFFD 08A47C 038B97 003E5E 084AFE 053C71 081D35 00F750 01DCFE 0E76C9 1434A8 08C8AA 019405 09D403 0AF296 0F2B93 058EEF 09B618 0EDBC9 0DE02E 09050A 0B7C7C 0815FA 068D20 0DF93F 0AC733 003CC5 0DD460 0413E1 0BCDEC 00AB49 06EB6C 0B6DC0 0E4B9C 0DF5B7 091089 0382CB 057766 0C715B 062A72 0FC7C2 07A2E6 0FDAF5 0C4F94 043449 0A7896 054D8C 02BA90 0BD566 05D8E5 0B11FD 0D205E 1B29A7 0F0829 015CA8 082EFE 0E2C10 08DA6E 0DC3AD 07C57C 0D116C 0AD2D5 0FE385 0BCB5D 08829D 0B93AC 08A6DF 098A6C 083034 0746B6 068C63 041799 0A77E9 0C91A7 092AFB 0894AB 00AF99 063A20 018CDA 0585FB 01A55C 0034D2 0A02FA 0179A2 03F50A 06E530 002A26 05BB37 03C872 0CA9FF 03962C 043010 022ECA 06FF09 0EF3C5 0F24C1 034B63 0C5397 0FAF55 12A878 0595A7 0DAD25 0262D8 0D412F 08DC40 00BE28 0C944A 05D6FE 04AE98 0DB53B 045000 0167C9 033626 0B257F 0DA83D 027728 0D07CF 0AF870 099108 006044 0753E7 0DA4BA 0CEA55 038C07 03AF16 0C2DF9 089D00 083E3E 01AEAD 0EA926 12B2EE 099987 0591B8 02A625 07101A 09C3EA 0ABB57 0792FB 09E185 0F2FED 033262 04021F 12E2BF 0F4D7B 04E18B 00B776 031BF4 0F92CB 0A2802 0026D4 06B88A 0D1952 02FD42 095D97 007DC9 007264 05AF95 085C6C 015029 00AD56 0B6AD8 0B0E3A 01F13B 01D4DC 067918 0A032D 0E7EBF 032EB7 09EF5E 0A5F15 0DD1C9 0073F0 0641BB 0B5CC2 03D9FE 0CC96A 0766F1 017900 00D2D2 0D7D87 073800 0106D9 0DAF83 06A8A8 06F591 0E7916 078E3D 096ED9 00FEAB 0CC4A2 0ECCC3 017217 04C9E4 05F4EF 0D7DC3 1A514A 0892FB 035D49 0A586A 01C9B0 0578CC 00097C 0E5595 02ACD0 01A618 017F4D 0418E5 00BCF3 071D60 024579 056631 05DB14 0A818E 054B84 0300E9 061529 036D33 03EA83 022384 0C91E8 098D87 058503 03F367 042741 0D9EA0 01364C 0D8EDD 0AEE76 051A9E 0E921F 0DBF36 060FC4 071837 06D401 08DCB8 0BAD91 054F19 0F5278 0D8171 09D1DA 05CF06 085B76 0CCD22 025D0E 0F3B2A 038991 00A268 0ABEB1 08775C 047F19 0A40EE 0BFF6D 075249 0AC07E 0C6E73 0F3B35 00662F 073956 0CF26D 023ADC 089829 071714 071589 0AACA1 04BB95 09637F 0B1167 0E4C44 07A6B0 00640C 0B63D3 0A5729 021513 0733E2 023BD2 0E362B 0FC918 0AE5F6 01F6E4 0071F2 07003C 0B0CF4 0D3A7E 038827 0E51E1 04EE41 0B383A 00D548 0F2283 020FDE 0A5A0B 080EC2 04B4E2 05880F 03318A 0614D4 0E97DA 057307 0C7773 0A88D6 03A0E5 0CEE47 09EF0E 0183F8 001198 09EE51 0CF03D 0213AE 0B5EE5 09C61C 062F91 00B691 00AB45 0D6429 0E2572 0EE20A 003091 0F52D9 0C1AC3 0C2608 01DA68 07B90E 03AAC3 0AE447 07FDD4 0DE83F 0C7C0A 0621FC 0FBB61 032DA0 0FD97F 0378A5 0FDEC2 0C342A 0518AE 02EB98 050770 0DF74C 0D8C2D 0C91C8 0A7D3D 1B91F8 05865C 022F16 0B6832 0C2963 0B9834 06DC57 0AC00B 0E2467 0D8DBD 09AAB2 05FCA5 093E18 1DE76A 0FF1FC 0F4819 05F1EE 01F4BF 0D4197 012906 0E338B 06CA7D 03CD0A 0D8A1A 04A5AE 0BCCBC 03CF0A 0996B4 07A553 0298BC 0ECB36 0F0FE1
01F0EF 023ADB 0F538D 03EF64 0914F2 02D5F4 0CB9CF 0FE058 0F0E6A 0574D2 07BD3D 047D2D 0E476D 02F827 0E17B8 0DE04A 0B7CE2 08BEA1 0CB39E 0A187E 0CCF69 0B6E2D 039FA7 0946CC 028794 008C9B 0C3560 061130 0B1A26 07C291 074FD3 068FE2 0D1277 0CBB5B 018AC2 0943AC 0226C9 038001 0B92E4 19BA26 07ED64 056758 0DA151 07C75A 080ED2 087A5F 039EA1 0A043D 024FDB 0ADF81 0BFD9A 0079FE 0FEB0A 0FCAD3 02FD97 0F419A 0AFC84 01D3CA 08B907 0A9070 0A3B72 0F9B2C 019C99 02E5D8 0EA83C 0A0285 09CCD3 0C1DD7 06849C 058337 0D6CFA 05854B 01BD37 0F10BF 071193 01302A 035D82 0359FF 0D3277 0DBAAF 062BB4 09D084 0DE586 0ABEB8 08A83D 06A460 072BF4 0BEA11 19E4E2 08743D 0A8842 0561AD 0B5B6E 00D79B 0B5FC1 0DBF1B 036B1B 07CF1D 0BAAED 000104 0AF3F5 0DB4F9 0DA7B0 032511 0A4998 03CF9A 060092 0FB120 063D75 0073AD 091B32 0602A3 0407FF 00847C 06A060 0019DF 08C63A 160B11 0BBC4F 079A9E 077311 0130AB 06CD1B 0CBEA3 00A103 05EA58 0B432B 0A628D 0BAF0A 0294F9 0DB771 0499E5 05DF1A 0A4C61 03D97C 0A0EF5 02A06E 07A523 025C2B 0F4533 162A60 0C2082 0D8A44 06CEEF 08837B 03213B 090641 0D0D51 0E3743 015937 043C46 0C8014 0740B0 032743 065F21 0DB1C0 04CD67 09C98C 0EEE3E 06A14C 04940B 0ED7AC 0DA763 0D1133 130AFF 0D0F01 007E60 0BCE59 000A30 0BC38D 0FDAAB 084AA8 0F8BEC 025037 02D0D7 0E3931 074904 08AD00 0DCEBA 0E2BE0 0408A3 0395C3 0DD3DA 0CBFC1 0D5077 071429 0301C3 06AEB2 06BED0 0A6FE9 090B89 0710D1 0A0206 0C290A 002A1D 032E4F 04F194 0C8704 00B579 0E40D3 0BB1D5 06A38B 064A8A 0A3228 04ABC8 05084F 04FFC1 077AE4 055D9D 0B0F7E 0130F9 04E719 05BE8C 02D00C 07637E 008933 0B7787 0F9921 09FEA2 0D062B 09683B 052113 013639 056D8E 0291AB 00193F 0BCF10 012EFA 053D92 0BC637 0D9537 037C3E 098379 1439E2 05C2ED 04B0AA 02564C 08A3ED 0690A2 0D6863 06A354 016B36 0BBA2B 07467F 0CCE94 013C10 083A86 047560 0B586B 07F4E3 06E907 01928E 054DD3 075843 0BB8E4 06AE0E 01E02F 0F1235 0B0848 0349DD 04DB74 055685 0D8ED5 0D690B 060ABC 0A386F 061539 0CB703 1E29CA 0A8271 0DC589 01FA07 01B180 0BE1B0 0B1D2E 01C5F0 089AA7 01306F 0C50FD 0B2C42 051578 00B651 058AEF 0AF02B 084217 0DD510 00CCD3 0ACB43 0873C4 0540DD 07FE31 0B671D 0E1DCF 08F4A4 0F8F69 091C3C 0ED336 01D674 026A5F 0891B2 070409 0AE606 0796AB 055769 028D33 05F29E 0804CF 051A3C 0C4DB9 096800 0BA2E4 0C9E1C 026578 0AEB58 00E920 01352A 0723E4 0732E7 0EDDA9 0CD557 0BD7DD 1A7B71 071800 0BF000 0CD149 1BF291 01146B 0F1F90 0034AD 069783 0AB688 033B41 06AA76 0EA739 0C2760 06E249 0C8A64 0F749D 066FA5 001231 053F39 057AEB 08C33C 0B982E 02EEB3 038A77 02ACC6 00AC87 04447B 054242 04377C 0904EF 06A23E 047B8F 0A3FEA 0E7E93 013F50 0B68C4 0B2416 06113D 06F212 0E4F02 01985A 012178 0FF054 02A3F1 08CE2B 00B267 050944 05CE36 03AB35 05FACE 0950E2 02AE39 0FB58A 0BD241 0DF191 07B088 037B3E 03DBB7 097820 0AAEE1 0A3632 08F994 082DEA 0DF509 04DC60 0D821D 0CBEDC 074E59 04F121 0D6232 0C803A 002FCF 0DC62B 036ADB 004330 0332AC 08749C 0FD927 0065AE 06A563 067390 094BE7 01F83C 0F3842 04105C 0E2C0E 05D881 015A96 067BB5 07BB3F 0D8F01 09B6DE 080014 0F971D 081FA8 0E59A0 0A926C 019ABB 0C865F 0E2C99 0E0830 050A7B 04B7E0 0AFC25 04A86F 19EC4C 05FAF9 03E4E6 0233B1 02CD35 043D53 0F3024 02E31C 091D68 09C0E9 00D843 0799E0 063094 042AFC 0C95B0 0A7E0F 020FCD 03C907 0DC9BC 01E3B4 02A642 08243C 095C73 0F8215 098547 0E4D00 0B47FE 0A7A27 042281 025D33 06A9E2 0AE7D0 03EBB6 1838E6 06FC7D 077BA8 09F3F2 0F6EE8 00CE1B 0AADAC 0452BC 06752A 04AEDC 07A71C 0EBB0E 02826D 05E689 0A76C1 007752 00D733 0CE1E6 096FEA 079BD3 07C8A7 073809 040009 04E2C1 022776 0CEC5B 0DBDE9 040EC8 0AFCD7 08C5B3 0E972A 0D824F 04CA44 01F559 05DC5B 0FB4C1 082AFE 023C87 03655E 0C6C5A 019CAA 0132C7 079E1A 0D4FFD 060377 08A4FF 0303F5 00F64C 02CD51 04BA04 0637CD 0F3A60 00EF60 0ABD65 01D226 08E6F0 0069F3 0245A8 040D8A 095489 08385F 0AB5D1 04999B 034B8B 0575B8 0CC8C3 006A57 0CF6C8 072E13 00BAD0 05250F 07402B 0E5968 046F3C 0B9E2C 028888 07E423 1E92DB 091A20 0B312C 05F335 07851E 07F0CE 0D4604
0CF1E4 09C7C7 03ACF1 075BD3 0EB3D6 0D4562 0AACC8 057F41 0AFBB8 05D48C 0BAA37 07760D 0EEB1B 0DF404 0BCF5A 07BDFC 0F783A 0ED787 0D8C10 0B3DE6 065C85 0CBBD6 095642 028F55 05184D 0A32C6 0444CD 0889C6 0134B6 026AF2 04D060 09A309 036426 06CA2D 0D9271 0B067E 062D78 0C5807 08946F 010CDC 0218B4 043136 0860CE 00E66D 01CA99 0393E0 072131 0E4277 0CA555 096DFE 02FD82 05FB74 0BF26C 07C6AB 0F89FA 0F352B 0E4C41 0CBE51 095F33 029D5E 05384F 0A7321 04C472 098A6A 033672 066903 0CD232 098744 032C68 0658C9 0CB1BE 09458F 02ACE7 055B2D 0AB2A7 05453B 0A8853 0537AA 0A6972 04F47D 09E8DE 03F4D8 07E8E8 0FD24D 0F8488 0F2DF7 0E7E44 0CDEF4 099E9D 031D5C 063AEB 0C73E8 08C7DE 01AEC5 03597C 06B349 0D63F1 0AE7DC 05EFB0 0BD9E3 07966A 0F28B4 0E75A2 0CCFD3 09BF1D 035DDC 06BA2E 0D72FF 0AC671 05AFCB 0B5AE4 06968A 0D2B99 0A749A 04CDE3 099AA4 03141D 0628B2 0C5017 08844B 012E8A 025905 04B3F9 0961D1 02E451 05CB06 0B9089 070505 0E0847 0C3753 084C8C 00BE35 017BE3 02F186 05E209 0BC0A7 07A4BD 0F4898 0EB636 0D4EC2 0ABCF2 055C39 0ABA59 05573E 0AAACA 05759A 0AEB33 05F4D0 0BE848 07F577 0FEA8E 0FF6FC 0FCF66 0FBF45 0F5F2B 0E9D42 0D1D25 0A1F3B 041DBE 08396C 0054D4 00AADB 015017 02A2F5 0540B3 0A81BA 052501 0A4A5D 04B6F3 096AF7 02F4B3 05E839 0BD1BA 0785A6 0F0917 0E3561 0C4EB1 08BC44 015E4E 02BBB6 05709D 0AE1DE 05E654 0BCA50 07B7F1 0F6B5D 0EF687 0DCFAE 0BBDE8 075C85 0EBAFF 0D5731 0A8E84 053E54 0A789B 04D565 09ABEB 0374B3 06EA7C 0DD23B 0B87CD 072E31 0E5A92 0C94EE 090FB8 023D1E 047BBE 08F0AA 01C54A 038B63 07126C 0E22DE 0C6481 08EED2 01FF8F 03F8A1 07F131 0FE114 0FE739 0FECB8 0FFF42 0FDC0D 0F9C7D 0F1E39 0E1DB3 0C1F24 081FA3 001E62 0038F3 0073B2 00E080 01C1AF 038278 070292 0E026D 0C2793 086EEF 00FC8F 01F97E 03F39B 07E188 0FC014 0FA710 0F6D21 0EFC34 0DDEFF 0B9CA7 071D8F 0E39C7 0C5718 088EE6 013ECC 0278E6 04F3F7 09E186 03E562 07CB75 0F92EB 0F05E3 0E2FBB 0C7EE6 08DEB3 019F56 033989 067077 0CE2F4 09E64A 03EED4 07DAF4 0FB0D2 0F46CD 0EACBE 0D7E82 0ADF80 059F53 0B39DB 065418 0CA814 0975D7 02CCEF 05981C 0B3039 064526 0C8983 09374E 024E69 049B32 093200 024634 048A6C 0912D7 0207BF 04099F 0812A7 0006E3 000B53 0012FB 0022B5 0043B1 008188 010078 02033F 040048 0803AA 002612 004A10 009036 012166 0241DF 048386 09031B 0225CF 044AA1 089273 010605 0208EA 0413DE 082051 006629 00C904 019378 03200E 16429A 0C82E4 092421 026C09 04D8A9 09B2B2 0346F1 068AF8 0D11AF 0A0684 042E62 085876 109771 012820 025135 04A322 094182 02A7C8 0549D9 0A91FB 0506C8 0A0A17 0436E7 086A6F 00F402 01EB0F 03D205 07A07C 0F4208 0EA5DC 0D6C63 0AFF69 05DE40 0BB908 075631 0EAB1C 0D76C5 0ACCE8 05BF3A 0B78D0 06D56C 0DA84B 0B7707 06CF99 0D9BF7 0B1758 060C96 0C1BE9 081667 000CBB 0019E9 00306F 006382 00C3CB 01838A 03017B 060369 0C01F9 08247C 006FA6 00DA8A 01B133 036112 06C028 0D83A9 0B2414 066DBE 0CD952 0995AB 030C5C 061A38 0C3379 0845D2 00AD41 0159BA 02B100 05619A 0AC347 05A4EB 0B4B75 06B7CF 0D6808 0AF462 05CC02 0B9950 071414 0E2BF1 0C77E5 08CE3B 01BFCA 037B20 06F10A 0DE101 0BE587 07ED66 0FDA38 0F9526 0F0E53 0E3ED4 0C5D0F 089EC8 011D96 023AE8 047126 08E3CA 01E698 03CB8E 07913B 0F2279 0E6476 0CECD0 09FEF7 03DE4F 07BAC1 0F70F9 0EC5D5 0DAC9A 0B7CE8 06DFE3 0DB9FD 0B564B 068EAE 0D1A9F 0A15E1 040E6D 0819E7 001413 002B8F 005037 00A31A 0142D9 028342 050150 0A0311 0427C8 0848FC 00B726 0168D7 02D01F 05A164 0B43F5 06A4E3 0D4ABB 0AB6E7 054D81 0A9BCD 0517C9 0A2944 0475DC 08E9D5 01F770 03E9D1 07D12A 0FA2EC 0F64F1 0EEDA6 0DFE92 0BDF81 079F9D 0F381C 0E5686 0C8EC1 093C05 025DE4 04BA2B 0972B9 02C566 05897B 0B12D4 06079E 0C085E 0835F8 004E7B 0099FB 0133F0 026211 04C1D5 098334 0326E5 064BD9 0C90EF 0905D3 022D37 045B89 08B2AD 0147A7 028988 0511C2 0A2264 04670C 08CBA6 01B4A9 036B33 06D21E 0DA14F 0B6599 06EE34 0DD805 0B9624 070F81 0E1896 0C17E1 080CCC 003E50 007A2D 00F206 01E209 03C1FA 078007 0F000D 0E276F 0C6F9F 08FF06 01DD7C 03B8C0 07701B 0EE1D2 0DE416 0BEDFE 07FD80 0FF9F4 0FD5F1
07FF00 08CFFE 00CE25 0AA08B 0F0AB5 0993A7 0E543F 05F1B2 01816E 0FAFFD 024079 0470AB 083E18 0A11FB 09DBF5 06B697 0A630D 0B8BA5 0EBA06 034F79 0FE52F 0F5332 05AA63 04441E 01C815 0AE630 037F70 02F36E 0412A1 05A582 09BC1D 07A7A3 0779CB 07983F 0CA44E 0AF954 0F3E27 0EBEB1 0B4F73 0261DB 07EBFF 0DCCB5 03A537 0D5C2E 02CF71 09627C 028DB4 0051AD 030233 0699B6 085F8E 046120 0CFF8B 0FCE47 0F0010 0895B1 01B031 02AECF 042FE2 003EA0 1BCA50 0EBDB3 05CA87 0C2959 0E2FAA 05984B 0026AC 091B9F 09B2FA 0AF227 0ACFFB 0756B6 00FB4A 058D29 00B3DF 0D1FD8 081C89 0D64DA 0B592B 0D7C24 090F89 0F2A61 0B76A4 099D30 0B4B36 04F90E 0338D6 0A9BE5 01A55C 01CB79 06EDFD 0D6EB7 01460F 04C4FC 0B6EC3 0C1FAD 0DC980 096199 050D60 001143 0F9E31 0AEB0A 0DE9F6 066050 0DB8F9 06A043 0A8CC6 01BB80 06F9D1 070545 06D919 039334 0B3CBC 006556 01877B 09685F 0B8D95 05EDC9 01EBAF 0CD9C5 0F6759 088F33 0BAE4C 0C934C 0AD832 0F7568 15ADC5 0E6D92 0B0C2B 0CF579 051246 0E2A50 00DDFA 031EBD 086B84 06BD89 0C7D04 048E30 0C42A9 0C7EBE 0F1E72 03AE1D 0EC942 002D7A 055D2B 06CC8D 01E69F 0A227D 0D9FFE 07CFBA 004093 0A277E 09F6D9 04DAA5 0563AE 0ED6FB 0D55C4 05F647 093093 0837D2 0B3C92 0C4CF2 0EC877 07FEBC 0CB425 01BD56 0DB32D 0D64C4 0FC41F 0D65D5 0F4EFE 056FCE 0127D2 06CC30 08AD18 02C9A9 0E5B14 0E17E6 05C98A 0C28EB 0A6176 02FA79 059EF9 022902 0613C9 0F89B3 0497B2 06359C 0702EE 0B0297 04F6B7 0716A3 060219 04648F 021B24 0EDDEC 062C0B 16B55F 0F799D 0B0AB1 0F6DEE 008D64 0896E3 0FD67D 01543D 09C38E 195325 05EC9B 0AA4B3 01B845 0A85CF 0C2C4A 084EC9 045631 01981F 0A6BD9 0D1AAF 04C887 0F183F 0148FD 0B6B16 031F49 00A92F 036CAC 0AD6B0 08D74C 06BCB5 0B09CD 07BA65 0686FF 0F2529 028E28 141635 0FCC25 015FE6 02F91C 0E3A62 06547E 062062 0A3A47 07284C 15136B 0DF866 0D5AF1 0F3E56 0B7A97 0B9402 0E80BE 0F9C8A 073110 0271B6 07F486 067F2F 04B313 0461D7 0D00A3 02104F 076ED9 078CEF 04D486 0CEA98 0C3714 0D0508 018A87 04C35D 024716 04274F 041555 0AC9C7 0A667F 0E2A2C 13E27D 065C4C 070F86 01AA3A 0DA95B 0944B8 0F4EA1 06E2F0 0D46C5 05F96F 0CD755 0A1957 0A85E8 09BF03 0A4C26 0A059F 03683D 09E7F4 050058 02F9D8 0B4131 068905 0F3DB5 0169C6 0255DE 0558AB 19F4CC 026710 0B30E9 0774D0 03DD14 0FFD73 035EDA 00D733 013CCA 0A1A8B 009CEE 018D3D 0709CA 0A8CD8 08A543 0EA771 0CA7D8 08349B 07CD63 08E051 0CA28B 0BFF1C 0C6EF0 090628 0F3AEC 0D471F 095776 0A9D14 03441D 0DAE82 0CDBCD 06FD96 0B3526 016EC4 0E63DC 0EDECE 04DD70 0AA9D5 04D365 0A9052 0CFF17 07CFB6 02C4B3 089F14 029144 04FC2D 083C31 04D441 068A54 002E59 084F4E 093B28 0F8F30 0963B2 055930 030933 06CDA6 0A3525 05ACBA 083E88 027318 0FB122 12A05A 01A178 0951E8 0DA034 08497D 0F7638 0F05CB 0B2D0D 0B2F0F 03ACB4 077828 02C417 0AA7DF 066EAA 039313 0B64B0 078C29 0DA958 01E870 06B472 0392FE 0070DA 080941 068DB8 0B35FC 0D19EF 05F838 0685ED 088396 0FE0B2 057379 090425 0E28DD 0C9653 0BA646 01B67F 0B8917 011F29 0C307F 05BE37 09B2BB 082BD4 035D09 03DA7E 07D98C 079113 021F9D 074CC3 0048BD 057F4B 07FAB6 051CDE 00327B 188710 021C15 07E9AB 028CBF 00578D 0EE5EF 03EB99 072F7E 017CB6 061A30 09E423 0F3D8C 053309 066A41 014584 07F93F 00CFC5 016CFA 098C9F 0ACD38 0AEECE 07B59D 062809 085EC8 0C240E 0E201E 03BBB8 0D2799 0E0568 04F806 0DD060 084E39 05C0C7 085742 0FEA3C 0C5A0D 024644 089EFF 005BD3 0FC955 051AE9 0EA1E6 013B62 044DDF 0F0129 0C161E 0E123A 016D9A 07D17A 0AFC19 0B3C11 02DD8F 0746FF 0B811D 037082 0C8126 0434CA 01E628 00991D 0CADEE 0217BC 0211B3 043429 0B6B54 0979C2 09668B 059B62 0D17A7 0D7535 0CCC81 0BF6FF 070408 06CE26 004D48 0EBB97 0526DA 0E0108 0A66C3 06EFEB 0B8C62 0C6C10 097E29 0ABA87 07B99C 02D955 009385 0D8A48 033480 02EB29 0E63FF 17DF58 06C67B 0021EA 0F44D0 01B22F 04A73A 0832C7 031ECE 0EF123 0575A0 068914 0125E4 05962A 065B90 094479 080327 0AC8BA 0C4343 01EB6C 0DE063 0EC606 0350FC 0CD1B9 066EF2 0A5B66 0905D5 031FA7 0B04E7 0E8B29 06C9EC 01381D 05ADD7 0C593E 0BECD3 0FD012 020F6B 0604FF 022A4C 0D246A 06E7D7 08E6E0 059B1D
0304F1 0393E2 02879F 02A366 0CA815 0E63A3 0A570C 08C50E 0E5BDB 0FD968 07B86D 04083B 091D65 0584BE 0051E0 063566 03CE31 0ED410 0B1BC4 03E6A7 1B89E8 0CC34A 0F681E 05674A 081440 00B872 0B2430 0D0D4E 0A6E87 0E9403 0C9AF7 0A3817 0DBA59 0E0653 06EADE 0BAF8C 03D966 019520 036B88 087AA6 08E78B 061120 099BA7 0E6AB3 073550 0FBD99 0A7945 0EB8CA 079BA0 0E3C28 0D246D 082528 04B30B 02F4C5 086D4A 0D106F 0069E5 053FD0 0EBAE2 01F68B 050D5F 024D02 02B0AA 000A05 0E432B 0B548E 046CE2 0FCDEF 070141 066D70 072F78 019F8B 017450 05CAB8 0525BE 0F8F95 067C58 043619 0B87D7 028E42 08638F 0908A3 0072DB 0A2856 0B04C4 018FAE 09F390 07FFFE 062857 074E11 0F4603 055F3C 036A56 0DC9EC 013BEA 00E462 0C5CC9 1C6091 0800AD 07DBA0 0AA7DD 016CD9 0F8203 0BB08B 05E76D 0A23CE 0CFB14 00EA80 0E890B 0B15F1 0ED484 0EF37A 09DF93 08756F 0A22C4 03E31B 0256F3 09A97B 0603CD 0568F4 06699E 0FD794 003773 017B7A 0F07ED 027734 0A9DCF 0097B1 0AE1EA 02218E 0DFC61 0BB97A 004CF1 065F76 03498E 042B12 08F9BA 045926 055281 064E24 0D4FB6 02F131 08BDDB 09164E 070F73 0AEACD 0AC9CB 06AB10 053035 019E7F 033787 00E3A0 00E52C 062F44 0119BE 0C2188 0C16FB 05875C 0EF3D5 0213C2 0D7FE9 0895CA 14F443 08C74C 0F11B4 0E24B4 0AF81E 06EB5B 1F8155 02D0DF 0419CA 0530D5 0589DC 0B20CA 0E2F6D 072599 014AD4 0DA194 03C1FE 0FF2BE 0A0896 012BDB 0534A3 0DA00C 02ECA7 04F268 182590 0B4789 0D9D55 169FFF 0E20E6 051440 0D3079 0B3C77 01934D 08BC09 0CDD60 02D5D7 0A8A47 008DA2 0AEED4 052824 09DE41 008E60 0A456D 096882 02B5DD 0FA5D5 087DC2 0A1156 128172 03F32E 0062A1 0D0071 036609 0FF7CA 0CFF5A 01E360 0BDC33 06030B 0A4125 0B574C 06BB9D 0DAFC3 0D27AE 0D0620 091F59 0AE8B9 0DCA66 06D483 0F167F 0422BE 030D32 055BC1 026827 133510 00D481 0136E2 04114C 0F0EFD 0CAC1B 053F5C 0332C5 0D31EA 02A6C6 0A3E8F 0AB980 030536 056352 088021 01723E 015D3F 04477C 084D1D 05F697 01462A 050639 0713A8 025535 0893D1 0E21E6 01F6CF 03E94B 0F42BE 0CCD6C 0D6D49 00280F 0D6061 06A07B 088480 0D8767 05CB07 037792 00AA29 06CF04 03215A 0F4EDD 0B5007 00797E 0EEF57 087B51 09BE45 0A2446 0942C3 0DE09F 06E628 0000CC 0F747B 05C8AE 0CF995 074704 0193AB 0F4444 055A4B 0D22B6 0EB54E 099ED8 076100 09AE9D 00404C 048E13 07686D 0E9E92 0AB038 0EBB62 07EBAF 045357 0A99BB 07CD9B 08BD24 0DD476 0572D7 00B953 045C03 0EC34C 026C5A 0FA42C 002C87 02BBFB 0F3EFA 0B7CF0 096C46 0926C0 0BB28A 0AA233 018CEB 05AC35 07A469 093D62 04D5EB 0FDF0E 0BF5C2 005600 09AF7C 0AFD0B 0C8D3B 00EE0C 00BE0A 1C6389 06A457 02DFD3 00E0FB 0549F4 0FAD4B 01DCE8 0E1792 048D43 0456F4 0EF211 0293E3 0228FC 046E3B 042965 021C98 07C7B2 0DD822 0CE3F0 04A29B 078E97 0AD633 02BD99 0B9E90 052117 0298EA 0E216A 01ED05 0B9A92 0C237F 030851 0BE9DA 0B981C 0B0917 0DD6B9 0BDEB5 07CB51 0695EF 01EE96 08522D 0EEE40 0FEB0F 0399DE 072837 0B49C0 044D7D 03469B 0066A8 066C0F 0575E4 0D82C5 002304 0E8A0E 04FC7E 0416CA 0DE60F 014F0D 080C61 06ADE2 0C315F 051BA5 077829 0ED949 01A650 07A377 0270FC 069AFB 047277 0ABCC5 01F133 035AD6 05CB0B 0B195D 064EF0 0E419A 0F5DBD 024D4A 03C0A4 001FC9 054F88 0EB6A8 05B982 0B2F41 0560B4 00FBDF 06D932 0F784C 074300 06A103 0F35AF 0B3F86 0866DA 0835A6 0D14C6 072CE6 0E5E8D 09524A 0481C9 0AB102 0FA212 019C5B 0D4CB6 07C981 01CB72 08899D 005BA8 0B09BE 01685C 04EA95 06BD89 05AB39 0CDD3F 06EE8F 04FB31 07FE76 0340EA 040D4B 1C21EA 0F98A4 03F074 0EEB2C 06E0F2 0EAD70 0EBD19 0987B1 076AF2 0BD24D 0CA155 0A3476 0C3035 07D78C 0E6668 031357 0C1CBB 02A580 0A2710 0C8CB4 0AA509 03B64F 0EF7BF 085922 06084F 0403A9 09C190 02F1C6 0BC3F2 09400C 0F78CF 062D56 01E7CC 0C4A46 0CC9AD 0E7CE9 0C00B4 0B1551 04EF23 03B64B 022383 0FD768 089B67 008A1E 056819 0B0DFF 0D7013 05082A 082CB1 03179D 0D2E89 0E7ECD 1979A5 0E00B9 00F27A 02B998 0E9579 0CA158 05B8CE 0602CE 011258 049B04 08441F 0B7935 05E791 0E97AF 0006B0 0E493B 0F32EF 02CF6F 0F6842 053B6B 0A370B 046576 057458 094A27 0991B8 001353 033A84 09B02B 039BBC 06E1D6 0858DF 03E833 06D954 0B48A9 0D1A45 0A8F6E 0B2830
0EA8B9 0E2814 06B27C 0BF74E 0301B9 002922 017DDD 0B99BE 0C87B2 0519A4 0B49E5 0D76DF 0478C9 0DAF13 01D5CA 065FDD 035399 091D22 0F0119 061FC1 0D699B 007435 045CBF 0D5183 058F68 03A532 02390D 0FBBE7 01A058 041FC2 02B787 01BF85 059319 0C0D46 013357 0A9314 02146C 0CC5D2 0E5C87 03732C 097EDC 0EC3A7 0D9C44 0ADC9E 0B9FE1 07E161 0822FE 0F0A55 05AA94 0704B9 0C732F 0B235D 096128 0A3AF7 0227EA 07A486 000CB0 0AC434 03FB35 053D21 0C3CF2 0A1292 06404D 0E86F2 0D297A 0A5620 058E37 031B58 06A1B2 09C208 07ECF4 0DD0B9 0BE091 04C597 00ADCB 08EBF3 0CE4C6 01B50F 0139CD 00D4BA 04AF3C 0130B3 01B163 0DC5C9 0E7204 026C82 016692 0F6293 037EEB 0AE0A8 05FC00 0B38EB 0057E6 00C68E 02E803 0EF5D4 0459DC 048383 0859C5 0A5767 0238A2 01BE1A 0D50C3 0B3804 0BB5E5 089466 0F32FF 0F59DC 0675DB 0B78F5 0A384F 03EDEA 0A74DA 097479 0FD52B 0795C7 0F78A0 0C5607 0CAA3E 081D1C 0B5D88 0C2920 0D6044 020F71 03C965 097F32 05433E 060E2E 08A30C 04EE72 05D2A9 0B38DA 0296D3 036051 04EF39 089E1C 0B3D7D 07EB5A 0272F2 0939CB 0C4EF7 088310 00C539 1E8B7C 05CB7F 0CE2CE 020BF1 0BC61D 09F3FE 01DB53 037726 00CA05 00FDE3 0A9BB6 0EA200 0073C5 089BF7 0245F0 0E2DAC 09EAE6 0F1D01 098488 0F829C 0A9FC5 0894C3 0D94BC 0F14CE 0E862A 096F31 00B442 030EDE 051E13 023FEE 04CBB1 0C1237 044D48 0A01E6 00C105 06EB2F 06FE55 042E5B 0668D6 0DAECB 009C22 0E8EEF 00607C 0AF965 04A26E 02E2A6 087669 0DB783 00558C 08DE58 02AD9C 0CFE4D 046E44 0581F7 011A4B 02464F 072A77 0375B3 0F109B 015472 08D56D 02DB6D 0F36F4 0ADA41 017E9D 05F00E 03CCD3 0668C8 0350F0 0A5F9A 03A4C1 0EE62F 001F8E 0F61DF 04D9F5 08E51C 0B4CA4 030BE9 0BFBD9 084E43 0C828F 081E42 09DE9F 0D0C25 0E4387 0F0D50 035AB5 0D4A4A 05C1F5 00DD4F 0BEE9E 05E888 0B554D 02AC09 041368 02635D 067637 096E98 0E9549 0E949A 01E9B0 042817 07FD86 026591 08F052 00DFFD 097A08 04467E 0C642C 0FC7C5 068379 04F01E 06F354 059F62 084A18 0B102D 0B92B1 0B7E90 05C5D4 036DAF 016AC9 0F3C45 01E521 1EF597 04F6A1 00B8E0 0B63C4 06D260 0C0006 0525DA 02930B 03736A 040C72 0F5E2A 04D3CF 0B779F 00490D 04DE7B 0B90D6 06621C 07E14C 0677B5 01DB6F 0AE8C3 0FA64A 0D58AD 0B1053 0A27B3 05B60E 05AA2B 0DADF1 0CF17C 05CA7C 0B29A4 03B6EF 0923AD 00DAF2 0474FF 0680DA 0EBD8B 0099F2 0FC8E3 088A7D 08B9D5 0DA756 0C3530 02E22D 001499 0EC3D7 0A1A6F 099923 0FAF41 0A65AA 0C6407 0C3DE8 0E97E9 0B205F 076A05 06B0FE 0EF3DB 01608C 0739F8 01FB9B 0F4F19 0B87D2 0EA6F0 01BEBC 052179 08EFD4 04B857 031970 05C7E8 040F4E 04C65C 0FB0BA 0EE859 0096A0 0AF2AB 0BB23F 041BAC 02F45B 037F7D 02348A 024375 05AE02 023915 0FE0AE 03D353 06DA9C 0670B5 025516 01F7B3 094071 07531A 014AD6 0D2E68 076329 06F91C 0CA0BC 03E511 037F2D 031259 09296D 0AC8C6 00C756 0A4233 0A518F 03DB37 0D3DDE 0E89C7 0BDCE5 00B3DE 086DF9 080C5B 072E4F 16B564 0A9B5E 0AF803 0A4AA6 08A8B9 014CC9 0359B3 08B0FA 11B8B4 0491D9 064F6D 070564 025C83 06C260 0E6746 03E852 0F0D0B 084D74 0351D7 09E664 0931E5 0412EB 0AECBB 03B8D4 053F83 083D1F 0258FE 04B425 0948E6 03B510 0F6B2D 0E660B 086D16 04B674 0B6356 0680A3 0E21B7 0540A0 0331DD 0B71F9 0E9DBD 0F4FAE 0C192D 0D12BD 026E1D 070988 00B505 04B4AC 07C104 0A3EF2 09F449 0E550F 009530 01309B 02A056 03407D 06EDC1 0EBAD7 0672B1 05779C 06D8BB 0CE885 033753 00DE75 04764A 06C0CB 0C3D73 05BD4A 04A23E 077C7E 0FE549 070D2F 098814 0FD888 082C74 0DD07E 063C91 016034 0ADA8F 05C454 090856 061336 0D48B8 01F410 095E41 078ADD 07FBFA 082202 0E8986 0AAA4C 09FA41 076E76 0B50D5 0A8D3E 05A742 0F8AA0 097CCD 00F285 00A7FF 0B6A12 074398 032296 0B9B00 090D78 020024 05E175 04C2ED 017C0D 058BD1 00FC20 0E2DA7 022054 065F02 0C7ED2 0EFC26 0CB2A7 02262A 0FFCD5 02C8F9 0DEA02 08A429 0BC9C8 0221F0 08A80A 06EF64 017733 075095 032832 0ACB18 01ACF9 03D0AD 03E155 05882B 09768F 01CAB1 0B97F2 07BC16 0AF8E9 099EED 0187AE 07ED0E 08B3D1 0A6B14 0D20B7 045542 09D5FD 086C90 0F49B9 03E8E2 0DEA90 0A80A3 0E84E2 009816 0C4923 03ACA8 0F2C8D 0D4F32 031892 0B8132 0A7D15 0EC47A 0DD81B 0837CB 0D6876 030E06 094ADF
07E140 04D36E 01963C 021A09 0DB1AB 07D56D 0BF3DE 054C53 0EFC6B 0EB566 062A91 07C7DA 039CBB 07409C 0D4354 04804B 08DD27 0F7D2C 09207C 0DEB72 07685A 0AEBA2 047D7B 04BAEA 0BABAB 019153 046E6B 02D5EA 057DE6 0C5B06 0DF8B5 00FE26 080CCC 0F0D28 074280 05F0E0 00D561 08BF1D 096C1A 03EC55 0F5994 0A067F 00E7FA 07C192 0FAE74 0E1EDE 071E5F 068CF7 082BCD 09BEE7 0D8D4D 0D4191 09295F 0E31FB 0EBF0D 0AB9DA 0A1AEC 0E8901 096008 000C57 077F34 05B4A8 01BFE1 056CE3 0A14F1 026FB4 07B6CE 042FA5 02CD43 018D35 03F2A6 00A35A 0B2CFB 05AB9F 05D6B0 0F774C 186690 05C01F 02A98B 0C80CF 0734A1 0E14A9 0FEED2 00DADD 086EB6 0E8DA4 0E436B 0763B1 00546D 04F4D2 0B4092 03C217 0CEA1C 02003C 0B1527 0E5378 0EF6AC 0E6883 01F1A1 0B199B 01474B 0864E5 07384E 00BDFC 07E458 0B448E 028584 040149 004354 02111B 0087F8 0460F0 03C9C9 0F6730 09DD6C 0A7039 0B34DE 0932BD 095B3F 0AC053 079445 0E8F9F 001C76 09E23D 0DB63C 093035 018365 0D0707 0AF2AE 032760 012607 09440F 0A7A48 02E5DE 04271F 072838 05AD4E 040D96 0244D5 06DDEB 0F3CF5 0A5BD5 04FF83 0ABBCA 0F7063 0F5184 022799 019346 0DAAFD 0FCB2D 0A1D56 091413 0A96B1 015F13 00738F 0684DF 0E441D 06EA97 0F4652 0A2A9D 001C62 033195 0E0405 0F9FDC 02B96C 088B19 0E2D23 044331 09F3B4 08462F 0C18DD 0D6FC7 017551 0E1E25 0B67D0 0D4262 077026 009BE6 020F28 0DDEDA 052F62 0F2638 05C6DD 067DF5 03833B 0C3F91 0109A6 0822A1 0150E3 0B033D 0BB667 0B179E 041478 08CFE7 069C8B 045758 035B38 0984E0 0A72C4 0EB5D5 0E793A 0552EA 0613EA 0978EA 085FBF 046BC5 0F3B24 017B23 0B6CF8 0A8EC9 066416 062F9C 0BCF53 0B727B 007C8B 05565A 078171 0698AA 016072 00994E 03D5B3 00ADE3 0914F0 00FED1 065D39 01F71E 0951A1 07F3A8 040B60 07E4F0 0096EC 0B37A0 061AA4 0E92B4 0823E4 090ED4 09EE41 0DC85D 0AEB47 0F161F 09BB31 0E9A65 03AE0C 0264AF 0D626B 073736 003266 025D4C 057C3C 04D8F3 084F03 0F5D10 01635F 0DDFE4 038271 0773CB 0D61D2 06C3F6 0C7A0C 071588 00D43F 06B653 05E752 0F3875 099D6D 0D306C 0BDB29 0B76E2 01158A 0C8719 0CB35E 05EEF9 0E4049 002FDF 04C177 0D0813 0E3DAC 0C56AD 08CE69 03BD8B 075FF3 0F9953 0617AF 04B988 0D63D4 0A2E2D 023F2B 0615F4 0F6CC6 04F8EF 0965F6 064D74 09D381 098EB0 03CA27 003367 0D0C88 01878D 0E7CD0 07A495 043C8E 036E66 0ECFAD 0D8C1D 0ABD78 095F93 0245CA 024950 02FDD8 06F6EC 05ADA9 09EB84 065012 01C8C5 080958 0C42FB 0BDFE5 0C7AC7 0742D5 02DC1C 078344 0EE4C1 02CC34 0C6785 079C3B 044664 03DF7D 0DACEF 0B69C0 065601 09AA62 0B3E30 048F3C 0FBCE7 0A125C 0E2F57 0D8BF7 0495CF 04D70F 0693C7 041C03 0148EA 0981DB 0B1373 073794 07E843 03421B 02D861 073BAA 0A163C 0765C1 05AD79 00CFF1 0D8DE5 0B468C 056C81 04FD0E 082490 0E8F09 0AC2D8 0A2942 08E828 05CFCF 0A1132 08457F 0274BF 020C5B 035464 0CA52F 09BA68 05F751 0E8675 06046D 05FFD0 04C8C0 00EEF0 0AA974 0E43E8 05B1C6 0352F5 07B1C9 17E156 0B51AF 024D1C 029227 050E09 0B795D 0DD7F5 033A8A 034290 0F4824 006433 06B696 0EE669 01AB9A 01A9CF 04B55E 062593 06D4AF 09FF82 01353D 050E3D 015625 087E15 06CA05 0D5E2A 0CFC7A 0AB179 0E03D9 06B130 0977AA 022447 030A59 0C7D38 0B0A75 08B0C9 059AED 0D994F 0E3BCF 057EDC 032A4D 0843BD 00D983 02514E 0B8570 0EF3F2 03B475 041516 03EC79 094CB4 06E01F 0F6987 0B907C 0C6D46 0309EB 0906FD 0A721E 06B53F 0ECCDD 00BB39 098A53 046468 02244A 039C9A 09F477 055197 0E2DEF 0856C6 01860A 0B4AC4 042772 0CEFC8 0C95C6 020588 0CFC30 0EEFAC 0410F8 07D2AC 00DFF4 0AA564 0D3863 086799 014BFE 0FB276 069C21 03685D 04AEC3 0A9FEE 0B19A8 06C88F 0B71E0 01A804 085E08 084902 068736 0CE5BE 068FFA 06E515 029CDF 0F6642 0CBB72 0BD095 038075 076AEC 0D9199 012290 03D5E7 0B08B4 03EED2 0953FC 063882 09DA39 0E9CF2 05846E 0F58A6 0C5D54 0EFAEF 0E9955 0753D8 0C377A 0CCB82 0DDDD1 0896BA 0968B4 0145DE 0F2F6A 0385CA 08104E 083B36 01263C 09CBAB 0F02E9 0B5CF0 0D15ED 06F996 0A8B77 0E987F 00C3E9 0FFA2D 0CEACD 0032C4 0ED3C6 08F90D 0A7E5A 092B6C 1D0DC9 010216 0B54CD 0CBCA0 086B15 0955E1 0F1D44 024704 0692B5 0DC5C0 0C8C16 00515C 0B5026 09B0A9 0A19BA 0E653D 0FD888 061380 00902A
0BBFC2 0D5643 00429B 0F3096 0A869F 0B0E94 06F87E 0F373D 00199E 05562F 05B79B 08078A 0BA966 020FA1 05C65B 0464F9 00F606 07EA4D 04B27F 0FB00F 07AC38 0C6FB0 018C2A 02606E 028B8F 0B39D2 0FC809 0F3D3B 01AD4E 05876A 090B63 00615C 046B56 0E5DBC 05BA3E 0203B9 050A3F 0FE5FF 0A6712 0E29ED 05F779 01A20E 0C3F66 08AECE 011DEC 0B3E47 0784D8 08862D 0223CA 0FAFF0 0D547E 0E647A 030922 0F0D66 05DC2D 0FB2B3 02191F 0ACF9C 01E850 057BA8 06CC63 148D5C 0DCFD6 0AD72B 04598E 084F8B 04C957 0098FD 0085F1 0D51C0 017F7D 03F3DA 0B9A3E 0F66BA 0A8CA7 047216 00CE31 0573B4 060088 0CD764 0EE206 049248 0D7272 0F49CA 0C1A49 071881 0B5FAC 065F67 013A66 06B36B 039DC6 061FA0 0F318C 00E35D 04AB8E 0CFBC8 080A94 0D71BA 0F6DCE 0608E0 0A24AD 0F5311 0C42C6 0B90CB 0AD9F4 0AC8E1 0B4B15 018A71 0019A6 07724C 075EFA 09486E 01C27B 01EC32 0125A7 07B1B3 0A11BE 0A64AF 0414E8 0C1838 00F663 0C487C 013B5E 07B3EE 0FF139 000B5C 0A64B4 0DE28F 0A056D 02FE35 0FC17C 0F6AFF 0897A2 03EE55 06A1CE 03E4C5 0B579C 088A72 0E9E7F 04FDAE 068401 06B8BD 0D40DC 013867 0DE01C 073720 0C4D0E 0AE120 0CA658 0F8BF1 0E1203 076544 0AD3C7 0AD60B 1D961C 00F2D2 00DD93 04C114 04614E 0B4E26 01E745 04C37E 05147C 01126B 0A84F2 05DD5B 0D9755 043409 029FF4 01A4C8 07302A 00CB3E 06E7C7 0AED70 091D88 0F958A 0A142F 07C188 079116 0FCA78 096AC0 04E3B6 03256E 082DD3 006A42 059122 0FA55D 02A093 06C89C 002CDB 0A700E 052660 0255D0 0D90AD 0B1A7B 0D77FC 07C491 058735 0DF901 0589DF 0031F7 08FC6D 04D33A 00E557 0BC441 06104B 0C93B1 09AFEC 0FD5AC 090886 00878C 0DAC43 016F59 002F87 0CA32B 04DDB2 0901DD 00C31C 07D8A3 10731B 04C388 0F524A 0388BD 071147 0F8710 02BABC 076735 0DE769 072C84 052365 0DD581 0498FC 09804F 02201A 07EA5D 0C4BD9 04EE9F 0518EF 0271BA 062CAD 050CE4 0D8065 04067D 05BA83 030DE0 0EB223 06CF49 0C82F4 04C974 081689 09C4C2 0C81AE 0B42F6 069D12 04F08B 02D817 02FE65 032814 075CB6 07C2FF 08C263 080152 029D7A 0E5B83 07D312 0AC4C5 08A3F6 027258 030BCA 064F63 06AB82 05CF85 0F3F89 0A8F97 00FBA1 0A2EE3 0F9929 0BE22A 053340 02D9A5 074B05 121207 0CB4F1 0F9485 091750 08A64B 0BFFB3 0A55BB 09EAB9 0B290F 0D0483 065BC4 06DD88 081B02 0A519B 014F79 032DD5 089E55 001623 0FC5C7 0110CA 08BBB6 0A8784 0D328E 0581E1 08A204 09842D 033F68 0EACDC 1F3EBB 066F1E 021D82 078AFD 0BB237 03DBBA 04DCC2 032408 02E2C0 0D9C92 0A7A2E 085874 0F2E99 017051 085AF6 0FC531 0665D2 03389E 04EE54 0E86E2 034E01 060156 0A86D5 08B145 04AB93 030861 0974E1 061552 007D81 012A55 0CB770 0B20B9 12691F 0E0227 05A4A4 00CD62 0835A6 0D5FFC 0CB0C2 0F31F3 0C309F 0207C6 076536 0EEDAD 044748 027D50 00A80A 0101D0 08AC93 059957 042F69 0D606B 0719DE 031229 0C7DDC 00F40F 062AD2 0BA7AD 06EB3A 078C5F 086F92 0C3B5E 0C78B6 07AF0E 0B7A22 079A8F 0BF5E5 0B1600 0ABD1A 0679F4 0E7515 07601C 032AB6 083DD0 0181DE 0E44B3 026CCC 064FD6 023725 04E6E1 0C59E6 04E1CE 0A066D 066D06 0F806E 0FDA60 04DDB7 05C68D 0EFC51 041E2E 047AE4 073402 034B08 091CF3 09B70A 0641EC 07BFF6 03DAC3 0CF01E 08CE24 02CCC4 0365C9 019423 067D07 05D344 0EA402 0C65A6 0C133C 039C7C 0DD140 03FA51 042F2A 095CB6 080F27 0CBB6F 040AF0 08FFEF 0F2635 0FA1DC 07A83D 09B0BB 00A847 0942C9 0745A1 05DC30 0125E9 015DB5 076868 0B8691 049E21 06F887 0311FF 09DD9E 0430CD 02B6B0 0474E7 068829 05D77C 05746D 056924 0F0A94 0BA689 0E0D5F 0F45FC 0518F4 09E1F5 004F94 05DD21 084312 0956AA 044ABB 0FCEBA 01EF22 077399 05377D 0D5194 09EC28 0805D9 034255 0DF0B4 1C3BE5 029710 0196BB 0CAE8C 0627A2 0853D8 04F401 03D590 054E6B 0B806B 0D2B5D 0D69A0 0B9833 0D5D7D 01C1AD 03854B 0D35B1 0ED1DF 097045 0FAD19 073264 07EBD1 0DBAF4 0FA18F 0A789F 074DB0 01444B 0C199C 0065DA 092DE2 02BA40 0D081F 029B5A 089C19 00A8AF 0D6B94 078CF8 038177 0B3868 07D1F8 083DA7 0CEEA2 0E853E 070642 00B011 0032F9 03C80F 0CCF78 0C5F8E 08E81D 0D0AB4 0D3909 0BDAF4 073A0F 0EE96D 07BEF4 0D83E2 03DBED 032A22 040D55 0F8C9F 0512FD 0E531D 0BA548 01010A 03D750 03F28F 0FF60E 0D07FA 060F61 0ACFBB 01E1DC 05632E 07F96C 0D4583
0F0FE5 0E8BEC 0ECBFD 08415D 0B9D9A 156F77 0B66BF 089E02 009F42 020C1C 08A643 023E1F 026E32 015313 0742BF 0EE4F1 08F526 0FF7AC 096448 049EBA 018CA6 0FB1A8 0BF009 07E451 068708 0C3AA0 1B6963 0A452C 0E1C5B 07B663 02CAB4 02CA4F 0DCAEE 07D28F 092A7F 09307E 066BB1 092EF0 065225 0FB493 00D9B6 0E15E1 0E2DF7 014570 0B7104 05B281 070602 002E1B 0909C5 0BC300 04E959 0F76E5 04C471 02448F 0FC4F7 07377D 032B9F 0C8171 0E132B 0580AB 0EB0C6 02855A 0A6717 0D1FEF 081C6C 0111DB 0F0985 0FC654 0F6E02 0345AE 0E2CDC 0F021C 0DF7BF 05AA56 00A91A 08E4BB 0548D8 0F545F 0543C6 019920 038A51 0934D9 0DAFFE 00F00A 021722 0C1573 0FA283 087D05 082146 0D16E9 0387E1 016D17 05E019 0DCFD0 0C2D8F 06CDEE 03F504 04EFCD 02F84C 081CCA 058408 0150E1 0B40A3 0908C2 082A25 01FD9C 0456C4 0A9ADF 008862 0B9AA4 065262 01CDDB 005A2E 03D5BF 0787CB 09F1F4 06B7B6 0D9455 08F7BF 0C0B52 025C56 044985 0F480B 0B1B06 09A43E 0DA40D 0BAC40 0F4F23 0A5D16 0C9B51 039DA4 061EFD 0E5487 04D2A9 1A48D0 08BFE3 0C9D38 0FEE5C 0F5016 021D44 0D0DAD 05A72B 03E3D7 019452 019A97 0915FF 0006FA 031033 019C93 060C74 0094B9 08798A 04C8B7 0B4BCD 0EC11D 0F4111 034FBF 067772 06B1B3 1B3CA4 00F160 01CC18 0790C4 03412A 0B38B7 04BDAE 0382D0 00FA27 0FF9DD 0B8444 09628F 03BEFB 05C466 038D1F 0CA64D 072313 0F0588 0FF085 0C1B7D 027BAB 032078 090FB6 0CCE44 0260E8 0DD37C 0AED3C 03B608 076C59 0B6A10 087059 0D430F 0F54F3 024C90 039AA5 04317F 0F5D09 07ABD5 014784 07AED2 0859AD 060988 054BBD 094F21 0FD56C 016BA6 0BE55E 000AF9 0608FF 04345C 0ABF29 0F81FD 011295 0D3CA4 09B07E 00BEC4 0A5B5E 04A5BA 0A6551 089D6E 05AF4C 024D24 046DCA 059C88 0FB763 0614EE 0B532B 0B0076 0E6C44 092990 0DE6E0 08DA5D 02A8CC 096021 0C7049 06851F 0EA4BF 0A603B 07391E 080802 067EE1 0318EC 034077 0E3C58 0774FB 0FEEE1 0BBA1F 0ADE07 069B21 052AC4 098158 0D7F57 07457F 058E37 01F687 0BAFD8 045177 0208E3 0C9ABA 016CFF 07CF22 0E43EC 066FD6 0A0EA1 06F0A1 0A87BA 0A29A1 04899F 08B02F 05F530 0A0C48 0FBD6E 06EE31 012180 083498 0DF2EB 0028C1 04907F 0F7363 0F2BD8 01CD75 058358 0DB57E 0C3262 057D81 04F73C 0A0F3F 04E24F 07BD74 0D8197 002C5A 06683E 0668B1 01BDD5 098164 0C18E8 0A4AF7 0CE852 0A7079 062E20 0568CE 0AB371 0A4F92 0E60EF 06220E 0B933F 01212E 0868B6 0F1983 0178FF 074BFA 04683D 005F22 08D512 02BA6E 045161 0744E1 0C4038 0F6A89 0596A6 0C74A6 0C0788 055605 0D2A3F 065DCE 05A035 0176D9 0FEC59 06646F 0CD22D 0324F8 0D2D7B 083C94 0AD4BF 069E96 08C1BF 068531 03017E 0BC6CC 057D6B 0A3F52 0FCCC8 0686AC 04B2CD 091682 0604D1 08DE55 0DF3F4 0A0A84 044699 0AF837 081EED 00F671 0B5919 0EAFD7 0E865B 077C32 0B0225 01F378 04EC9B 0BF9F8 01A1D7 0B7627 0A4091 0492DB 080514 09AB52 0B6073 03535D 0A8627 0D3B07 05CA83 0192FE 01A609 01DE05 04A86E 03C0AC 0CA70D 01430B 041EE6 00CEC5 0AC80A 00E31E 0492DF 07777A 0E3330 0AB298 040B54 03E76C 0A336D 066AD7 083FED 033B4F 05D484 00C864 0715CF 0F4FA2 01F747 0576F8 090651 009331 08EB70 0DC7A0 0641AF 06FEB6 076087 011870 0B312E 08AC23 087117 0DE28C 09D128 093E0F 023072 056A73 0F021A 01E033 1CD623 08BC13 0756E9 0C19D8 0E8702 0F9BD7 0022CD 0DE9E9 09EBBA 002C95 0DE403 0D0F0A 04EF9B 0A0877 0E5D93 07EFEB 060A91 0E3683 08A8DB 0B51A1 0DBA4D 05F54E 0149C3 0F1D57 07E5CD 09F1D8 0D6212 0D808E 07DFB4 0FFFCE 07853A 008BC6 04E24C 05813C 082649 0687E0 04383B 011191 07B2A3 00596C 07725D 0CDBA1 0190E1 0DBC8C 093091 0EB0FC 0FA081 0AAE07 0241E4 09843D 0BD2D4 0075A2 0F23BE 0459AE 08E3CD 03AD83 0C18B2 042A43 09FEDE 0C1933 02FF94 05AE79 0C2462 092D91 030B44 01ABD1 0E9E88 0FA5FA 09E9E5 0B619F 0A935E 0CBCD6 0EF862 0CEEF6 0DDE46 05D99A 0B54AA 063F29 0A2705 0D9E85 091671 0243F9 03E3C6 0DC487 06719C 08F3C2 06DC47 0EC91D 0F2F8F 0F120E 052B3C 0A063B 04A1FE 083282 08AFFE 0B743C 0E3500 08DE55 0DA8C3 07EBAD 04651F 07C0EA 042CAE 0754C2 0D8337 067FEF 00413B 000DE1 07B673 0B1946 085607 007C90 066A9A 0A7550 081148 06110E 096FB9 099AB3 0149A4 0B7AAE 0E1DC1 08354C 0EF252 0DC76D 0947F9 087F18 0367DC 0BE041
090D10 076970 06875D 080D0F 0F2EA0 08FB9A 094DE2 0F2AB7 08A020 00DDA7 030350 0F5D88 00AA2D 09AC29 0223D6 0A91BA 045817 07A928 0921BE 0BFAC5 0776D0 02AC2D 0D2BBA 0A90F6 0C59E6 0E951F 0001FF 0793C5 0574B0 0E68CB 0BAB0C 0FA3E2 02C61C 08EF00 0DA1BD 0C01EC 098037 01F159 087AAB 0C0BB7 0B2A7D 0B5986 036163 03CBA5 016FF8 08039F 0FF992 06E700 00A2D6 04F99D 038A47 0BB885 0AD05B 08BEF8 00292D 0432CE 00B78D 066642 030C81 001A34 09B829 0128ED 07C090 08781E 0BE00B 0CF64E 01EA5B 006232 0DF589 00905B 0F679A 0F12A2 053D25 0908FC 0BC351 0207E8 09B4E7 00D21D 0A326C 030923 0185D0 0FC869 08EE87 0B3EAA 0D6B83 00ED73 00F78D 03C3FA 0D7E8A 0C375C 088D08 0B617E 0C503B 03F7C2 03ACF4 088B44 0B4537 053A0D 02D26B 0590DA 0FEDE1 013C9B 0BE104 048F84 06C70B 05911A 0A4103 09EFFE 01D6F8 06A927 08B881 0951F4 024F26 0DD841 02BE06 0B5480 094C0B 043315 002DBA 09C91C 013C84 06CAA2 02FEE2 0812CC 00AEDB 01A034 02CDEA 01CA26 0519FD 073E64 00CB12 045E4C 00B661 04A820 0070D9 058860 0C5FC5 0971BE 0319C8 0C857B 079ADC 0CD0DF 00B5EC 0B48C5 01D958 02296E 08E718 0A1423 08AD17 0ED88E 0D1AF2 075F68 032BB4 0AF3D0 0F3BDE 0E38CF 09CCA7 01A152 02D269 03E99C 0E0BD7 0E5967 0B32DA 060EB5 0DF2AF 017B28 096A07 04D495 009502 001A98 03F2E0 03164F 0937DA 06B6E9 052738 03A519 09A00A 07916D 11112B 0A71AB 015CF7 0EED32 0423AF 000C36 04DA7D 084AB5 08AB75 0B5B5C 0E139C 00BC2C 072271 043781 021A3D 098F14 0CD31A 0C2E31 0127EE 033AE1 0B6833 0C7863 0E36E9 0D33AE 021710 00C4F5 08B497 094CDF 0C65BA 042394 020CFF 0B08D1 05C74C 07117A 0D62D1 0A395C 0F42DD 0B3C30 08594E 017DB2 0B7247 028152 078F61 07F97C 0FA69C 049203 0FFC3E 0A7C02 0CCF46 03C7E3 0B2F8D 0A1B4E 064254 0BEBF1 001562 0580F4 0C7FED 0F03F9 09CA19 02B348 0FB086 07C58C 0E4EAA 0977B4 037863 0F4EE5 116C34 0813CC 01763E 083404 0DD3E1 0C03E8 0154E7 0F52E1 0D0982 07B6EC 0B5D3C 089306 0E86F4 01EAB1 022ABF 0A69E5 0AA7A3 092B65 047F3D 07D335 052594 09079C 02B7C4 08DE81 006F8D 0D1FED 0CF78D 0EA3AB 0E6B8F 06F2D3 05E655 0B1EBA 0C3F95 0AAE86 0A8362 03793B 0E754D 0BAFD2 06ED38 0C2D39 0A7633 02A46E 0654B7 026D90 03B664 0A0867 03DEAA 0DF660 04716E 0BD6E2 08F86A 051C44 0D2DC2 01791D 039A4D 01DE36 023AF4 0864DC 021443 037AB3 0ABAA2 02DAA4 0A5668 06ACB5 00F3BC 0EBDBE 0F77C8 0B6B9C 029B1E 049178 05943C 08BD41 01CEBB 06F95A 0AD78C 022303 069918 02C9E8 0B27FA 025C77 08BB06 0B82B7 0261DE 04711F 049660 06FFBF 0561D0 07863B 057A92 08E272 0589A4 003DBF 0B6F0E 065D9D 0D5D5E 0838FD 06DEFE 08EA30 04F712 0B3D7A 01AC6A 027E4E 070DE5 09EBA6 00D8D9 03B088 0D5DCF 0A1A81 0A59DF 095B78 05963B 066B8C 02E163 08BA23 09AEBE 08D05B 0097EE 026ECA 04E378 0D503A 05260C 082DA5 03E476 0889E3 0FB6F9 0512F5 0FA287 08729F 011109 0D8954 07C076 01B312 09161E 0280D2 029CC9 06C897 0E0E42 049B8C 01A2B4 007A73 0DEC6A 0DC0FC 095AC0 0B89DB 079140 02E64E 05D616 041F96 0C5F25 0EFFD3 0EDAF2 08935C 0A46C2 0BC15F 067744 093AEB 0407E3 0B808F 0788E7 00357C 03E54F 035F14 0A344F 0E370C 04EC19 04772E 1090C9 0B3C06 0D80EE 06CDA6 057D71 033002 044343 04E374 01B2F1 07CE04 0CEF4E 084BFF 09C487 03BBDE 05C92F 0DE4B2 0ADF9F 032998 06A67E 0C83BB 0BD5A8 056DC5 0417D0 019BC7 08198C 0F52D7 03CF8B 0E5C49 0976AF 045E46 0D7B59 015433 0651A6 00E8C8 09F749 070ACF 079090 0D2E6E 0A6F61 0EFE6A 0F9D02 030F6D 033273 00027B 0DD6CA 01225C 0C13ED 0845A0 05BD47 004B97 06586E 06806C 0CD7AE 0B089D 05D104 0978FC 0CBF24 090424 0C9078 00FA66 01C476 09126E 03EAC3 0AFCF1 1577E8 0FA1BE 046DDB 006433 0CB8E3 0805E1 0B3F5B 0C041F 074AE1 046752 0A970C 0FA3F4 05F16A 044DB6 00BBEA 062D9D 0EC1B9 09809D 0A6843 08C574 096289 04BB05 0E5A11 0075E4 0FFD6D 0C66FF 0B37C9 1CD9C2 02A3B5 0BEC4D 04BFCC 0948C9 03671F 024A85 0209B6 0A0AC5 007DA7 0D517C 0083DC 03C861 0AE7E4 0E0F06 00AC86 01592D 0893AC 0662AB 0C1AFA 0EEA80 0DFABA 0A687D 02F828 0AC233 08E006 0D3FC8 09F7FB 09E564 0A63A6 055426 0C01EA 0A92A1 025DDE 0522AA 029A44 014058 05DBF3 021A2C 09B976 04CEAC 07AC92 0DB310
0330B6 0661B2 0CC00D 09A748 036D83 06D896 0DB17B 0B46E8 06AE2A 0D5863 0A9471 050CE3 0A1A2F 0415DD 082B0C 0077EE 00EB75 01D1A0 03A0F9 074199 0E81DA 0D264F 0A6E4A 04FED6 09FA8E 03D79D 07A824 0F53CC 0E84FF 0D2FC1 0A7CFA 04DFB2 09BB15 035406 06AB40 0D5231 0A8626 052F73 0A5A9D 0496D6 092A58 0275E4 04EB65 09D126 03842B 0708D3 0E1345 0C04D6 082EAF 007D78 00F8E8 01F2B1 03E03A 07C187 0F81FE 0F2634 0E6D9D 0CFFD3 09DF92 039CF6 073AC8 0E73B6 0CC47A 09ADA1 037CB1 06FBE3 0DF145 0BC67A 07AC9F 0F5A6C 0E97FE 0D0C3D 0A3DE2 045F28 08BB47 0157C7 02AAA2 05521F 0AA26A 0566A7 0ACB74 05B419 0B68C0 06F7B8 0DE8DD 0BF676 07CE1F 0F9B5F 0F1610 0E0D2B 0C3E06 085CFC 009E41 013B89 027202 04E2EF 09C37F 03A579 074AEB 0E912F 0D07F0 0A2D33 047F5A 08F8C6 01D6E2 03AAA3 07522E 0EA1B4 0D6411 0AEDD7 05FF27 0BFBB4 07D561 0FAB84 0F751D 0ECE25 0DBC94 0B5FC2 069EA1 0D3AF5 0A55E0 048E89 091BD1 021480 04287F 085060 0085B3 010B90 021367 04205A 08400B 00A797 0149FC 02929F 052369 0A418B 04A460 094BD5 02B649 056B45 0AD025 058709 0B0BE3 0637B2 0C6AC5 08F73D 01CEBE 039B2D 073267 0E6259 0CE720 09EE47 03FC1B 07F957 0FF18E 0FC77F 0FAE8F 0F7F78 0EDD7B 0D9ECB 0B1F94 061D30 0C3803 0855D3 008D01 01198B 023210 046113 08C3EE 01A76C 034A07 06924E 0D23B8 0A6725 04EE84 09D93E 0397C9 0728DD 0E52D6 0C86AD 092E2E 027C9C 04F901 09F1FA 03C5F7 0789FA 0F1317 0E0775 0C2DFF 087D80 00DC4E 01B9A0 137362 06E041 0DC31C 0BA618 076D06 0ED8D9 0D97D6 0B0C86 063E63 0C7868 08D5BA 018E5D 031A2A 063291 0C62A1 08E40F 01EFDC 03DB6C 07B1E6 0F6047 0EE467 0DEFF5 0BFCAC 07DE6F 0FB821 0F55DF 0E8EB2 0D3DE0 0A5E04 049F07 093A62 02551A 04AAC5 095277 02855A 0508F2 0A1102 0406C6 080808 003567 006BFF 00D1CD 01A38D 03424B 068383 0D0039 0A2458 046FF1 08D9B5 01964E 032926 0653DD 0CA2B9 09679A 02EFFB 05DB59 0BB00E 074566 0E8A22 0D35CB 0A4DD9 04BEA4 09798D 02D685 05A9FF 0B523A 0685D4 0D08F3 0A341F 044CE3 089903 011510 022A26 04503B 08A373 01656C 02CA4C 0592BA 0B2114 066781 0CCB94 09B425 034C11 0699A3 0D325D 0A4637 04AF22 095A0A 02940F 0529AA 0A519E 04862D 0908B2 0234EA 046A63 08D123 01862D 1309DA 061014 0C2339 086591 00EEEF 01DB00 03B3C5 07639E 0EC20A 0DA6CF 0B6F49 06FDCC 0DF804 0BD4CD 078D1A 0F1980 0E1577 0C0E3E 083D97 005D39 00BA77 0170B4 02E2FE 05C07E 0B81C6 07260B 0E4A54 0CB7DA 094E67 02BD27 05793D 0AF2D1 05C63D 0B8BE6 0734F7 0E6AF2 0CF441 09CF09 03BD8A 077B51 0EF36F 0DC799 0BAF92 077FC3 0EF896 0DD7FD 0B8E5F 073FA8 0E7B20 0CD493 098EDE 033FCA 067880 0CF1D0 09C550 03AFF0 075A75 0EB0DA 0D4676 0AADF4 057CA8 0AF960 05D787 0BA926 077665 0EE812 0DF4F3 0BCE8C 07BC51 0F7BF9 0ED51C 0D8E57 0B3F87 065D33 0CBADE 095767 028E6A 051B10 0A32E9 04468D 0889D6 01351B 026889 04D128 09A2EC 036511 06C875 0D9307 0B044A 062FF8 0C59EB 0895E2 010EE4 0219A3 04331F 086380 00E5C5 01CBF1 03913F 07226B 0E431C 0CA65E 096D56 02FC7C 05F9F0 0BF076 07C555 0F880A 0F3786 0E4F7D 0CBD86 095C4D 029C47 053A31 0A72F9 04C590 098B86 033479 066B64 0CD2DB 098411 032C49 065947 0CB22C 0944BE 02ADCB 0558BE 0AB3F9 054637 0A8A84 0534A0 0A6B15 04F65D 09E9D6 03F47D 07E91A 0FD1F0 0F8691 0F2ED3 0E7CE5 0CDC69 099F8E 031D43 063BE4 0C7263 08C46D 01AD5F 035A5E 06B351 0D62AA 0AE7FF 05ECD5 0BDBFE 0797A4 0F2A9C 0E77DE 0CCE66 09BC07 035C6E 06B82B 0D715F 0AC6F0 05ACB0 0B5AE9 069413 0D2AAB 0A745B 04CCC8 099B9F 0317B9 062990 0C5149 088550 012F97 025937 04B09A 096210 02E5F2 05C97B 0B930B 070406 0E0ACA 0C34CB 084DD4 00BDA7 017A17 02F2D3 05E029 0BC310 07A5BB 0F4B56 0EB5F9 0D4C7B 0ABCEB 055D5A 0ABBF9 05570F 0AAAFF 05749D 0AE88E 05F6EA 0BE93F 07F65B 0FE9D9 0FF68D 0FCD8B 0FBC19 0F5CE2 0E9E76 0D1FA5 0A1E87 041C6F 083891 005420 00ABC7 01515F 02A225 0543BE 0A8273 052614 0A49B0 04B69C 0969CE 02F73F 05EA44 0BD008 0785DB 0F0870 0E37F5 0C4CE5 08BF3C 015D69 02BB33 05720D 0AE043 05E642 0BCBDE 07B478 0F6958 0EF42C 0DCF69 0BBC6F 075FCB 0EB9C7 0D548B 0A8C6B 053DE1 0A7933 04D62A 09A961 03762B 06EBFE 0DD093 0B8776 072D17
0346C4 0CE33E 01A300 0E2455 008562 0CAAEA 0985B9 077AAC 0D3A8A 0453AD 04D985 0FDB3F 0B24F7 020514 0EF260 04AFD5 089FAD 06405E 05830C 0F2F39 07EBFC 07E823 097DB6 00B5AD 0B73D2 0DB84C 05CAA8 094803 06163D 035809 0E796E 08D5C7 094459 0E7DC4 03384E 000D6A 0E3BC0 01D60E 002E68 09B20B 0620EA 09F3D1 0B2E84 029AC6 0C888D 002097 05E00F 0B2397 085ECC 006C1C 08EF48 0F5980 058714 0F50D4 080B43 0C2482 0F62AC 01C248 0B6C7D 063E85 00CF2C 0A7F53 04A160 046A8C 01D665 07B422 03E5FA 0F2F41 05F877 0CDFA4 06A5C9 04B52A 01200A 068965 0957EF 070B38 0F1848 067B00 0661E1 0B801B 01DF63 014B7B 07CF57 0B8421 03F0DD 0FEC35 0B78E7 0E5984 068BC3 0617CB 0B849C 09CDC7 04958F 02B529 0C88BF 020BAB 0ACDDC 061DF4 021DD5 0645FC 04BD74 0C174B 007BA4 0E4542 02672A 074B30 01FCF8 04AA26 06D809 02B01C 0F68FB 0106C8 074BCB 0BA802 08229E 082180 0E4632 02F778 0FF740 091E9A 073E2A 00D45A 0A3B34 013B7E 0E168C 0A0608 037D7E 034ACD 00643E 037CA9 041171 0615F8 06F279 0C59D0 0055C9 05B877 05F84D 0E88D1 0D3E0C 0DAD36 00ED8B 009890 0F2102 09AC36 041CCB 0F1EE9 0A0B1E 07328E 03A14F 15E3FA 0D91AE 035173 051855 0C5743 04C1B7 0A97DF 002620 068621 0C717E 05926D 0C92F9 0FFEC4 05490A 062BCA 01BF42 06C449 044F73 026F88 01922D 06A5F3 092FCD 019795 0F43FC 1B2093 0D9496 07F187 0A049F 0A37C7 033103 0836B5 05FA8C 04D0DA 0C28A1 0CE4F7 058CB2 015EF6 02BF6A 0AAA45 087EC4 0D219A 0CF14A 0C6FF3 0B2790 0F1E1D 09D9C6 0E6FD1 06B538 01B39D 04E2E0 05DC06 08E078 0B1749 08E376 097EF4 0751D8 09DAF7 0E179A 01910C 081DEE 000BA8 0F9C7D 023E89 0F3EA8 0A33F1 01C1C3 0CD085 05E4E8 09D910 05C0E9 06A91A 03B978 005B71 03B517 072E55 004B2C 0B22AB 091A3C 02D69E 0E9C7E 01205D 0783E4 07DC59 0B4F97 08D270 0021CC 00608E 013918 092FF4 0C7ACB 0F33B4 0670C0 029AA7 1523F8 0D2AB4 0771AB 031782 062DDD 043176 0C1CD0 0497EB 0E048A 01DDAD 00B6B8 0A54B4 05D384 0D3820 005D40 078196 026137 028F07 0B3B09 0D5D47 099D49 007600 0F1BDA 0A9DC5 0C47BC 0C9B33 06272E 08772D 057CE6 03D555 17C760 05C580 07447E 08721E 07DE65 0207E0 038FD6 0CDA3C 09C236 0FA506 032CD2 08EDE4 03E5EE 04C378 0D4B04 038126 0ED74B 0542CB 056C97 072F9F 0F2E1F 0A5E29 0214B6 03133A 024FA7 0ECCC1 080FC0 05CE80 0FDD1C 07D30B 0F22A4 005188 039B52 0E2216 05AEE0 0E6990 0D13E2 0CB469 0B04BC 0264B7 09FD7D 02FDA2 085775 03EE08 012083 0CC038 0B45C2 08089A 0510CC 04F717 0C7BCC 005177 083614 058C17 05FDD4 069A38 017C48 01A370 093CFA 0550D7 01023A 0479AB 071687 061A40 0B4C25 02653A 0A7749 0233EC 08D58F 045779 0B83AC 03FECC 060865 04F43F 05938E 0DF3D6 00C9DA 055C05 059123 08D9FF 0B6BE8 096116 0B2A20 0FD70B 036542 05CBD5 030861 0B125C 03EBF7 06D7CC 0B09B2 0173A0 02E25C 0EA88B 053F16 007170 052405 048164 08A235 115A7F 0B51EB 0261E3 0DB628 004F66 0E66F3 070A3E 0D0BB9 04CD27 04CDB6 097B48 05CA74 0543F7 0DB783 0DC560 047B9C 0BC9CB 0D22CB 01F14C 010191 00BCD1 092BAD 03D046 0299F8 0057D8 0F11A5 097EFD 0248B7 00E5CF 0B6D20 0F7DE6 0ADFBD 05FD54 0BB0E4 0E57ED 0AD797 03C9A1 0A189F 002BAC 18C8BE 05D48C 064456 0FD3E6 0AF3C0 056B30 02312F 0B8C06 076D80 02070D 0E8A69 0D9F82 00B7CE 0B8318 0E52D5 051C70 0C93A1 097564 06138C 06E4FC 097DB5 0EFD78 07C0EA 011431 07DE11 001182 0618AA 0E528D 0F01AF 00FCEE 06CEC0 007849 0C47DC 01B540 095FD4 01384E 06B6E0 05A340 085708 0B87A5 05ACC8 1D4C4C 034F56 0457BC 052BE8 0B9CA4 0B13C3 0A16FE 0F8451 0D54A3 05D880 099496 0DCED4 068D39 07A4A9 03BBC6 0FFF53 067EB4 0A8AC8 0EFFB7 0FBA40 0E1D56 082FAB 0BC9E1 068104 0A8FA9 012B11 085427 03BB2B 0D52BD 04E69E 0DFE3B 07F262 0C77CD 09CE0D 0BA129 0F6476 00A324 075A23 0AC2CF 050202 0EA7D4 0BB23D 089C0A 0D6D62 092D77 094D85 0471E7 05D43E 021EA3 0F47FB 07D6E2 04A9F2 0E0FAF 097354 0C1A87 0B026C 031BF5 0FEF7D 07E3D8 0C7FEE 0C78E6 0DB480 0EC4F5 044980 080802 03D337 026ED8 0753BC 09401D 06E42F 08B978 0C408D 08EEDA 07984F 0BB000 0F7F98 004A2C 0F245B 067337 004463 07A29B 0CB950 0EAB37 05D529 0AECA7 02EFC9 04698B 0B358E 07264A 045B39 0C0973 00218E 005E2D
0F3FCE 0C401E 00C6AB 04FE19 0F04F2 08081A 0416CE 058834 088F21 0688A7 0C47EC 0248A5 0B84FE 0D17C7 076AB4 044B70 00AF47 0A4A41 025100 0A39B1 08C54D 02118E 04B879 051B82 0ECE74 076EA9 04C4A1 0FBC2F 03226C 0077CC 01CF61 079F0F 08F8D5 0B66DF 095C53 0D9607 0DA219 0F99BF 06D102 0D624A 01146D 001321 036CAA 092904 0AC7C5 08E11F 029CDD 04F3CA 00F046 020A4E 06CBBF 0FFBA0 0C357E 07CC1B 07C04D 08550E 0F8DB4 0E2D0A 0B52DA 099557 09414A 06E25D 0C3CE1 05C3E1 08ABD1 09A947 026B2F 0048C0 087AA4 0865BD 0A45F8 05C785 024D7D 0A1F1F 064236 0FD01A 07CF44 007C5D 0A8FFC 0266AF 06C7AD 0BAB19 0B2B41 016681 0E4CD7 0466CE 09FB5C 07AD5C 00DDF2 0F8796 028607 0D57E1 0132CB 0499C7 09A031 019F89 0A6CCE 0B1AA0 02051B 0FFC01 05D022 091F9E 0A4A46 078BAC 071E01 07A66B 0CB1B6 043C0D 005447 07027F 099D66 0B6411 0A3AEA 013298 0A53F8 0E4C5F 03F565 08FAEF 0D6745 07306A 02BC49 0F751A 0BFBB7 03729E 09217B 0B6E78 017358 06D487 0902E9 0E4655 007F93 04183D 08CE4C 010259 0D9867 0AFB97 03B950 07F5A4 0A3678 050811 0E2FCE 0DA454 0BAFF7 028C82 042E63 0DAD29 0D7584 04CF6E 0F16D0 05B049 03AA1D 034D53 0F05B5 06D63D 0AFD85 0F917B 0DF407 08EBBB 09F559 03952D 0CCC8E 00A0F2 09A74A 067957 002CFE 01C3A3 0A9DB4 07A315 01F1E9 0A8713 0EFD65 0FE999 0D11C3 01D973 05A004 016FE1 09F995 061458 0F818B 0D4E7B 0BE0A4 0A94B8 0D8BAC 04F9A2 0A74C2 08E31B 055DE0 0E5BC6 0697D2 07B52B 0CEFAC 0E2506 0BFD0C 1EBB2B 06AB15 0B8664 03CD5D 05C34F 0A0F86 0584E4 0EC768 0044BD 07ECF7 09713E 0866D9 0746FE 00B66C 02AC7C 00E859 0827F2 09FF09 0A59CF 0BE907 059509 0586C5 0C9AD9 04E830 04A06A 0B8B9D 017EC5 0556FA 06EBBC 06C33E 0E9A15 02E939 0834AC 000385 077ECB 079EBC 093F2C 079C46 01BE9A 0E022B 01913A 0A4CB2 0CEE00 1F11B4 078F4D 009C80 07BD64 02E503 01DE33 0492BC 09D35B 0DAABB 0D4629 0F1E99 09763B 1F16B9 0F0143 077DA1 03E05D 0722F5 0425D8 047588 0F4DC8 01E78B 0BE792 048E3F 008988 0B34E6 00E824 0367F6 0D92C8 092629 0B887D 02E13D 05787D 06C248 00F63E 0C7222 094B5B 1F5AAC 00C3DB 0E327B 0FB649 02BDB6 103200 0ABAFD 0904C3 062577 07F054 062B97 0405A8 0B2FAD 0DB051 0C2734 07AE09 0520AA 08B0FD 060F7D 0B91DE 0CA73F 04872B 0D1106 083236 06F61F 0F7E19 04A0AD 06C359 08B8E4 027333 0A90B8 090255 0E6658 0A72FC 09EB72 0C6247 008889 05C130 08B104 06AFA6 08071F 0654AB 06404E 01FC54 0B3501 0EC315 05266F 03B95C 074B35 09EA45 0ECC05 07B032 0DEC0D 042ADD 06B161 0D3BDE 0DCB1D 0DD286 073CDA 067CE4 0CE0BA 0C0339 02A57D 0DB1BE 06F62B 0E474F 0CBD44 00745A 0E17FD 0F69E6 0BD10A 091FCD 09FE1C 047627 04060E 07DC6F 0E2727 0B11BF 0CB790 0BB27A 085EC4 014614 02E4F5 00FC2F 032339 043E18 09B907 0D444B 08D20C 02D248 0D0351 0BA7A3 084E0E 0D9965 08E9F7 0C6086 0E0C98 0BE653 07E6DD 08DC8B 022B64 044CC7 0876C5 062DEC 0B59A3 0378A4 0AD654 052E1B 041249 01045C 0A07F0 0331BE 02B0D4 0B499C 096D5B 03B022 00B83F 0BD0E3 0290D1 09EC70 00E544 0C6196 0D97B5 0FA358 0576AF 0E6743 0EC202 0DD236 0E6E30 0B47D8 0F6551 0D9E54 07B4E4 0A8B33 057E92 0B034C 0E1A29 033A9C 079E99 0C18F2 0A5228 0818EA 04F82E 047FE6 023528 0D8CA5 01351C 04D21B 043E9C 00039A 0A7255 01F829 0AEBC2 0B8000 014A18 06F562 027AC4 04C9CD 03B1D0 08691E 0C1E9C 0424B7 0FECD3 04A4AC 000F99 0C72E5 01C8FF 0B16B8 0C3D36 0ABC9B 080635 07670A 0DCE75 04B3C6 0104D9 0E9C21 0E5E12 004131 082FF8 04D915 061003 0A2BE9 08661C 0456DC 0024AB 071157 017357 0651B9 033E66 02366B 0E00C7 0593B9 0CC17F 0E3F6E 0C16DB 058B37 0CF5FB 079BC4 0E2701 0D15D4 08E331 012912 04EF8A 07F060 086022 0AB9BA 00B360 09D5C4 0CE2C0 0B2B9F 083A4B 018965 052883 029A16 0D6834 0A7295 0AD0C0 018A29 0818B2 0E7969 0DDFF6 01E9C5 06D613 06718A 046850 0215C7 03CF39 069E09 0FE89F 05A656 04BA0B 0D8111 0FD241 0F3526 013725 04A04E 02E323 0AF9DA 0DDEAB 0D86A7 0315AC 079DB1 0E3DAC 03BB08 01F12B 0E064C 00FBC5 02D151 06EF51 084C64 05CB42 01D55C 04D37D 0EC2CF 0C0C89 0F0BCB 0BAA8A 02BF83 057B0D 0802CD 093666 0F0BB1 0F2601 095277 0F1529 00F639 026321 0F2007 008FC4 0D6DB4 023AD2 07FF90
0F3E22 079D9D 01AB56 072FF6 0DF253 06A1DE 06B903 02041E 0F5444 04DAA1 0BA5A1 07EAD4 0BF3C9 068C61 075B3A 0C04D2 0DA859 071C2B 0DA10D 078280 08F876 0E7BCE 014837 0EA871 0C6FA1 003FCE 06E84A 093E35 057566 03C5AD 0E78B9 03C578 0FF629 0CBC5C 02F94E 086728 0C9486 0A16A5 0CE81D 0E47F2 01409F 0D39CA 076BA2 07EA30 068295 071220 0E14BF 0DAF5B 067D77 04203B 0E11A8 0EE875 0AB37D 0F0A02 0CE030 0F61D4 0AAAAB 075C4B 0FDD7A 04BFC3 00CC1A 0CA89A 002E02 0A0930 060181 0D841B 070E1C 0FC0D9 016592 04349C 0FE5F5 03E169 0778A5 0B30D6 080F53 028012 00C614 0FE0BA 0C5895 05511E 04585B 0F8FD0 06B2C9 0193CF 047B03 025D72 016DC6 0C31AA 0FFB35 025984 080AB9 052E79 02D00E 0172B3 04292A 0E7EDF 0DD080 03E449 045929 04153E 0DD1EB 040D1B 04A7EC 0C7242 014E50 0E4889 0AEFD5 075142 0BE721 0D8588 08DB30 0E1211 00DB8F 078BB1 0EBF17 003CF1 0BA3EC 091189 0159E7 0875BF 06583B 087DDA 06F54E 0CC744 00CC96 0A0BBE 080050 015F5C 097AE7 0C61E0 0DB940 01FD58 060FA1 03F137 085F6B 0D820B 031D53 076855 045295 0C16DC 0DE4FC 04E7D8 01768E 07986C 04F881 070712 095516 0800B4 04F028 0F0BC6 091B4C 0B1981 0EE7E5 0AFE4F 0D31CB 0DB6BE 04A3CE 06DCD7 01A645 037391 072160 004168 007C99 071A23 015F82 09262A 0E3BA5 0E2E9B 0F9938 001129 08FE6F 07AD9D 0CB52B 060B27 06CDB0 1BCDFD 05702D 0CA7AA 0B22F8 04206F 0A47CE 04A9C0 097344 03C49C 0F8BD4 0FA5FD 0BECA4 03B4CC 05600F 0AA763 064FAF 05BF20 02C924 088047 097C02 008F09 03BF7B 027D34 0C90FC 0AD69F 0B2A9D 03A9F3 09F927 066A53 0178EB 1F6BA6 02ED66 05C352 0B42AC 00A51B 01262D 0128ED 0975D0 0B5A36 0AA44A 0435E2 02A86B 03E66D 020491 0A231D 05DB05 065261 037B6F 08CFFA 00A368 09A1BC 04F5F7 050710 0DB19B 06EB86 0068C3 0DC922 03AE67 070A06 0C93EF 0D2295 0B0FA5 0D7FD2 006BAA 05C45D 03627A 011373 0CCDC9 0E23E5 00EA59 0568F8 0F59B9 029FC7 05A31C 0F8399 096EEA 00D0EF 00E7E1 0BEAFB 0642F8 0122F0 0F9AAA 010C0D 022604 05AA56 04518D 005C75 07CB29 047E3A 072D01 000696 0214A0 04EE05 0FFB66 0EB9ED 0636B8 07DF97 02AEE4 0D202D 0935E0 08EB6B 046390 042B0B 0FCB7B 031BE5 0388E0 0A9B23 098C2C 07243B 0EC350 09E4FC 01A5FF 012E65 015C40 0ABF6D 05ED7C 0E5A28 00DC33 032341 02A62B 0220BC 0F6C1A 072962 006397 01BFEB 08989D 0EA23D 003A30 0A4B60 05C31A 00201C 0DF49D 06B609 067035 049589 0A1BCA 0DB13A 06F470 00B104 0B7BE2 16A157 0EE14B 00C058 087854 0F86FA 055256 09F651 09490A 062036 08AA26 067EEA 04D663 085ACB 0F1480 02F3F8 02DA3B 0C1FE0 05ED8A 048266 033E90 072D87 04F836 0C4493 054473 0510F6 061E8D 0D0306 03E5AE 095B78 06EBA3 0E78C0 01B31A 08980A 0E63A7 07BA72 0526AC 085F98 001AB8 0411A5 096869 08B628 03F935 02743C 088331 02BD56 099DBB 04E724 06673F 0154AE 0E92B6 0C1CCF 00DE1D 072B35 0ABFCD 0277FC 0DC571 025F5C 0BAB39 0F0AD0 0D463E 0108FA 0F86EB 0356EA 05B177 0386F9 00B9FA 0C9D4A 06A595 0075BF 09D2F8 0AD657 0F9FD4 0F2922 0FD654 028F4B 0DC23A 0DF560 09220A 0523A6 000C2E 02CC1C 031E86 02750A 06C19B 0CE68B 02CDA8 0C2FBC 054E4C 03C0FC 0DD2B3 09B362 02C14C 09A219 02BFED 0BB9EC 01AB84 04DE6C 05B4F4 0BD3C4 0244DB 0AC35A 071B4D 0BF75E 09A7BB 00D2E9 0C6416 0615CE 0B159D 0F8229 03D6BC 00F394 0B4D76 03694F 083A9A 07E8A5 025F59 08029B 053FDB 02F08C 0133CD 04A867 0F7DFD 0FD3B9 07E51F 0C587E 043092 0D9863 049DA3 05861D 0E31CA 05CCD3 074BFD 08C994 031975 037616 0C83D2 0AD238 0A0098 08FB9D 07EC80 0E7487 01AFBC 0880A3 0F52BD 0DDB0F 0153C1 0436B8 0CA6C4 0F44AF 0F815D 0647D8 071B6F 020414 057324 0123A1 0CF4D6 0C92DA 03ADE2 02AE9A 0AB28F 0AFA2F 08CB0F 098CA9 026C77 0E5B32 0823EC 058E6D 041011 009C68 044BBF 0359D4 0845E9 07F2D7 056E80 0E0E84 0AD481 02A253 0C4D38 004FCF 078BC4 07FC35 080BF3 0FDA3C 0008C1 0C0C11 080522 01ED0D 0DD963 0B6B9D 011550 0D472B 013164 0E373F 0E3494 0FA819 0071CD 083E79 062C11 0FB469 000A51 0ACE38 03E828 051F28 0C7C0F 0A93A5 0742AA 0C8430 092B80 025572 05A945 035202 063371 08E3AE 05AD71 0952D5 02E218 06E01A 04E708 007A52 0DE090 03BC60 052947 08F4B9 04CA63 01FA0F 002348 0EE694 08339D 0EED5C
06FBCF 0A4B62 0FC010 0E27DF 001868 0DCB23 077818 0237ED 0FC03D 0B79F7 0774C9 0312DB 061F03 0AE226 05B0D6 0755E1 0E85F2 06864F 0B0848 0A66EE 025422 0C0117 0E5DDF 0ACF69 099D1E 0893DB 0581B2 072A5D 05888D 0FB7C7 02D247 057C3F 03DD9A 0516D6 0E75BD 0D2F34 0CA6DA 06EF20 06AFEE 069068 0870A3 0C3233 090F0D 0FCF29 0738D7 009D28 0FF41D 01598A 05AC7D 0B0F32 0DFABC 0BCB9B 0583D3 00B0F1 1804CD 00BD54 0362B2 04B19A 08F2AA 0B54D6 010BB4 08A24A 0A460D 0C6B34 000C2A 0DBBB0 0A79A3 0071A1 0E0437 08CDF1 01ADDF 092332 0CE4AF 009EB2 08A447 0C28A4 0445BD 0145C6 0C9CEB 05E715 0B1672 09B1E2 07D244 08646F 0BFA88 05A816 074686 076EEE 00C5CA 047B7C 0BF5B0 050CB9 064A79 02997F 0CECF1 098426 021DB8 030DBC 0A8188 0AD559 054C3F 088589 0348D3 012271 082A1C 02DD61 0B1432 082C47 04BFE3 09DBEF 0A0372 09D143 0411CE 0B0A37 004D6C 030D83 0D9C59 067367 0834FA 089EA2 03FF70 0FD9C6 0D3CE5 08E171 0EFE2A 0C9632 0FC6C1 0BC664 0CB45D 0178BA 0BC357 0CF55C 0B68A4 039587 00E334 0CA855 0AB4D0 022A47 051518 03D859 025F89 06E600 02A772 08DA39 0DFD1C 0E455C 01953C 0C5FEC 0FF2CD 01A8AC 0DA666 021BB1 09F3D6 028A5C 0E6C05 04635B 054C50 0B8F43 0910B9 038C9D 09D8D6 05DEEA 0F324D 0F5ABB 059D74 0E3028 08C3BA 070A01 032904 0B8B92 002B08 0A566A 05AEFC 04B475 0AE0D4 08629C 007073 0AA1A0 080504 02EA39 025E9C 09D8F7 0585E8 01EB51 0736BA 03DAA0 031DD7 0FBC32 0528AC 0050DE 009FA3 01FCFE 011030 0D411A 039B21 06F603 072FB0 154AB7 0128A3 0E581A 03C548 076BF1 08A750 0C6ADE 0AD935 0CA7B5 0CBCB7 0CD1E6 0FB73D 0F70E6 054B31 091614 07B312 07E720 0F91C7 01C207 06BE75 082FCC 0653FC 0668DA 001B2A 03F97D 02FC7B 0249D5 09E0E2 0B1805 051A7F 0CD627 09171C 0D91EF 0E00B6 054742 005151 0F9EDD 0D0B64 0929D2 094C06 04B50F 057EF6 0EE17F 004C01 0A2A08 05BA3A 0B146E 065C09 00E137 0B0DC1 080F4A 0FA578 0C06A9 0A7276 030A5D 087786 0E10C4 093145 0E74E5 07D9FE 1CF4B1 0B53D3 03264F 07C913 09D463 0B914D 0FA5C6 0299F8 048830 0F0532 06DE14 0F6886 011DFB 060CCE 0E4F7E 094423 035FD8 05C94A 0D7134 0600F8 0D4689 06D2FE 04A82A 055163 017F12 0EB5F7 0C6515 0352CE 04C10A 0F9DAC 09F9C7 082ADA 0A6430 0D3332 0B1B41 0ACF9F 051728 08FF32 0404A5 0DDBE1 0CC7AF 026E31 0FA453 0C7530 0BEB5A 044E3F 000BFC 0BEBD3 061C1F 032D28 0485A3 0D38F4 05AAC2 013C61 0EC440 062D03 0439E1 0067BF 12C45D 02DD46 0C8D9D 0FF111 05D4BE 0B7CA4 0C58E9 0BE0D1 01BC7F 0959BD 00C7AA 0F530B 045B38 01A091 0069D2 0C2E29 0D0B83 08CC0F 065170 02AF9C 058DA5 04B972 068534 03C7DB 037878 0C2BF2 0F29F4 01B0BD 05D492 0124B1 0D25DA 044E87 0FA8F3 0E8D4D 023CF8 04A16A 09423F 0B31D6 0AD8E9 040931 013CCA 0346D3 048C6E 072086 0B0FD3 03350D 09D8C5 0834E2 07EC37 02E691 06F050 06D559 0E0BB1 0564E7 0F78C1 048166 094A81 0BE441 0D6417 0D3E4B 00E95C 0EE726 026010 03C8F5 0F8202 08B455 0C7FC0 0A690A 0E4C5C 0DF0B3 07869E 08623A 0C8488 028C9E 05EFF0 0751F7 0DA245 019E60 0F7863 081597 04432F 0E3B6E 0AFD08 00AABE 01B89F 06AADA 006E37 0F9D5D 0BF2C5 051E04 039009 00C88B 0B6D67 0AE681 0EEF59 04D3E4 033FA9 0F77A4 0E15F5 0D8F40 0EC5DC 0F0BB9 0D987C 02C7DC 081EC5 0C1B0D 076E4E 067BD0 0A1C63 0C484D 023EA7 05EAEE 0AB805 0018D4 086A4D 0C371D 0F436E 0C47FD 00FDFA 0ED1F5 00126F 087AB5 07A731 01CE31 0B2DA2 0D2EC1 0FB862 0CA3F5 066D19 05C383 073D65 07C567 013CA4 0F5AEF 0A8D79 0EB920 02D8AF 0AF7E5 04EECA 0DE64B 0EEC7E 01B26C 007996 0C7824 00ED97 07CCCE 062E0D 0C6206 0B0F80 0CCA92 0DEECB 002DF0 0766CE 044F3F 0DD431 0AC825 008C4A 082827 0E42A4 0883BE 0E2755 0A639C 093C84 05CB29 04F349 076073 04D69F 076B44 017BAE 07C60A 050488 0285CA 099B66 090F28 09B926 037D5F 037F37 0317CC 0BAD73 0EB25C 045ED4 1C346E 04A245 141FC0 0C7602 0797EC 083E1C 0EB85C 0E3897 0017B4 038B44 057CEF 03051A 0C8FBE 026639 04A389 0B510E 0C6B5E 04F0BC 01A525 041D0C 0F3984 0CB56C 0D1F41 068E3C 01B291 0A9CA6 058D67 0006B3 084325 01F75F 099770 0FFD22 0F9A86 0F4D6D 03ED69 0C1F89 056701 0CAF5D 069AAF 04AB1E 0C331C 0707E6 04D5DC 0BFC4B 047BD4 01BCA4 01A86C 03B7D9
0B5413 068F6D 0D180F 0A16D1 040C3E 08183F 001602 0029C7 0051B1 00A24A 014253 028169 0501A4 0A001F 042479 0848C5 00B687 016940 02D341 05A1B7 0B4332 06A5E0 0D4BAC 0AB5BA 054FED 0A98CC 0516AE 0A2886 0477D9 08EB91 01F74F 03E828 07D20B 0FA141 0F6416 0EEF97 0DFF0F 0BDC98 079E75 0F3B91 0E558C 0C8FD9 093F6C 025FC6 04BA8D 09711F 02C59A 0588F9 0B13A5 060783 0C0B5D 0834F7 004F4A 009BAE 0130D9 0262EE 04C2E0 098024 0324D7 064AEE 0C927D 0904D5 022C36 045A5A 08B32A 014444 028A35 0513DE 0A22B8 046758 08CB26 01B417 036A53 06D2A7 0DA2DB 0B654A 06ED35 0DDA4F 0B94FF 070F82 0E1BAB 0C1528 080EE8 003E65 007B40 00F059 01E146 03C20A 078213 0F00B4 0E274E 0C6CD9 08FED5 01DF15 03B944 0772B7 0EE3FE 0DE70F 0BEC5D 07FC6D 0FFA26 0FD560 0F8F29 0F3FA7 0E5C67 0C9E60 091DA2 021EEC 0438E2 08717F 00C4E2 0189FE 031118 0622E5 0C4063 18A6DF 016F72 02D821 05B1B8 0B61F8 06E63F 0DCBD4 0BB450 074EE1 0E9A14 0D1476 0A0F84 043C3C 087A87 00D464 01AA8F 0350EC 06A2AA 0D43C4 0AA6B9 056DC2 0ADADA 059402 0B2925 067507 0CE982 09F694 03CE97 079BEF 0F329A 0E46BB 0CAD0D 097CF1 02DD6D 05BA03 0B72AB 06C428 0D89A3 0B35B3 064D77 0C9B50 0914B4 020C8C 041948 083352 00440A 0088D2 011098 02210B 04435A 08807E 01252F 024BDC 049068 09207B 0264A6 04CA83 099382 0304B0 060BE7 0C12E6 08056E 002D33 005BAB 00B302 01626C 02C370 0580A5 0B0136 062796 0C4A34 08B6CA 014EF8 029A9B 053254 0A6139 04E6BD 09C84C 03B769 076BA4 0ED38F 0D870B 0B2FAF 067D47 0CF9A0 09D44E 038F8B 071895 0E302B 0C46C5 08AD45 017F1B 02F9A9 05F0C6 0BE27A 07E715 0FCB60 0FB59A 0F4CA4 0EBDAD 0D5FED 0A9FAC 051C16 0A3B6D 0455EF 08ABFD 0176DD 02EBEE 05D1A7 0BA03A 0765A9 0EC84A 0DB7B1 0B4F1A 06BE41 0D797B 0AD597 058D4A 0B19A0 0615F7 0C298E 0876EE 00CDA1 01991E 0333EB 066125 0CC1D3 09A4F0 036FB8 06DBCA 0DB29E 0B4711 06AFE2 0D59CA 0A97F8 050F86 0A19CD 0414D4 082A6F 00744D 00EB90 01D194 03A0FC 07405E 0E8397 0D2520 0A6CB6 04FE75 09FBAE 03D557 07AAD4 0F515C 0E8789 0D2F87 0A7E41 04DDD2 09BBF5 035622 06A8AE 0D537B 0A8460 052D3A 0A59F4 0494AC 0928D1 027457 04E9C0 09D208 03866F 070844 0E12D7 0C0711 082C79 007ED2 00FB0F 01F0B9 03E100 07C32B 0F8344 0F2664 0E6C93 0CFD6F 09DD07 039C02 0739B7 0E7088 0CC5FA 09AD07 037CC0 06FBBF 0DF0C3 0BC4BA 07AFFC 0F5B00 0E9690 0D0ED4 0A3F2F 045F6E 08BAE8 0157C7 02ABCB 0551DA 0AA3FE 0566B4 0ACA56 05B74E 0B68AF 06F5F3 0DEBA7 0BF7F9 07CEA9 0F9A16 0F15C7 0E0D0B 0C3D38 085D83 009FFF 013A5B 0270BF 04E3AB 09C3B4 03A574 074A58 0E9038 0D067F 0A2CE1 047EB3 08FBE1 01D763 03ABC1 0751FB 0EA089 0D6658 0AEFCB 05FF81 0BF994 07D528 0FAA51 0F74B6 0ECF41 0DBD60 0B5D82 069FF3 0D38F0 0A5618 048D01 091943 02172E 0428A6 085205 0084A0 01095F 021209 04231D 08438C 00A49C 014ABF 0292D8 052258 0A40EB 04A4C2 094B2F 02B6D4 0569FE 0AD34E 0584CC 0B0A57 063414 0C6AFB 08F5B1 01CE1E 039884 0730B4 0E615B 0CE79E 09EC72 03FC64 07FA52 0FF003 0FC645 0FACE1 0F7DFE 0EDC81 0D9E58 0B1DA6 061D8E 0C39EB 0856FE 008C4E 01183A 023395 046330 08C330 01A6EA 0348D2 0691E2 0D217F 0A6537 04EE82 09D89D 039596 072904 0E5191 0C8564 092F33 027FD2 04FA62 09F2D2 03C7C8 078A74 0F1364 0E07DB 0C2C32 087D57 00DC0D 01B88A 0373C0 06E17A 0DC3C1 0BA5F3 076C91 0ED84C 0D9616 0B0C96 063F97 0C79F0 08D4E5 018C84 031A72 06337E 0C606B 08E4B1 01ECCA 03DB4D 07B1A5 0F61D1 0EE730 0DEF12 0BFF09 07DE68 0FB905 0F5561 0E8D04 0D3D2C 0A5CE1 049C89 0938EB 0254B8 04A899 0951A8 02846C 050987 0A11B4 040430 080A62 003438 006B2D 00D023 01A27D 03430A 068162 0D01B1 0A2656 046FBB 08D9EE 019513 032BE7 0653C9 0CA0FE 09677C 12EE0D 05DACD 0BB0CE 074630 0E881F 0D369E 0A4E8C 04BFEA 097AC8 02D408 05AACC 0B51C9 068546 0D0905 0A345F 044D76 089B19 01144D 022849 045279 08A124 0164BD 02CA16 05914D 0B23C0 06645C 0CCAF7 09B52A 034DC2 069A88 0D32EA 0A454F 04AF5B 095B7D 02971B 05293E 0A5384 0487E6 090A4B 0237EE 0468D4 08D27A 01846E 030953 0612AE 0C2386 086742 00EC85 01D87A 03B1BE 07606B 0EC36D 0DA61E 0B6D85 06FFBA 0DF9FF 0BD57F 078D83 0F181D
0C6499 158D0F 00C064 0FF422 0C905D 03C2C8 01155A 06E6D5 0BE0DA 06CA03 04F1BB 02723A 08D577 00F6FE 0A29B9 0AC039 00FA3F 0B5903 03639B 092A32 0DC973 06ABFD 056B82 0B828A 0DA605 0FDA00 0A7C83 0BD7BE 0F3112 0B344F 0D867B 05D88D 0CEEB8 037006 0234B3 0280E3 022D36 0D56EB 027FFD 03EA51 0F3D39 09ACB5 0C909A 069AFD 012F7C 0260A6 050118 0403AB 08FC6E 063EBF 031574 0DB7F6 071BCC 0C4B97 0B537D 098137 0BF808 01A535 00A4F6 0E0E1F 06E255 0B95D0 05C3BE 0DC7C0 09E272 01A3F2 014555 028C63 053B88 0B73AE 0EC5E5 0D3CD9 0EDF87 09D6F4 018754 036D8D 05F88F 02D602 0C1B5A 0505C3 0251FF 06F3F2 0F465C 0BAAF8 0F1F0C 0DCE3D 151B35 0FEF55 0155F3 0714B4 038139 0A9889 090F77 022592 048866 0F1271 0E698D 0F949A 042B28 01C751 0FB837 0E0CC4 06FF8C 0B4F39 037069 08CB89 0008AB 0DF3E4 041F41 0605F8 0D15AE 02EC23 024A8C 087E5C 0766CB 036765 0B7029 0BDDEF 0F846B 0F7F81 0C5D1F 0CBAA1 083FD3 0B1EBD 0CA977 0C6007 000C37 07CADC 017FBD 056432 0646E1 083165 05CE07 079215 0FB80F 0B97B7 0145EA 00A42D 000FEE 0A39D3 05E2E0 066368 011832 0C2AC1 084B8C 01575A 0DAA5A 038809 006186 0B2CDA 09AABA 0D297F 086B35 0033DF 064276 0DEE43 009F48 0A8F51 082A5F 080F11 036D42 0C7DF5 0D4926 065D43 0B2042 0ACA55 000C4C 0D9387 079F24 0B229B 06EFBD 099A08 015F66 00DDEF 02BD6E 0D7C41 0A6CA7 017F8C 0EB1DA 0FDCB9 0B784C 01BC59 0857D9 0958F9 0CA46D 08117E 0BE4EF 085B9B 0DCA96 018C5E 026C42 0F7B21 036248 0BB99F 0C4E6B 00C9C6 02A0C3 0CE7CC 045E5F 05E0D6 01DB5C 03C791 042A19 057555 031081 097140 08B9FA 0201C1 0E86FB 09BB47 07BC55 0873A4 08E8C9 0006A9 0F8B0F 03C80E 00AB0C 08FF8C 0C2F19 0724DB 0474A6 09BF78 09FED4 0668AB 013BAD 0DE843 07CAEC 0EA99C 04B7AF 07F910 0B8CCC 0496AE 044D3C 036205 09B638 081026 0A50C8 0690A2 0DA539 0F4FFD 0FF778 058CE7 09ACE7 06F97E 01984A 00A806 0DB492 0CB683 06E349 005E7D 0C8266 083DB5 089F78 078D87 0BF4FB 00E66C 08E797 081FBD 0F0C93 06432C 0FF0C9 0461B3 0556C2 06D2E7 0EBB4F 05B2AF 1CD12A 046A6F 0769DB 03EC8A 0EE025 04B5DE 037A20 06C4A6 0C29B2 057619 02337E 0232E9 068DE4 0A5DC6 0ED2CA 0F5088 080119 046A89 0AF881 04B222 024326 0D37C0 077E48 07A3BD 05131D 08171F 018A6D 0F32C9 0F9CD6 01DE35 054583 0D0445 06206F 0CFB44 0C1631 0645A7 0E34C5 0988FA 0D5E45 0922EC 0FA05C 019FB9 0405FE 0186F2 0FF8BA 088CCB 0B908D 02D272 0B496F 010AA7 0F9FA3 03A695 025180 0C2A6C 0CA644 0FA538 094247 03A971 0F3084 0DD779 072891 0BAA28 08FE30 0D6145 0FDE1F 06147F 00FA75 07A99A 0DFF0D 0E9804 077EFE 0D0C52 05BA70 07AEDF 096225 034ABA 0BF041 0C1D9E 066BB6 0F8D5B 05FA44 0D658A 0E213D 0A4E09 0590D5 0240E3 0F116C 023049 051942 01F0BF 0D57ED 0FD1FF 052EBF 0FAD96 00948F 0E9671 0011FC 08183A 014447 080A83 0480EF 0CEB16 06FE73 0546BA 0FFB89 041CC9 06CC26 0AC6D3 0F215D 0AB006 03AD56 00777E 09E48B 0B1FC0 010D74 0AF547 023E15 0B97B8 08929A 0D1BAB 0A2C84 05BEC4 057815 0A0DD0 03DE8A 08D7E5 0A1063 085137 02FCC3 061E68 033D88 0EA7D7 0B1EEF 05F1EC 04A7FF 03972B 017D8F 00365D 062FD1 0E16E2 0E4A70 0EB07B 0D4186 0A8566 042EEB 005826 00208C 04C0D5 0DCA78 09BE32 0339E3 055341 0387C2 0EB9FD 004577 08D1EA 03D51B 050DF5 0F1E33 067412 0F3A27 00F3E5 043E3D 06D16E 081F32 0DB623 06D684 01B095 03784C 0632C8 0A6080 048B8E 0A72DA 0FE0EE 067125 00D04E 00F9A6 0B320C 00F24B 042E24 0672DF 0D5F12 077C7A 01228D 0C7D95 09C1F4 0B45AD 013C2F 0E974F 0AB41C 08E207 0C5ED0 0586CF 03109B 0670A6 0E6203 08C33F 00CE2E 0ADB0A 0F22DA 0B70E4 0E2D78 0BACCF 099369 04996B 05BF52 0FC357 0A2C25 087405 00561C 046B8F 0E9A7B 0F3928 0F1242 04248F 09FF5B 0E7FBF 010558 0C1312 083B07 01B49B 0C6B14 000B4C 07631F 052E44 058CF2 05467A 089619 01C819 05B073 0A0E18 0F5DBB 052972 074674 06F21D 0EB3E7 07E3F2 0A5654 0864E3 077500 024766 0131D3 0FEB57 036D9E 02C38F 050A82 0E501F 0ECEFA 0FDB11 0C9001 01039F 02B397 00E2A7 0D899E 09AD7A 0798BF 085A6D 0BB853 0E81FD 03168C 0757EF 054B30 0526F9 071708 04113A 095770 092CC1 0FCAE6 02CDCD 0E8225 0550A3 09906C 0AA38B 08D6DC 0CD468 039761 075E03 0D1B2A
07B881 0C59D4 01F1D7 085300 0DB145 023C41 0F292C 0441D6 0994C6 0BAC5A 02ED34 091149 049DD9 0D9529 0E2502 05660E 021840 02215E 04ADBC 0E3B4A 073BC8 05A55C 055ECF 0AE4DB 070D44 093CB0 0B1306 0CF58E 0EF895 041977 06C11E 0AFC6E 0E5191 0052D7 06D83C 0E1CE5 015AF5 0849E7 17C30F 044D59 064D26 0AC5C3 072168 0A0522 0646F9 0FEF66 04FA89 016497 06F9FE 0C3A13 0616EC 0ED467 0A4932 0AF82F 074A56 0A5629 02E72E 06E5A7 048C2D 03AB78 02661A 0D20AA 05B5FF 051609 09365A 0A89A8 03860D 02E4EB 0AE224 0C587D 05E519 009286 0B555E 059889 03B54C 03D83C 0278AC 0AFB9D 0568FB 0F32FE 010E87 08A53C 043921 02991B 02C515 0A465A 0A3376 00580C 001BEA 05715E 00ABBC 03A6A3 00CE18 0DD65A 093753 07A8A2 003BDE 0BCE2A 0AEACD 0F8F27 0C4AFF 03313C 0AF495 01B488 00E1A3 0DA759 089630 0EEB1B 02298A 0A4C41 04A051 09A07F 0464A6 00A4D8 02BACA 0AD512 085300 0EBC0C 0C632D 0105F0 0D988A 0769F8 0DE91E 0211AE 0B9229 0A7986 0FED22 068ACB 06239F 057690 03D93E 0EA0AC 057580 0AFA75 055478 0EA973 0D3E9C 081DCA 0239C5 05770F 02CB81 0401E6 0480DA 0DD947 0D1D66 0E313F 0D6DD6 03BFAC 0DE9AA 0FC14B 0E4CF4 03FD8F 0D040F 0D78DD 001B76 06E5A3 0B073B 00230B 004E81 00F88D 02F320 0DC48B 0A1C43 099F8B 0FC466 09B7C3 03E3B2 02A1B1 0E0A53 06C14B 0A940C 0DC13C 0D57D0 0D62DE 05E8EB 034FE6 02EB75 061A91 0257DF 0775C1 002F3A 068515 0B84EB 032191 066AEB 0D939B 0106F9 02BC7F 00D839 0CFA86 034CA1 02EDD0 0631B2 03040E 0DD61D 05D8F5 09EE00 0138E0 0474BA 08A7BC 030E83 053DA8 037DE4 0E4A73 09A630 0BA42D 01BE02 05964D 0C258A 0060E3 003267 07E1AA 03AD0A 04E1EF 042468 07B1CB 005DFE 09A720 0B1FCC 050C69 02BFC8 00CA35 1C5853 060EE6 082465 01C541 0ECB86 076F9F 08AEB7 02B254 0B24B9 04B29A 0FA718 0922B9 006A54 009448 030BC7 0735FF 074ACE 0700F1 021096 047A7C 0A3387 0262E2 058CDF 017A2E 014556 0F0DDB 02C55E 02918C 0D8E13 0ECF10 02742D 0A540F 01921D 0B8A27 02E7A3 0B0021 009A94 04BDDC 05538A 0B3AF0 0A9764 03D597 01060F 070547 06231D 0D92D9 058502 0FF673 08677B 0DC39D 021FD2 096B69 08AE72 0309E3 0595A8 072ED7 0EA019 0AA4BC 0B02F2 05BA61 07B6EB 09938F 04ABFA 045CE8 00035E 055144 0068E4 1625E6 0B8691 0922E9 02F9C0 011081 05697B 00FF65 002F22 0EF91B 082B0F 0FDD0B 0223A7 097A3F 0BCE7C 0FEC62 0DECC2 0B5846 03B67A 0E20C5 06B689 0B5DB1 07522C 00C0CF 027C5E 0B3F74 088264 073A6B 0EFDC5 09BC0E 00160D 0A4C41 072B81 02D6F1 015326 05292E 067DCF 0D4071 0766B4 0010A4 061F26 0DB598 072C4B 0D81DC 05C119 0C5F58 061351 08BF09 05F5AB 0EE1D3 05ED2C 0B0927 00B5A3 050657 092289 0B0084 0D94C3 063802 050985 0143B0 08B5E5 0059BF 08120B 059623 07E15A 095851 063BD0 095AD6 0B9FA0 0FCFE0 09AD02 039210 004301 0BEDF1 0C2B6C 0663F7 0C9DE7 0BFC00 00F8C4 08BC41 0BAF66 004900 095FA4 0C6DE4 0F80C8 04ABB3 0585A7 0D70FB 096A02 0FB2BF 05BD54 0C0DA7 03F04A 09378D 041147 0AAF13 013B35 001B08 035797 0DAF49 03E9C0 03E14C 0608A6 0251B8 065F39 0B7D30 0893B4 039B91 03F48E 018177 002E5F 091E51 08AFBB 044A48 017B5E 0D21EC 04182B 0B2F0D 0EBA65 0BE4B8 0203E8 0B28EA 0FC827 02C4D4 0ED2EF 07F32B 0CF4E8 0148F6 0622D9 098923 0D3CBA 0AE0F1 00057B 0F4155 0418C3 0D672A 0004FA 07FDFF 003408 0EF6A2 09D1BF 032C7A 0318B5 0C7B33 0A2051 03E2A2 0B8D42 058692 0EEF95 029503 0E952D 005A2C 0AC919 06C0EA 06045B 009C42 054363 090BD5 0E53B0 0F7D28 013B43 0DAC08 0563F0 0ADCEA 057EAB 0DFA05 03BB77 0480A8 06A582 00978D 0F11A7 0F3B79 07B61F 00F95B 0D8D5B 0807B4 09CA59 0C04A3 055380 019B97 0A45DD 0F9F86 062884 0562EA 03D38B 0FB100 0F54B2 0E0D4E 083F78 0014A7 026AC6 06F778 0CEE4E 01DFA9 0229FB 08D240 055F18 0C33BF 0C6825 09DF7A 0ADD7B 0F0C49 0A0829 05DCED 04FADF 030F55 014D72 085701 065B6A 0A7F5C 02D146 05ADFB 0B390F 055458 028EB6 04A958 04D14B 057903 0CE8B1 09581A 07F536 04A020 03B492 007F53 0834B7 06BC76 0A974B 0A03AB 0CBAD5 0D24FC 09A700 0D0A4E 09E9D3 0D3182 0C9A30 0F985C 0B1B4F 063D14 0D3BA3 0056A5 001E6C 059BDD 067804 0668CD 08A726 028494 0A6F17 0F2200 0033A3 023F63 06BEEE 0B7C51 0690F0 0F42BC 0D820A 0221A9
040BD7 05AE64 1E3373 0F0D08 0E18BC 07E599 080949 02BF67 0ED9CE 0B3CCE 026A47 0672BB 001DB5 0E2E92 0BAA0B 0964D2 09353F 0A04F4 00CFD7 0161B5 02DCCE 0F06A0 02296F 0CA2C1 0D340C 005FED 09EA7C 076C47 088739 0994AC 020D94 073905 01CC28 0C10C2 168C60 0FB6B2 09B9E4 026413 035C2C 0B05D4 055EB4 0BEEF1 01AB22 0C581A 0BA4A0 0DF78C 08E2F2 025929 048060 050C61 082FA0 00CC0B 02D2A4 0751C8 09E07D 052FC2 0BB01C 015B64 0BB579 0CD07F 008A85 038963 0C25E2 08E6BE 040392 02C50C 0FD146 073631 010F05 05954A 0E4705 098E7C 088429 02EE3F 0EAA6C 0DAA67 022A82 0A3F90 0560B4 079783 02D7E0 0BCCB7 0FA935 04FA44 0018E9 090803 07F163 004DCB 05EAD5 0FFF33 01EBD7 02B49D 094B05 02946B 0B4789 0B09BE 0F3D1C 09892E 0EC213 050592 0544C0 0961AB 010986 0F1043 0ECC74 0BBE1C 0F3070 0FF63A 0ADFE1 0D33CD 033698 0E3E92 063607 06DFC2 02A7A6 0E879C 090508 0E522F 021448 065A0F 0F26E6 04E807 0CF51E 06C856 097E47 0097F8 0E2704 0ADBAD 06A882 0B0247 05D49D 07C7BE 05CFAD 04A24A 06F066 00886D 080B8E 08D15E 00921B 0C9630 079F1F 06B9AC 0D6E0C 08DB15 08A453 0CBC23 0E03BA 042003 094483 0C61AA 026F04 01CEE1 071C59 04B21B 02416D 042852 0C983A 0E7196 0A43D5 0AE5B9 04434E 0F390B 0A0DF4 0A1A1A 030DF1 07A30F 020813 0FAE9F 06E2AF 09B7BA 0266DC 053C7B 013F51 056ABA 01B3C9 09ABB7 0A4923 0759EB 00823D 0EB74F 0AC7FB 01F4D2 0DA077 029D42 0072BE 0B3AEA 024F44 0B42EB 01223F 0B21DC 091CA2 05268C 000622 0E2239 011CD0 02E568 09171A 016797 02C708 0A71D9 0B6636 08B52C 070E21 02D79C 04C4EB 09B723 0BB435 011601 01CE8F 05D6DE 02AC8F 0E73BF 06CD51 02123F 04A6FD 090A5C 0D1481 04D9A8 0B165A 0D0C6E 01F9D9 03BCE6 0DCEF0 064F3A 0D279F 08DAA8 0D2988 1A46EF 054797 08CBBD 00BA87 0CCB15 0EE3E6 0C78EB 0CAE7C 0B9338 0C8A4F 0FA77F 01D2FC 1E6D2C 0A2330 0C28E5 015256 032F69 0FFBB5 0B0A55 0B1503 0C6947 0C1C10 016ED4 053922 0858AE 0A5AEF 05FDC0 06E502 0FC3FC 0B11D3 08E8AB 047328 0719A0 03F17D 060D52 0643A9 089EA5 0D0773 0F73C0 0D86AB 0E2586 025EE8 037569 0F70DD 01CA41 00576B 07368B 03CA1C 0F819F 077BAE 074051 092EE8 0A0785 08955C 0A89FD 09F652 0F979E 0FE134 06B2D5 022057 01D697 01F95E 058303 03692D 073F4E 060B8D 0CF80E 0168BE 0BBDE7 0C4E93 0CAC61 0E5410 087D22 0F9A62 062F0E 0977B2 07062D 0F4748 0FF746 0097B8 0959A6 089714 01B3A7 07833B 08026B 014A85 0BF823 0D964A 0BD565 0C5D17 078399 02562A 06BAD8 029686 014CA4 044DCF 089B88 090043 02D698 0A0EF3 0F20F4 0FA747 01C189 03BA99 037EBD 0E1D51 004BCE 0CD78D 0F0706 052043 052E1A 071993 0EFFB9 0BEECB 0C11E0 05027E 084C9E 068CB2 035502 03A9D6 0D45E6 01AA23 0B5E65 054A40 004E3C 0CECD8 0C55E8 0E13CF 08B64F 03077C 05B1EA 0D6979 05E667 078D6A 0BC3CF 049D4D 079145 02E41F 067362 0A2F87 05EB90 05AD87 0371CC 032AB4 0A7A8D 01DF48 08B60D 09C0B6 0C543B 05685A 069D49 09FF1D 0B855C 008D65 0339C2 0D6EC7 077BC1 094547 047BB8 0FA7CB 06CF94 0D5051 04EEC6 0D2697 043CDC 072BC2 0284D6 07E684 0B0BA6 0002C4 0E4D6B 0DBE6A 0022FB 044E73 000B19 01655C 04825B 0521DD 09EB34 00018E 0E517B 041731 034EF5 0037F3 014CB6 0F9BFB 02EF1B 0FA852 0029A8 042CA0 0401F6 078426 03595A 054E6B 01B317 061319 042E40 00D65D 089915 03091A 05CEC8 068513 0ECCA8 0E87D8 0062B1 0E7D97 0862D3 012077 00C25C 02E2CE 079DC0 00F4AE 0D5F8A 0A77FE 00C06E 08F25A 03DF36 04566C 06346B 0318F3 0257E5 077B6E 0770E2 0709D5 0FA8D7 0C44A5 0CDD0C 03D943 068B27 01AEBC 088BE4 01D7DD 0DFD2D 010841 0762C3 0950BE 060BDE 067940 04F5F2 05E51A 0FB4B7 05622B 09BB10 0D84DA 0AB90D 05289C 01740E 019B88 16E087 0E7849 0C19DD 085DC7 066F23 0C331E 0E7EC9 023983 091650 0C000F 077410 0E8B87 0F675D 060040 002184 0924AE 0C3982 07C6DD 097BAA 064F8B 064A5F 025496 0E10C5 069221 06A86C 01BB9E 076A0A 0EA727 016A83 053426 075DF2 085295 063729 0A69B6 09E602 071DD6 0FB720 0A1FD9 0ADC4A 034059 040C19 0D7FB0 05FE8C 0A2489 0CCF03 059E77 0ECF41 06F55B 0218DC 0AA577 0C5E88 0F259F 051674 0A4893 07ADDB 04BCE3 0634E7 0DD0E0 005DA7 0C7DD1 0890A9 0471A3 0072A4 0B2833 001DD2 02F1D4 0F685A 04C7A0 03EBCD
07B53C 0EA1CD 03DC2E 0F75C5 0C2949 0C158D 0A524F 07DD96 01DA07 07B365 0B5EF2 0EB316 0D7892 0EF2C8 0776DC 0D2EC2 0828F0 0CF8D8 011F9D 06A625 0E8F59 0E0751 051D7F 019CC2 0093A7 0AD85F 038AA2 059EC5 043193 066074 03A8CA 0C76B1 08FAF3 07B6B6 0C2B6E 0C2EC5 0CA7AF 0B94EB 0C8A3A 09B6E1 069A43 048E67 0FA15F 0B3C5B 0430DA 06558B 0B90C7 05B6B1 0281D0 09DA33 0B356D 0A1F32 06FEDB 0C418D 0AD587 0457E9 04AFFE 013735 040CFA 0C3AB6 0B4D5B 08E56E 09D0C4 08516D 028403 011D10 01832A 0DFDBB 0EC734 0F4009 0D0494 0B531C 007A31 0D3F98 03DA6C 0613FA 04075A 0A7288 04BCE9 00B3F7 0C1441 067D46 06C5EB 008865 0EBAA3 07BFE5 0E8A3C 05B7B1 0E7092 044D6A 04D1C5 010851 0AE818 0479F5 0506BE 0944B3 080847 066D82 037D38 0F5855 0F80A9 0588B6 0FE29C 06B809 018232 0C948B 038A80 0AFAB0 011199 08239E 04AF72 0D3DE0 0F65D1 09F570 0D8ABF 03C70E 0A9CD7 0D7DF7 03B3EC 08950D 0F2E48 072F9A 011462 04E69E 0D0596 00EA48 046C99 065A90 03CA6F 094D31 03ECE7 069011 0394C2 0F25AC 051165 0226CD 024D6A 06F82C 0892EF 018011 02DCA7 02A8C0 0BF928 0B52A2 04AE5B 032145 0555CE 07B6E6 018E3B 03E8A5 084CEF 0AFE14 0531F8 0C528E 0F06CB 0F9E2F 016C4A 06B1AF 0EC24B 002D25 022129 03DF5A 03D6B0 0EA5B9 0486DA 03CA36 0BF442 0B4D2C 0B1EDC 05513B 057D1F 00B40A 052DC7 029966 02ED35 1996B9 00D7CB 0EDD29 0B1E4B 06B89D 0C24DC 009075 077BAF 0C94D6 0AEC40 068EA2 0404D0 055B48 0CBFEA 0D6985 0E8356 0510A4 0D0A4B 06D935 0BAE28 034CAE 0C1C18 080DC3 037036 00EC05 0983DF 0DFAC8 07F2BC 0F2891 0AEFF2 07B29F 0AA917 052318 0816A0 042A34 0BB155 0134F9 0B888A 02BA10 07320F 08DBF3 021F4A 0F6EDF 038B59 072084 056EC6 09499F 04DD9A 0C4F63 0727C0 051DAE 0BC62D 0F3D85 085397 14160F 0F69B6 050F48 08FBDB 04EF28 0CA68C 06063A 0A08D3 0106AB 00733A 02949B 0B88BF 0BCC52 00C4C4 0BA998 09E16B 040A26 0086EF 09351F 0556B2 03E658 0F2AFB 0B8B53 0360C3 08EA36 040478 037F31 0F0948 0E660B 0B60AA 044001 0B885E 006054 09829B 02A540 01CD59 0A1FB0 02D962 0A3789 085074 0CE356 0FB777 09C7F8 0B9753 063F6D 0A6797 045E78 0446CA 01678E 0C2993 0E7037 0C0993 0DC152 0A525A 028590 0B4F19 000415 024FC6 0A5158 00C70B 04B4C1 1EAE6B 0D0A7F 0BB2A7 088E29 0F0777 0101CE 072490 023AB1 0ACF61 03C82F 07A650 07FD21 0582E0 0E11F4 0754C5 02BA28 0D72EB 0203BE 0FD713 03388E 06A2D8 0BFE58 01B3F3 04C955 047D78 074D2D 069935 0BC949 0AFC8A 0D2674 0BA96D 0E8087 059398 0B824B 010877 0A6088 022F05 0596A1 006B11 0A7516 0D7065 0DFC32 0A386D 0BD76D 0E8A12 0D62BE 0DA071 0258FD 0FEFE1 0428C0 0E81BD 075283 0D19FB 029914 0F9C05 0ED562 0D4112 0EC52A 0398DA 02B7AB 081138 1F91AB 001E4E 010E1E 025005 0BCD93 0B54DE 0A49E9 0141FC 03F28D 0D4543 0144FA 060799 0CFEA4 0DBCEA 0D0FF3 0F9FF8 129107 01FD82 020B39 0A31AA 021BFF 0C47B5 0E2543 08715A 025A7E 0D83F9 02871E 0E0F48 068BDD 012D3D 0E5EEB 09EB33 09F4DB 02ECF9 05FBF3 075D64 0ECE74 0AD748 0CF12D 01A3C3 0C8031 0E31AB 00BDCC 0A8F50 078D99 0F4026 0ADA72 0EF32B 0E5010 03F7CB 0489C5 033F4F 0C31CE 0C7996 0E6804 05C552 1884EB 06377C 0EECB6 0B07FB 0C24EB 09797D 0DCD40 08DC2F 05AEA2 0D40D7 06EFF6 0051EF 0E440D 05847A 0A6A15 0F4487 00A60A 047DA6 0D2A1D 066667 0997B9 07C631 0B010D 041D9F 06913E 1A817D 1A72D9 12314E 06F4BE 00D6DC 0DE192 079E51 0B0863 0825BF 027DDA 07333D 06B03C 06A0C2 0F2596 0E5AFD 0F39C9 0F38BC 06080B 0B0BB9 052420 00EBFA 001F3C 0A4EAB 01C2F3 072F70 076DC2 01E99C 0642E3 033341 083226 039D1B 068EE7 07EB80 0A5CF0 045B5F 025019 060816 0617A1 067D29 087DF3 04C7DC 04E35A 05AC41 0FA21E 040963 00A24B 005940 0EC136 07E88E 032EAE 0CB734 0B7077 0CA046 067CF3 0D6956 0778FA 0E58F4 006435 0BDA0F 0B2009 006F92 0E5FBB 06BC66 0BAFA5 0BF849 029340 03FC3E 02DC45 0C5A9E 0BA09B 046529 0E85F4 0A8518 02F190 0352D0 09FAA7 0265A9 0BC689 0E70F3 061E79 02E9D1 0F0A5B 0DA56D 004EDF 0F203E 0A5D4D 0A4D0C 0F6124 020185 11E1DB 0CAA2E 0E32D6 0E2C9E 00D91C 0C2310 0B5007 0785A9 06ECF2 0BC551 032A11 042C3B 0F2A34 02C3FF 0FD0FA 0453B0 0991F0 01E25F 1E4055 078BC1 0315D5 08F63C 0BE992
139367 0B849D 199924 009A46 0185D8 02BE4C 0C8664 052FBE 01E7C4 0648C7 033199 0AAF25 05A7D4 001323 036A37 0D4076 083B7D 07ED13 0282F0 0CADF0 0E60ED 09F869 0C62D5 007879 0A1EF8 0B82B0 012FED 0E60A2 054A91 0C3C57 01C02A 057A1C 0B86AE 013CD8 05EEF7 04356F 0BD556 061B46 004C94 09E925 0A2267 080076 0C16B7 0EA849 0FF178 0CE8DA 0072B1 0800C3 088E47 075416 00389A 0CF942 0A10AE 03B988 03AB1C 098C9D 0278BA 0AAE2A 082ED2 09B13B 0001FD 0CFB51 0089AE 08522F 0D9E75 0AF7B8 0D57FF 01FAF7 053B7F 0C540F 0EE234 05163E 0C11BC 0184E7 06648E 08A160 035A5D 0B915D 0F1A91 079EAC 08D049 087A34 0ECB5C 0E36DB 0BAC17 0DAB2A 023B54 03A9B3 0C09D1 034E0E 01F573 00ABA2 089179 04304C 06857D 00292E 1C12A4 012C50 117DDD 0B0962 04D895 0417FF 06DDE2 06F096 02A9F7 07F150 1B0F58 02055F 0C7DF6 011635 019E2C 080A97 0971C1 0ED1B1 071E10 074F15 0D0CEB 0F5711 0742B1 0E84BA 0B4551 07DD2A 0DD28D 0F4317 0863CB 00D241 00EC10 0AEC55 0FFABC 0E1BB7 0F8865 03670B 0CCEAB 061077 151E21 01913E 0643F5 0ECF5E 08507D 08422C 04991C 0D9659 028F0A 05D530 075534 069C7D 0DDDC9 0CB354 01D042 15BCBA 0AB453 0A582F 0DF105 06F1B6 0A8EBA 070A68 0F009C 06F41E 031AA4 0E3256 08C6E0 09CBC8 0C8710 0DAF0D 09A864 00FD3B 0C73EE 0A151E 0DFAD9 02770D 025746 0FCCC6 054009 02DE8F 04DD7D 0966C3 05747A 08132F 032E65 08E423 060FB5 0E4187 088196 0621D3 0541BA 0C08F4 06D879 045E52 0F9596 0A1811 002207 0F6A08 081B33 07E52A 0559F9 0D8892 0D62ED 05C6AD 09BC8D 0E81AA 09A183 030486 0D2A77 09E27E 0F88FF 0C45A8 0A0A7F 0EAC7B 06C44C 0E6E9B 0A95B5 07E93B 0089E5 02DA25 001AB9 002BCF 0AF37A 0E2991 008542 0B1FFF 0961F8 0139D4 0C55CB 0C64BF 094727 090FCA 07D619 0013E0 045310 0A10D5 0F0313 0AEFA0 0ACADD 0EE994 01F3B1 0B9D19 1EC861 0C324D 016F74 0C9F38 07CCE5 05AF9B 0034FB 089115 068DC4 0EE360 0B6268 096C47 0A6967 02853E 0C2228 0E6D6B 0B612C 0446FD 01E500 0C1417 0BF018 05D070 0D9B03 026E49 0C73EC 0967A5 08EC6B 078AEB 01A8F1 0449B2 073F2B 0B8F1A 0AEB8F 0C2003 0931CE 082CD8 0F38BF 0B4D53 03FF45 0EB142 02C74F 016904 039ADA 02AA9A 02AD37 02284F 0E0988 019D32 0FC6B5 08888E 0FC4D2 053F26 0924E9 0B98A8 03E6E4 0FD35D 051B91 09B550 0D40DD 1ED2F5 0C3298 015840 05FA9A 1CC7C9 04CC5A 007C36 049931 088763 0D561D 0743D5 00FF15 0990D6 0DA7AD 045B88 067F69 02A3F3 08D9A7 06AA6A 04B530 0AF3DE 05DA07 0716E2 0B7C0A 0CDF26 00B659 03420F 053286 0A5DF1 02F20B 0C1A5D 048B25 0F79A6 07EE16 0F07DC 0E4A92 010A51 0F5340 0748B4 08D983 06E222 095921 07A226 0D7F6F 020220 017E04 0A897C 0111AD 0292D1 02F76F 075939 0F08BA 058D38 018F6C 05251F 08D728 1D2A26 05465C 059B98 0352A5 0EBA1E 04598E 0CE222 0B5F5D 0172FB 071557 086E6A 037FCC 0B452F 093FDC 0D6F3B 0DE862 01E333 0F88E8 018E20 012AD4 033F08 05D39F 02557A 060B0E 0E306E 0F254D 0D2473 0A2E40 086FED 0FE265 06012E 02A9E1 050C3B 08AEDA 047E6B 04BD0C 007D91 05708D 0196CE 0B770E 095AE7 01F8BA 06F61D 0B1982 0721E2 06C600 012823 0293AA 05A250 0BDA74 0EF8D5 06194A 062A43 00292E 047E85 1F1732 0A4BB4 0E8948 0F3ABC 097FE0 058B6D 181E9F 03ED92 0C220E 0983EC 001248 0AC8DD 0111BC 008131 036808 04C829 048761 066FCD 059636 030FC3 004E66 0A1FE3 082F35 022ACD 0524B6 03DF48 05C8CF 01AFBE 0B18CD 0BEB6D 0B10B5 0033E4 05C246 0AB6A5 0AD51A 0B808E 015658 015EA2 00F65C 0C3886 0B19CD 0049B2 06AB80 0992B6 05A49D 0AB346 079AEC 062AD4 07C5A0 068505 03A0DB 0C959B 09F7DA 073EAD 0A40FF 089676 05D9D9 0F0F12 04F502 02FDB9 02A544 0D06EC 0F86A2 057A18 056079 0AE991 0FA523 0CAD9F 04A2FD 079E70 0BD340 0EE03F 0893C8 06B6A1 09D0F5 0403F5 0229F4 0D883A 0E3154 08012B 09E75E 0EDDB1 0F5586 00F26A 079800 073F15 097E90 0FC772 06FA3F 0E025E 00614E 07C85B 03DE38 0D8B54 00E5E7 0D45FF 0301D3 0F2B70 0B05FC 06C880 07E611 0D39EF 0F8515 09896A 0ED859 0AA5BA 03E434 08CE0F 0E1BF1 01433E 07791F 07B412 1DBDED 041CB1 0C39B5 0401A6 086C94 030A16 05CE59 034278 003C59 036A50 0F2860 05A7BA 09DB8B 0C74E7 04900A 00BF22 07428A 083D57 05DD91 048249 07D248 0FAD6D 047DC9 0C6D87 02EB39 05729F
02454C 0F4DFC 0EA003 0AF862 0634C4 0657B0 05D2B2 0E39A2 062821 0DB427 0CCF77 067460 035175 029981 08CBF9 00F206 1EF73B 0C926D 0AD1C4 0BCEE5 0A6CE1 06879F 07CCC7 008F42 011BB1 08DF45 0C7876 04164A 0A377D 006FC1 00DAED 03A151 035D95 02F135 0A53C3 0343EF 084CBD 09CBDF 0E2336 002F92 034644 0BD379 029D5B 0473A1 0FA362 07E5EB 05955F 0CB453 0DFF91 03B89B 0D23FE 0EF28C 032921 05EEF4 0D906C 0363E6 1CECDB 0D8D5B 0DBA7A 076260 0A6A4D 0B20ED 08FE2E 0DD14C 05EE00 02606B 007B64 0C825C 0B4928 02B838 0C12D5 010945 0B6748 07C689 06A702 06AFE8 04AFCE 0736FC 0D435E 0169B3 0B32C4 0C7E60 077EBE 0D80D8 0CAED3 09753D 05F7A2 002E5E 064CDD 0391ED 089482 0B28D5 0E68BC 002444 09276C 0DCBCD 0A8542 03C2D9 0B21A3 0BB2D9 0C39BA 06F2CE 0FF3B7 0EACD7 0F6257 0F1DD5 05A203 016090 0EF7E0 01066F 00EA5A 039847 059472 0FAECA 01EE97 0B82BF 0B6FC5 0049D8 0BA556 05A746 07F232 00101F 0D591A 05C0A0 03B43B 045381 02A7C3 030C50 02A61A 01B967 06EB4F 0FE96C 0F6092 023B8D 036F76 05E39B 0697F4 06C7D1 0EE062 05CD8D 00622D 036894 0F1008 08FD50 036D2C 049D81 0740AC 00CB8D 05362E 0F64B5 02DC9F 0352D7 0B6320 03CF4D 043CF4 0CCBE8 07CBA2 0A53AE 0265CD 083595 00B7CB 06FA27 05AE5D 0958B4 013E09 0450BC 01F33D 053F08 011014 019DE9 0085E7 09BB4F 031C88 0DE669 0D8842 0A8979 081791 045F7E 0B680C 027ACB 0F46EB 0CED4C 0848A2 001EA3 034EB5 00AE90 0E4AEA 0E24DE 094A0B 0E8C54 0CC9E2 034287 0B8267 00705A 080BE3 0FD00E 0B3FF0 019949 03A5E1 080482 0AC9B5 0189AB 0E71F2 0F5CFD 087947 0500D0 0315E7 008EED 01D884 0D243B 0B9E24 0DB9D9 0EF6F4 0D7FCB 055F73 0455D0 0D7DB8 017EDD 067FB3 01F215 0DBD25 0F8C75 03D935 097DD4 0D64F2 0B4C32 0A3B59 0129F1 0C592E 0E8FF2 0F1888 07D46D 0B902E 0733E1 0AA60F 083DB7 0184BC 0CB4ED 082170 09B12B 0F7B95 065964 075BDD 01282D 0936B3 04BAA6 0AE44E 014740 040342 081980 072FB4 056267 08484B 0517CB 1EF3E9 142F12 009A6C 09EDAD 19E8AB 00C34F 0186FD 01ECD9 0815E6 0EE209 08575D 0BD251 0F3731 0EB632 003B8F 05405E 0CDE48 0DC14C 03A27B 0D83B4 0FE2FE 0869D8 0499B3 0648C7 048D54 06B8D7 077168 0FA773 0377A2 030B4F 003D9F 0C3BCB 119E65 00E71B 0B96E2 09BBD2 0470C9 0CBA15 0AA711 0D5A85 0DA17E 0AE0D3 06CB34 0427C9 0DC53F 0832BE 0A976A 0769BD 017959 08F96A 0F30E4 060299 05836A 0FDCAC 05ADE0 01812A 049E1E 0DC39D 094D55 0027E1 09F02A 0DCF88 02444D 0D8008 0C1FB5 06C735 08117D 0BAAF7 00F023 0FB8B9 06E394 07FE24 02E056 009C94 056ED6 0B8DEB 00FE0D 05FC31 01A95D 05E835 01917F 0507FD 0590AC 0A32B4 0280AA 07C098 093F8E 0AF725 0875A7 0CAF25 060A78 00159E 05995F 08C64A 06D270 0259AA 040FF8 0E4274 0BD01A 066238 065FF6 0A0E6E 0FE3DE 00B4E0 01220D 01EDD2 0864AA 034D44 06850A 0FADA5 02C5A7 0BC390 03B785 045BE8 0FF5CB 0575D2 0FFC2F 062DB2 00A181 0B1249 04AC7B 0E6C39 047E95 011B67 08BEF6 0447E0 08A807 047A9A 0777A9 0788E6 0393CC 0FF8E5 18F840 0B515F 0E26FF 0464ED 0D7A44 09BA62 0AFE94 0C2F1A 006EF1 035682 09BDCE 07FD21 0291E7 0E8558 0F94F9 036767 02AA0D 060EED 0F44C3 03241B 04060E 036DA0 012AAF 0F714B 04AD09 05820C 0BDA15 043E93 0A09F1 0BA5AE 045008 012A56 079DCE 0E09D3 025F5A 0471DD 0AAFF4 069023 02286D 00E81F 008A04 0F115C 0BC671 0EAB2F 0E2B96 007CFF 08A849 06D962 056B3E 082E61 0DB360 0F7C50 0DCB1B 046B66 0ED94D 09C469 05F021 0B8E05 0BA772 0AC37F 0D35E1 098725 0C426A 02CB9E 049FD4 0DDA78 025DD0 07C461 016ECE 05B985 08C050 076B1A 0394F4 0A10A5 050847 0749BD 0BBCA8 0D262A 016EC8 025A44 0A0CD7 05FADD 0840D3 017C77 0415A1 0ABF89 0D9EE8 0DAE99 002818 096545 021921 0B9ED5 0BB741 0CA17E 0C74AD 07275F 02E7F5 00956B 0B4007 029BFF 0459D8 0CD613 0A3CE7 05C07D 0AE048 0536AA 038E53 0CA881 03257D 0D8DF9 099650 0A88ED 0FC2F0 09A1ED 0846EA 0C057C 061F52 0293DC 04ECEF 0257B4 092895 04547F 0C1546 0DCC4A 00B223 0B16E2 0F863B 096D66 08F9A5 099085 06A14B 05DF1F 1057F6 072BE9 07B7A3 087CE9 030927 0B507D 082AFF 03CB93 07569D 0A1551 09040D 0C21E6 031030 0577C0 03323C 054A42 093BAC 007864 01A93F 03E5DD 0CE4D6 0EF56C 0E2762 00315A 0D8451 07CB7D
0AC97B 0AC018 0EFBBF 0782F8 0D1443 0A88BF 0116A3 03626D 0C83E6 0B93D4 028232 096BC4 016F30 0E3FEF 0BA5BD 08C305 0C3875 046EC9 09C165 0B6468 007E76 04174D 0F0361 070924 07E2D8 00D254 09DCC8 00EE34 0A7C20 09496B 0ECD4D 0EA766 058A6A 0CA38B 148BA9 06AB77 006F05 09E002 0AB7E9 0F5E34 0EAB8F 0CD69A 048F08 01C27C 05D063 094C7A 05FA13 01BEF7 01ACD7 05DFFE 0FF63F 0DE469 0A8917 0E1751 05B9D6 064209 05D846 01E230 01F736 026FA2 08F93C 000CFE 0EDB0C 0B6AF9 017A65 0EFE80 0D660D 0F2D2A 00341D 02D652 006C0A 0EB35F 0EFB24 001140 0ED858 0AAA17 0CF89C 05253C 0D1055 00AA6F 04875C 07E35D 087E7C 0D5325 063DD8 096166 0A6DB2 002E05 069086 0B0CDB 0733A3 06012A 0F9028 03A146 02B81A 0AFB7E 096881 07CDF9 0610FB 00F18C 07BBA0 0DDFB1 0EDAE1 07FE76 0C0DE5 07B978 03AEA8 1160D1 036DBB 0BB8E9 0C8E21 074B01 0DCE63 017ADA 046574 0C05A5 0E069B 0D0364 0347A8 0D196B 062363 0D3A5C 0196A8 0D9C57 0E43D5 060FC0 09ECF5 0C16D6 07B155 027E4F 0CC348 08F520 0B4D38 0208E4 01F9D5 0CFA5B 016941 07A3EC 0489F5 07E4BE 0894DD 0B8160 03F365 01091A 053DDA 037494 0E1A87 0B05C6 0EC382 0A54AB 0B6188 0979B5 0EC804 0D8FED 0AFD0E 0BDE7C 076254 0920AF 0D0A44 01ABA9 0F067C 0C57BA 0B6B73 09F3DD 0B19E4 00679A 03272A 090C61 08E05D 07B301 0DAE09 0D3ABA 0819CD 025242 06A6F1 0D4DBE 0A9F34 041EEB 003B84 00E3FA 05438E 0ECB23 0FBD6A 0F3898 0D767E 03EAF3 0E60BE 01F401 0BB214 0516DB 088C13 043B37 001B8F 03E10B 096769 07320B 00CB7B 042F17 05F392 067897 00E96A 01C99B 03516B 00A26F 012D3B 01382B 0957F6 0B18F4 0A2526 053682 00A833 07E535 0A06F9 0A078C 059282 06C164 0259FB 0A8F6E 04211D 00A3C0 06D332 014EAF 05212D 07EC11 0262AE 09D814 0B8DC3 076C76 0C5B7F 0CB254 082CBC 0B3C21 0CE8B2 0CE3DB 010C63 05C87B 057E74 0D6610 066340 087861 055C3F 06B3B7 0DFA2C 0F1792 08454B 028009 0446CB 02AA47 04E720 046B72 050B1D 040BD4 082CF1 019EB3 0C393B 00A821 0622F6 07AF9D 008C2D 0F450A 0CB223 098200 0504B9 0B651F 0D8CFB 0088D8 0C055B 0055FA 03FBBA 0D550C 0F1A42 02FFF6 026332 086EB7 0544AD 0702A5 029AB6 012B07 02D8F2 01F0B7 01AB44 013685 016CD7 0ADD1D 052C3D 0FDA6E 03DD67 052012 0EA574 0A0740 0F02FC 07F005 01D239 02DFCF 0E5A64 032048 0B1F64 0C267E 091AA8 09B56A 0EFBFA 00AEFE 0A40D3 0CD3C6 0AB5EE 0CE85E 0447D0 05D3A1 01B92C 0305A6 05AB03 067505 051312 0570DA 009C59 026D55 0E5E1A 080A43 04DD5D 0EB2F6 056AF7 0B23B6 09E4CD 0F12A5 093FB8 0BF2FB 0A353E 0B16BC 0C3369 09109A 08A47E 04DB7E 045896 072A05 026E4B 05E2F4 02013E 0A9047 01783E 015B42 0FD7BA 047459 079C36 046574 029E2A 072CCF 0EDC9C 09BEE4 0214EA 0E680B 0E433B 092094 0E0F68 0FA793 038BEA 00E838 0E7DB8 0142A8 0EB8A7 0C4EDC 007EB1 066B6A 083F82 077621 07C716 067A3D 03E1ED 0FBD32 0C2E74 03D85A 0A2503 0816B6 031601 0ECFE7 0A0FD0 09D17A 0C3D9F 0561C2 03F8B6 0EA1D2 0775AD 0EDF5E 0C3EDC 055F7C 02636E 029184 07CE1D 08DCA4 0BD004 05507E 0C27ED 0C2164 0A4D1C 05D894 009124 08943A 0C3F27 010695 085A4C 02A15F 04C6A0 05A9D1 0A88B3 0BF664 0133B6 05EE59 07D46B 0F1139 0BC7AE 09E4E5 015156 07677D 00A280 02FE56 083EFB 0EA5F2 0A5237 0D0B9C 06C7F0 0AD1B0 0F2AC0 0BA1C0 098F1B 04820E 048C3F 05A3F1 0E58F7 041CC8 0CEBF9 0F3C64 087126 01C881 0BF2BB 045614 040DFA 0DE147 046D62 04665D 0DF064 024DBB 0849D1 06EE06 0F76B2 0B8819 0D5C4F 096BFF 0D71A1 061A5B 0A0B48 059A90 0651DF 077B6B 008502 0254DA 0E6FE1 0A6999 003908 065BC4 0D9E29 027CA9 0F6938 02C220 04FAB0 02325F 0AD63F 00D1BC 0B0BA6 03C06B 086819 0F48A1 03ABC0 0F6ACA 0FA524 05EC57 0F6C6A 0B14A8 09074E 0A90AB 007717 0B20DB 0891F6 06581E 063C1C 08ACCC 079726 0805DB 0921CC 0A97FD 021E07 0CD4C1 0E7ED7 033277 09FF06 0FC32E 0F9F9C 0EDFA5 039FF0 07C69E 086B19 0F98E0 048B7A 054635 08F3B2 0220C6 0B4769 0E70E9 0AB440 06A32E 020730 0ED621 0BD8DA 055BE1 0CF760 0B8054 05635E 08C6AC 01A9C3 0371F1 07E1C6 07C0A4 0F10F3 0A844E 01670B 00C19C 01E42D 00EAB6 08F5EE 087E3F 0DCD43 03E64B 059AA3 0997FB 0609DB 04780C 0B20C9 08C036 147AEC 06583A 090DF5 0F965B 029626 093212 025C54 047BA5
071421 041F97 0A0068 0B0FF6 02D48B 0C1524 0471BF 13FFB0 0DC81D 0161E0 0FB484 070F11 01A926 0FCCA2 0BBCD3 0407E2 0820FC 059B08 0CD64B 0CF380 008260 01585E 0F9FFE 039BBD 0F7B7E 046B52 02802E 0D2874 01C251 05DFEF 017676 0CD55B 05DF31 0C8587 08888C 092F5E 0ED972 0CA7CA 0ACF3F 0E72BC 03EC05 0C62BF 09469D 0AC082 014450 0AFA67 1C3A1C 084D4E 08D944 0960EA 001A97 090E98 0D186B 065CA4 03DA96 06E337 0F04A2 069C8B 0EF9CC 05D557 0FD026 0C4F6F 0EF11A 09E6DD 03F6CC 043ED8 086968 0BC525 0D9FEC 0F894E 0461D2 080B88 0DC318 052748 0013A0 00B8C3 0EBECB 085760 04400D 0FC8F8 0DF2D8 0EDCC9 06A0FF 0DC11E 0789C8 09C8BA 0A6A16 05FE06 07264F 09CCDB 0B940E 0CD1BB 09A741 0BA03B 02D2C7 0BE0B5 086AAE 0D094F 095973 05F9F9 0C7297 063F53 0244AE 089A5F 04C58D 00AA8B 00174B 0D62B5 00D3C0 06B7A9 0EF08B 0040A6 031857 0179CC 07649B 069D26 0CFDDA 04EC2C 0B0ECA 036E68 0BBCF1 082D37 0F6FEB 033195 0F7E66 01E7C6 08649B 072025 06C156 09773D 02517B 099765 0ADC10 0C3B2F 0900B3 01EBAB 028C65 0BAB5D 0B3CAB 0F66E8 0551E4 0AF059 020CF7 0822D2 012AD7 09FEDF 01634D 04AF6B 0B6E6E 0C474C 0B72AC 06632A 011606 000C2E 1BC685 0FE5E0 08DEA8 0DF8B6 078C28 037415 035718 08A068 005AC8 0D60E2 0402A6 00F2C8 1B09A9 0D1070 06AC07 09FF5D 1174AF 08A86D 0390B3 041F4F 08E370 08268A 09BC1A 00EAFF 01A417 0677A7 00F860 00344F 0E2818 05A26D 06060D 065D6A 08F73A 066E69 087CC0 030165 0FC9A5 0D0C2A 074813 0BC42E 0C417B 1B44D8 053181 0271AA 06F6A0 0FDAC2 05AE07 09F691 0444FA 075292 07ABE6 0E56EC 1D7482 0E6405 0BB93C 0D2EAF 0B1EE8 07F83F 03A226 0A318B 0BB0E6 0511BF 08784D 086FC7 020435 1F6ED4 0A2815 0DEFB5 0DD0B0 0A04C7 0EDE76 0EDCB3 0ACCA9 0BFD86 063801 047813 04B30B 00B1B9 04D3AD 021FD8 035CD1 0604A1 00190F 073183 0BDCDB 073723 0602DE 072CA2 0AC7ED 0A7DA3 08BC48 0040BE 0850A3 0F736F 1056A0 09BCD7 0221E7 0C92B6 0F61DF 0F0661 03F3D9 0D5844 0D0949 06BA5D 0D86F8 095281 03FB3A 02AF88 032EE0 03FB52 0AD58C 0D7B5C 0BF621 0F7287 06FDA9 0C0DA3 08B268 00A031 0D615E 07BD24 053284 00BA2B 08811B 0AD055 099F4E 0FC284 01F16D 0CD2D6 0C9C08 0D5B7B 0CF5E3 089025 08E8E6 0A7E04 07619A 01A44E 07AE36 0C936A 09E58D 00A521 011178 04A552 0CBDFB 0A82F3 04F460 017871 03803B 0D5B5D 03AD3C 0AFA51 0AAC20 033DA5 04307B 0A7A6E 05CC05 0ED505 0FAABD 0D27CD 05B7F3 048EF5 0F69C7 090EF5 09B4CA 022FC1 048E3B 03CB5D 05AFF6 01909E 07A64A 003D66 093FB8 023CDA 01235C 04DA38 0194CA 0B6F85 0B5075 06A935 0EEA37 099552 01CF51 0614B4 095952 0F792D 0A39C9 0BF358 0F6ABC 06EF58 03F34A 07E325 0482FB 0B5376 0CB31F 0FE49B 028BC4 01AA9D 058A9B 064FD7 090AA6 099160 01767C 03D2FD 0508DD 0989E4 07A4E4 01FFF7 0ADB2D 096BFB 08565C 0E09A7 0E47BA 0FFCAD 0EC3E9 0FE1AB 0E6015 06767B 008B24 0048B3 0C1555 025CB0 0406E5 08EFB8 04E023 0903D3 086D52 017FF1 0C8132 05808E 0818C6 096DA3 05E0E9 094A4B 0EFC32 1F38E6 0D46CE 04A779 02C0B7 07D708 022C5C 026AA1 0BEB13 012C00 0EAEB6 05D593 0E17E6 0F5E35 01F809 02691E 030448 06501C 054152 030BB7 05B9FE 0C3018 02840C 076E8D 04F5EF 0CB515 067C3C 0C3D93 0CD983 0D0CAB 0BDDC5 09E49D 04A3F3 07879A 08EC3F 029320 03DAE3 05F39D 08FFBA 0C0E1F 01A1A3 031A27 02308C 02170F 031DAD 04B090 0A9570 028C43 06D422 0B8106 030790 0D482D 0199F0 0F11C7 01B6A4 030D22 05EFDA 0602D3 0EFDFD 0B8B5F 0A34FC 0F5927 0F92DE 062B0E 023975 01A037 0D3506 00D198 05973A 0702D1 0C3AF6 0295ED 00EA39 0F15DA 1EE1E9 0955E8 000E7B 0720F0 00D291 09CE7B 0FE0EC 0CC549 0EFC78 0F5B12 0DAEC8 06DF4B 0CABF4 039E3F 0D8AF5 081D5D 004B8B 0263CA 0E4990 0F7B23 06515F 0928B4 0ADCF2 019227 0B4941 02F7EE 04AD57 00D9DE 0FBDC0 07F6ED 062974 0625E3 00C77E 06754F 014A94 1FCC6D 093947 05B7BB 086785 0F059A 06A5BD 0CF5E7 069634 00B399 0DDEB3 0F1551 095A04 05147F 03CF53 090DA5 0B2C5A 02F29B 04C8C8 0A955E 057D2E 00FD8D 02640F 08D172 0583DB 0C64C7 00F79D 046465 0C1FA3 01CCAC 0D4466 0774EF 00EDD5 04A447 0D1EF3 0D8EBE 075098 055528 00614C 03422C 0EAE5C 1A0736 0F7809 0D6805 008882 09A3A5 0AB062 013E1D 006B6C 058C0D
058288 051C20 059588 05B335 055680 0B2ECF 061A9C 037D56 03F7B7 07120F 0FECDE 0A03B7 06650E 07B9E8 07666F 04F633 0EF5AF 0452F3 0E0ED7 03D687 0D9090 092202 056B8C 0735F6 0436B3 032F31 0F9FD7 045C18 07845B 0FC00F 05F81A 057022 007E97 0E0B52 02D6D2 09E722 00A8FA 015352 01AFE4 052DD1 06EB60 0962BB 0E3A35 020BF2 073238 00917C 0302A5 020D33 0E63A9 04A66A 0E5C28 0A2CAE 0BB564 032891 05DE6C 0B79CF 0336AF 07F9AB 0BC079 006603 0A392F 0340DB 0ABB82 01364B 0AF466 0297B2 0A3F85 0A2006 04A4B0 049A25 096108 0EE1F1 09A781 063F63 0B6B31 08D3E8 05D4C3 090DB0 0A0C15 0A327B 051416 029A4A 020BC3 001AFD 04901F 092965 0835AA 072542 0E49CB 0A7303 046713 03C3CD 01C594 09DB5F 081917 0C821C 0691CF 0EF9B0 097283 0F5CB3 0C8583 0A1473 00B22B 08049E 0725E3 0A8ECD 02A4DC 03DF56 086DA0 0422CE 0A7DCF 003398 035402 07E3C9 0348F0 001AE8 0F5C95 0F613C 032907 0E8651 0A204F 01032E 0CB645 064295 025DD0 0C45AE 0FA35E 02BFC8 01A5D0 0AB7CB 0680F1 00B2C4 0D80F4 07A9E1 0254C3 0A69E1 0D490C 0CA064 0968C8 09AA28 0358D2 048E3F 0AD66D 0A326E 025A16 0448A3 056EBC 0A8756 099119 0D038D 0AC9F3 0551A9 0F6DEE 0634E8 0795D0 0A6139 088B42 027B95 0E6873 008A9B 04BCEE 083EB4 06129E 041F7F 01C204 0E7C05 032B60 09F4D4 075DE3 03570D 0B6F2A 096903 02CD4F 0C2CE1 04FF89 0F8209 0A6679 0CBAA4 03B691 020015 03C9D9 0FE42C 04CF34 029B81 030E0A 02F7F0 02FC37 0C5D8F 0A5A45 03CF42 091385 0B067A 0D3340 048E84 0AAF9B 0171D0 093B16 17451B 0361A4 0A76D0 006682 0FBFD2 0153CD 005701 029EDD 0AD688 0EE711 00DD74 099F99 0008FB 066DED 0E18B1 03CA87 0C841F 0A75EA 0D777B 078F64 09EAA1 099C1F 0BF8B9 076CB3 049381 0FC5B2 0B9103 003C72 070A72 054302 0AEEF6 0D12F3 02C3FF 0F8AFC 03372C 0AC2EB 06C8A0 093262 00EDF1 0E9F48 080E91 04C9A8 0C7ECD 03DAD7 0121AE 0C2942 0B62C0 07DDAB 02C65E 011635 0998CD 059BCA 00E1AB 0CC6EA 0BC971 0A0C17 074867 0C03A8 0986F0 0CF5B1 0702F4 0E92CE 0493F5 0A3F88 07F301 09D6E8 0EA5E2 055D92 076A3B 0559F0 0858CB 0A6941 0BF390 0013D2 0FFC83 045EC0 0BF965 006B54 0FC067 0E3EC8 0DA84D 0E8C1B 0D78BF 0A2A8A 017A9A 03163C 0AD944 0F5D7C 08EBB6 05ACEE 05D820 09875E 0A0824 01C77B 0E4637 084835 03855E 0C2DA8 08EB07 05C9F4 014E6C 090C50 08DF92 096199 0166ED 0A6182 0F424E 097F27 0EE621 043968 0A18BA 06465C 0A8E7D 06587C 0288E6 003B2C 06660B 0F0BCF 080E3E 0A389E 0C5331 0095B2 0C87E2 06A394 0DBA16 025977 0113FE 03A349 045B90 0B0560 0DAE0C 07AA48 0C4132 0026A3 0B9375 0D72B1 0B843F 0E3281 094C97 097882 092363 0399CC 05F6A1 01D8CD 039597 083D84 0E9DA6 0C6B41 08B9A1 0E4D8F 08A077 02AF21 036525 0A16B3 079F32 0AC0F6 070495 0931F9 065DC7 04CB87 0128BF 00A68D 0F9180 0D3258 07D26B 071FB9 05DB91 08334C 15DFA5 0157B5 1FF495 0D5799 08278A 091D55 0E4AA2 03C386 009BC7 0B434A 08A3C0 005326 00365B 088B61 001E9F 0F96D6 02E8A7 0EC511 05A370 0BA280 0905DC 05D5C0 08E491 080793 03FCF9 0C7113 00521F 0D210E 0E812E 0A0CD7 002153 084638 09C98B 074FDA 06B4DD 0027DA 04E01A 0CA062 029CFA 087EBF 023560 0C1EF7 0C3CEE 089A30 0EF6AB 073854 05CB8C 0F7AF1 0ADB06 0312AA 0A4682 03B3A5 03BE1C 034B4B 0270C1 0F92A4 01180F 032E83 0F3F25 02F943 086C8F 0664C1 0A7EBD 00FC2F 0173BF 056A93 07D466 01C2F7 0C11DD 00CF54 08C50A 14C3E9 0E3077 0CD977 06D8B8 0442C4 06033B 03C920 095FD8 0AEE7A 0E475D 0E81A4 03FC64 041D5A 0A08FF 0BB47C 0031FC 0C2C1A 08D40E 0AE5FE 09DCEE 009FB3 0AEF70 0C789C 09F5E7 0249DE 06E4D4 0209F3 0E8940 08927F 03ED66 007F17 08B88E 0BA81E 047032 0934B7 0E7C6D 0AC7A6 03A7EA 02D953 0B0050 02FC5D 027A44 0E8B1B 04DA61 0B238A 0AF869 0B4EA0 0A6B76 0C28C6 08A87F 0E5E94 0C741C 0929E8 01A7D5 0A7482 0AF8FE 04C057 082609 0DC543 055379 03EDB3 029B9E 0C6F28 12855A 0D761E 056653 019BDC 0E672F 0B61CA 0165F9 0B5A44 125117 00EC78 0C78AC 01601D 0D6E6D 05B108 0895B2 0C3BC7 078E40 0EB3A2 0A5984 0F60BB 014DD0 040FB1 005CB5 022D09 067084 0DF609 0B800E 0A9CE0 1EBF41 0B9B68 039C3F 0A8D4A 085877 05FA26 072F39 0149C5 014954 017D26 0FD2C2 094595 0A7327 05A1EA 018364 0709F2 0E3444
086C81 066ACD 006992 09097F 072347 0CB36A 0F3246 07E4A2 0D09B2 05A83E 026151 093B93 014A45 09B5D2 062432 0B86CF 02E4D3 01FDC1 0742AD 0061F0 08A443 024375 0E6117 0F2D90 0EB883 0CA0D0 0D99B9 05A544 0F3F69 0CFCD3 05B359 03D1A0 012BB8 058051 0A9292 05BF08 0AD8EF 05B483 0D4203 0F712D 0E2905 086678 0EFE81 057759 07DCB2 082559 03B686 00B502 0AEC8D 0902B1 081EFB 02439A 039C57 05FAB5 068415 0EEBFD 03B523 095C84 098443 010B44 0BC54B 01F941 0FFF65 04B352 0A89F6 0F9251 03DC29 0A2990 0B920F 0FA680 048585 0A0F12 117DD5 03192D 0E8D1C 0E11DC 0F72D6 01921D 027891 0C28D0 1DB485 07FB0D 05BF53 0C94CE 006857 07D3B5 028815 05608E 066E09 0F586C 0401D5 0B8151 085D0C 00FB99 0B4821 02EC39 029B8D 071313 04C549 04A09F 05AC3C 030BC4 0A9F38 01F3AC 0E4B31 03DBE6 021BC0 0C4A8D 048F2C 06B800 04596D 0AE5B4 05574F 08786F 05883E 0E4525 0A5B22 03B945 025A5A 0A58C1 0EF4ED 06F4ED 0779E1 06BA6D 034113 08B95E 0B53E1 038A55 0D7575 004AD0 040C3E 0DB284 06077D 0FD07B 0368C0 00FA59 02B2D4 0257E7 0C4E5D 0A4768 0B2295 05B8B6 0E0F17 022B1C 02C3BE 0978C0 050D39 0C91F7 0BEB8B 0927EA 04BD4B 0A33B8 0BED07 028F7A 0537FF 0537C3 0405F2 04B565 0BE93C 050D36 07EB61 00DBE4 030F29 010DEA 006113 0752CE 0DEE47 062475 000EE2 09F36C 0C8CCD 00A467 09412D 08576B 0168B4 0665DB 091F3F 0B74E4 0CC15C 029C25 0372DD 00F56E 070517 0CB45A 0BC791 0BB0FF 0A3CD6 046C27 0EC03B 0FD77E 071F14 0E307E 0E2482 0BDA31 095DF8 047A4E 04BF58 095B87 002335 03B813 06A66C 061A15 094B47 030665 0E5925 05C80A 0AFA51 0F0D20 0B278A 03BFC1 0199F4 031CC6 0EA3D3 0419F8 05EA6D 015F0D 05EB59 0140D8 09362D 0CC489 0E6F6D 0DCAE4 0AAC34 08D95A 018613 0D8554 0DC367 0239EA 09D4BC 049894 0E887C 0DA24E 0BED20 079D44 091ADE 0612B8 0022AB 0EF9D5 071B2F 05789F 00896E 03C147 05CB8A 0573B4 0ED9D4 046024 0A3029 08EE35 077F6D 094D8F 048ECF 05CAB7 0962EC 014458 0E0C51 0CA8BC 0177C8 053DB6 0DCD78 0B7BC7 02DC23 002119 0F8554 08AA9A 0433B8 010296 184BDB 092F05 0137F6 08B5F3 003FFA 0E813F 04715A 0C22A5 03FA14 022BB4 0974BE 0E4A56 06A422 03A9A4 09FAEC 0EE0A8 07F9D0 03FEEE 0F23CB 067412 070B0F 0D1A51 06B416 0135DA 02FC25 046F6E 03900E 010836 0BFB5C 02E1F4 025E2B 154720 084365 00E831 07019D 0FEBC7 01CF26 0DEE96 021A42 0E7669 019536 032E06 072B62 0F9B90 0A87C1 015824 04BDF7 04B866 0D242D 0BF07B 057CCD 07EF76 0BC69F 08E4D2 04CD9C 00CCB9 082B18 0D9BD3 0B0BDB 01C891 0E6689 0C0465 0EF052 08A683 075B51 03D4AA 0A155E 000515 04082A 087873 0795A4 046763 065438 009685 0653BF 0EBD14 09B6E8 00E556 09AA34 010E51 0C90CC 0311D6 00E338 0CBB66 0257B1 0F1CBE 03D091 023F38 0ECAD2 0A3081 0EBE73 0D3F5E 0A2638 087728 084AF6 05E3E7 0DC40D 0525F0 05A0F2 0CE5B2 05E297 0331C7 0A32B8 0C86D9 0E4A8E 091760 011193 03957D 0681B8 0220FE 012DBE 08341B 0B526C 05B56E 0CD4DD 04F18E 0CFD06 0604E6 0DCF39 090266 072696 0EA705 0CE911 08C1BD 19AE96 06C017 0CC0F4 0DE392 02FD4B 01312E 042D0B 02D6AF 031979 0FCF98 01AE4A 0F6EE5 05E552 0D6F9D 0665B2 007F59 026742 0D5324 0E7C1D 0C319F 025F01 08E652 05B50B 0450F9 049251 089274 01A3F6 01C855 032AC3 091510 0AA52B 0EAC50 023934 00C310 0A3A81 04D310 008DE1 0A4023 0B6582 0FDFB8 0ED0ED 0E2618 0B6588 099354 03E13A 0D5F73 0A4487 02E93B 073B11 0DB0CD 00E630 0DB3F1 01B096 0BD915 04DA01 01C6AA 062B41 028F62 017B2D 0EAA9A 0ED4A4 07C626 010624 0AF79D 0DDDA8 043712 014AF4 098659 0B0F2B 012C4C 0B2266 0FD87A 0FD0A8 080ED4 085D0E 0BAD4E 082D25 073360 01449A 0F3DAA 0F068A 038C99 0739BA 037EA6 0CA212 07A603 0C72EA 08EC64 0B12AE 06EE45 0CE177 0E95D9 0337F3 0C982F 051F19 0FBB60 0174A5 0E8699 0F9925 0B5BD8 0DD160 0E9A0C 072181 0C6399 0F9969 0E2B60 016071 053EF0 06EA37 0AD2EB 06302B 085A57 04B25F 0CC5D5 0C41A2 056B0E 085F28 01395A 021C21 0DF08C 02E105 032E43 096F68 0EE308 04B76E 0C7375 02F69E 036B2F 05E2B9 081EA3 030AFD 079B10 00FA1E 0EB3B2 0857A1 065BFB 0A0E30 0FB3B7 00633F 07E095 0AFADB 05BE45 06152D 01E398 02E8A5 090FBE 06CAEE 034C79 040C5C 0C98E9 0DDD5A 0DB397 0EC983 009BD5
087CA6 0A00CE 05B1F1 0D5CF4 070BF4 06BF54 01A7CB 0E9C28 0C8D7A 0D980F 0C0920 0E4809 0E2CA3 0FEF6D 03FC04 025669 0156CC 032E7D 0AB288 09D703 0FB2F7 005671 009CE7 0652B2 0EFD42 0296C2 0F372D 0F74A7 01E177 0AABDA 0A1238 0A6408 0009A9 0D58FF 0EB335 0469E6 0DC47E 0FBBD6 014E5C 0B1289 0A2227 08864A 0607D4 05182D 0D96F5 184506 027965 0FDBEF 025A8E 05D54A 02D344 1A96F6 0BA732 01D19E 0B6E75 034CE7 024040 032697 0325C8 04F1FF 0A9634 015481 01CA97 053F42 0EFC51 043BFE 0FCADB 0B7FB0 03A325 0FEF70 0C3857 000221 0FF86B 08D057 02FA7B 098F97 0CE0CE 07D3C0 1F1247 08F581 0C3DC8 0C31C4 00E9AD 0C9491 04B2D8 062148 175412 0A2E47 0754D1 017491 0A8F73 0F631C 0D00D2 0A1FDC 07E4CB 091F92 02BE04 009718 0D1D03 087A71 094801 0C1FCE 06C1B5 026FD4 064A1E 0014D2 089930 0FFCBA 04868B 0DFB20 03F9B4 0AA358 0441FF 08D65D 051F04 020ED6 0B8036 028A88 0558F3 0B9168 0D63DA 015B19 0C5633 066D35 00E0BF 00789F 035A13 0948F5 036865 0DBC11 013E9D 096AC6 0D3C01 06066E 0453C2 0F349C 089AF5 095B4D 07A4E1 037771 09036D 0FADE6 094D91 0E1931 0F2377 0EF90E 02B5D1 0634E4 0E3523 1405FD 0931C1 00410D 05D4A6 03233D 029E89 015B1A 04EEBD 06A202 0F487E 004B78 0A467F 0E95C3 031254 0924D7 0091BE 0EF8C6 0C701D 0806C3 08D9F3 02495A 084CC4 03F58A 00D2D6 0ACB6F 02EC84 03D14F 00DAF2 0825A6 0B4FB3 00850F 08D1D8 0526EF 0DF39E 032279 093261 0CF04C 088915 099517 049053 0BDAC2 099A8D 008025 0B29BC 0FABEB 03800A 0AD0B8 09FAE2 0B5EDE 0AD1A3 0DF039 07F49B 0EFE71 0E713F 04CB5E 03AA08 015237 0CADA8 00CC25 00D787 0FC323 0F6626 0EFDAD 08C355 00CED0 0071F5 05F3FC 0941AB 0D75F4 0F4F2C 0EC9D1 038819 06C25B 1E1784 0C2145 066278 00D6A9 0CA22E 0467D7 118B5B 03EFD4 04627F 061FF4 06B0C5 054D59 0FE251 0EA892 086BC8 0A1C1A 0EC5C6 0E34E5 0DBA49 07C101 015C08 0373BF 07A344 0AE5A7 095340 069745 01314C 015BAC 0A6189 0A2087 0D0C00 0DB97C 08E580 032F92 04553F 0D4F65 07AB25 017D6E 0B2A7F 01CBDC 06FEE5 09FAF9 03AA31 04257C 0FA743 06AC08 0252F4 095FA9 08E804 0FE271 02F8BF 0E6299 083A9B 0F1A6B 092BA5 0192BF 009764 0F53EA 04A45E 132FB2 0F46AA 0D4340 09A03F 00A8C2 067E1F 088B8D 079712 089E59 08EB76 0F39B1 097312 042D08 06F404 063BE4 0CEE1D 0CE858 0AA9D6 0BD61E 0C7C85 01CA9C 068C94 02E147 0FD394 0A3551 0B589C 030FF0 0D6DEC 05C604 03B33D 02430D 07FC49 0D15C2 0B8B97 0C01A5 058213 0D78BC 0A97C6 038D2E 0F4999 07C4BE 0F95C9 00694A 063AFD 06154F 0AA72F 079B0C 0D3A7C 0B20B4 07D13C 0E9F77 1FD6E3 0DA05D 0D0E68 049787 0D4929 079CC6 08F98D 0CB57D 07D6B8 0ADABB 0CA724 0D41C6 0AFC40 08D433 0A21AA 05FA60 005F65 060348 04BE9F 0BCCF7 0E4A6F 0BFF84 0FFBBD 0C9092 062886 021BDC 0D9B41 0A5F6B 041443 07E703 0D59D5 0C7E8B 05A6C8 074DCB 0275B8 0AEA9A 021150 02478E 0280BC 029115 03B014 016F0A 0BAC9A 057932 0C0922 06F431 0FBA30 051516 015BDC 0592BF 0D9BBA 039DD1 0B1145 0E3963 0C34DE 06AB7D 0C7C4E 075063 0E3B16 00B06C 049E70 02DFAF 08DDAC 0F6313 0114E3 0BCB5A 0B61D4 00E534 04FF89 0B866C 040D43 05E7E2 0B8081 0429AE 037BE4 014384 0018C8 0699C5 072BF2 0B1D64 0D5373 0B16D1 0E68A1 0A7F3D 0232F5 044FEC 005A78 0675BD 058389 0C57B0 09F677 035FCB 03B3AE 03B5E5 086180 05500B 0D1707 058FF1 08E009 023681 044F7C 01DEDC 01C59F 1087A1 06B6E3 0348EA 0E9B50 03F9AF 07E409 0F5D40 053FB4 0E5FC8 01600B 1462CC 0AE6E3 03683D 021176 0DB43A 09FD23 02B7C7 07AEB4 04F9FA 0ED312 0B4304 06D84D 0A1F64 00F5E3 0E5F27 0C2C95 0E54F6 0B8458 09C4AC 0A162D 0D6922 0DFFF3 0EF376 0639EE 0B5953 04A155 0240D6 00737D 07754E 0D2234 095CAC 01175A 0385FC 01C135 08E39F 0AB565 043790 0E1650 0C0999 08DD8D 076E8F 0EF659 128060 05D488 0F48EE 04F7D5 0F8748 0F16AD 08EBF5 0B7915 073FDF 04F6B2 0F1FC9 019654 07BCD7 055BF2 09AF48 008EFB 0733CD 07A27C 09D136 087348 0FD4C9 08A410 01E534 0D0CD4 0D9805 008315 00D168 0032FD 0E66A0 0B812E 0E5F41 08F84D 018F63 0D1C7D 02A127 0712F1 0825E8 03FACB 0E8483 0D82D3 0B6330 0601C5 0B4ED7 06D1A1 09A7B2 0EBCFA 051861 05BC89 0B640A 0281FA 0BFBE5 06102C 005E53 094AEF 0C9FCA 049006 04FE3D
009709 0DA838 036601 0796ED 0FA8D5 03D83D 0B37C1 06F88D 010688 07019B 033719 030850 0D3055 0DE904 06A37F 00274C 0CF6E0 0F93FC 023F53 0C3146 05BEA5 0A47E9 0E2A45 0DF818 017027 01593D 036B8F 0DFCD4 0EAEBA 0BBD62 033DAB 0E56B9 076AD9 05A07A 003A1E 0CE387 0E06AD 05077E 0B502E 0C6DFB 0340D4 0A035A 0E6CDA 05E165 0A42FB 093494 0459CC 0F9990 08FC65 028596 02A9F7 0F3689 07328C 0E9254 01A864 073910 0FF4DD 05F09E 0F064C 027CFA 051F7A 014601 04FD58 032BA6 0DE352 0DC172 080DE4 00306E 1255DA 09187A 0BA9B6 01F65C 0859F7 061A29 0EA036 0A29FA 07E764 055A70 06BEF7 019B74 06B6B5 0875F9 0B66C4 008D5B 021E5B 04C786 03271C 04200F 0BCA15 0849D1 0CB74F 06B286 02841E 0858E9 0CAD56 02B3CF 0043FC 0507C0 09D8F7 02CD86 03BED1 03FFD1 0E014D 076649 0A20CE 09F81A 0F9264 0CE727 09B662 084EE9 0B34FC 04C430 03502B 071525 0426AB 06899D 0C8A68 0CE975 0EA142 0428FA 087475 003920 05ECAD 089A1D 000B76 0B3056 00008A 069FD0 0266DE 0961AF 074C28 039F40 0984D6 04B939 0FF0DE 0C3CE5 07B847 03EBBA 0C424F 018C5E 09A600 084D4A 0B1273 0732BE 0333C6 01F805 0D8207 025A8C 09D2FA 0F3BC5 02284C 03BFB1 03C322 082D01 0BAB77 035F49 033869 0147EB 093543 027F0B 025979 057E7F 09DE0C 0E69F6 054C39 04F9EE 0C6E8E 0C9C67 0370DE 021A54 032067 0FA81C 0063E2 0EAF95 024207 06F405 0C393C 0C0E3C 084A2C 0A85B7 0F6952 0F8A38 072236 05C56C 0D100A 00F432 0A911F 0B75C1 0FC00F 0892B7 07E225 0B15DD 05152B 02A681 006100 0B91C8 0979F8 0233FB 093CF5 0D7826 059A2B 03C756 027725 009F73 057109 08BDC8 09032D 099792 0DCC66 011136 0AFF26 094EC1 09114E 068C75 03473C 069348 088848 0A453F 04E4EA 04AA75 0EF5DF 00AF15 0F8604 088DAA 039662 0CC666 0D4E9F 093EE4 02C95F 05BBC8 05BEC8 003B44 084C94 03E022 09A342 08C5FF 07832A 0829C1 05D895 0F28A1 039650 0CE092 074EAB 0362AE 0E8BEA 06F6F3 1DC294 0B1E38 029D84 02A8D6 004B53 016BD0 0DCEE9 0A0D79 0F9F32 04494B 05EF2E 060DBE 062ED3 0000B6 013F23 0F1121 039F01 0A3169 1DB57A 0DDBD5 026D95 0DDFD4 0B655E 01FD27 0BC837 0ED39E 0AFF61 0B64E8 0E32BE 086064 027CD0 06D00F 0E2366 0D292B 0BA53A 0A9169 0E89C0 07BD18 078B83 058B1F 05A0D9 0DA31C 0157EB 064EEE 035D1E 092A93 0BCB5B 0CBA15 10C90C 1C5027 017DC8 0F86FC 0683E6 0043C2 08B190 05F353 068875 016C29 03F41D 0AA61E 0FF428 0475EC 03D8B0 058E28 091AF9 0B97F6 092D65 048C3E 0A2DA8 0BDA84 045DEC 0D5F5F 056774 053D26 01FEF6 06DD13 0E7D73 0C3106 072153 08F563 06668C 0D77AE 0E34B1 0289AE 00C61A 09EE4A 09FF77 07D1D9 0E57D7 001351 0CCD38 0897AF 0D5195 0D14D2 03EBAF 0B9181 076BE9 0D7251 00EAA1 05F30B 076E60 01D84C 060BE0 0DC0C5 037E8E 05EDA8 088D65 0ED5BD 0DBA47 04AE23 0967C8 09163F 05A611 070EB0 0FE843 098E4A 09C84F 00C279 08294C 0C9264 139E47 087AD5 0ABFE5 0157C6 0BB4FE 01A1CD 098934 0F5D28 036630 013E44 0DAD29 057745 0579B2 0F8ED6 0A81ED 061EA7 0DC85B 08A447 0D94D2 0C3D8D 065568 0BC22B 0D9451 065676 0CD4CF 054F9F 0CA189 08603A 01C529 005A83 0542FC 047EB6 09FD65 05D145 05CAAE 059670 0EA438 018068 098E4A 069BAA 05540C 043625 09D45F 1F56E8 04FBB7 09A0D7 02FC7E 0F05BB 08BCBA 02B508 03D2B9 0BA925 063469 04F099 0F210C 07A78E 00647C 064B38 18052D 074720 05DF80 054917 01C7D6 087AFB 06363C 0B2A16 0C89F1 05C89B 0F3727 03BD10 0B1592 0FEB99 059478 0342B4 0450CC 039F6E 0CEB0C 09B929 0A29D9 09DC5B 038063 0B3A04 013BB2 0ECF99 04969C 0D6DBC 07606F 048145 0A0652 032462 09F436 0504AE 01BF18 07EE96 0AEEA7 0FA8C0 0D93CF 031020 058E18 051F56 0D56A9 015767 0D36E5 09AB17 0DED42 0500BB 052FA3 021151 0DADC8 0A2EEC 0B9F0B 0DA358 04114F 047D9E 0A79A1 004A62 0AF031 085411 0224D0 097125 013DF2 09640A 0830E2 03721D 0CDBE9 00E229 0CC600 09320F 0AF12E 021FF6 07CF33 0BC3A7 030F61 0F260D 01364F 0A4B62 0A8BAD 042A0D 0E60A1 08A949 01A214 0CCD7C 01A6CC 0C712C 05D08A 035D70 0105E8 002714 0AC5C5 034E68 051B1A 004587 030608 08FF9A 03426F 0D2E19 06AE19 031832 0A5F95 1F831F 0B331F 0AA624 061A2A 04AE7F 0266F3 0DE27D 0F3BB1 0D0D97 0BD86E 08FB10 033DDF 0AB612 0A6C49 02F001 041510 0C3863 0F6991 0F8D0B
05F3BA 0C66C5 04A2FF 0BF911 02335A 0B0A1A 0D8BD2 0660A2 06B86E 0E0532 17A9C1 03C444 03F0F9 046987 04B7DA 0A907C 0AE168 0A39F0 0A4AAE 04A8DB 09B110 0446CB 00E4E9 0239E7 0BD708 0A52C8 0ABD80 046348 01220E 0DD14C 07F88E 0CC8AA 00522D 0F1061 037A5C 0DC9B7 02C1B5 0EB34B 047350 01D092 0AB393 0D5654 0A9FCC 059D1A 0F3A07 0E1E11 0E5DE3 0EB882 0C53D0 00A5BC 00DA0E 0D3233 0E9C3A 0B969D 032329 076B3D 079300 05B262 0F54E7 0F657F 01AC33 09A665 043B86 02BFA0 03AC26 0194A2 0524F8 0A464D 04CE9D 0A98A4 0D3126 0BF66F 0A4DD2 086730 06F7B9 0D4696 0FCC2C 04F565 131C20 012CF4 0A957E 03FE06 00172E 0F242F 06F03D 09917F 00CD6C 0FFF13 0C0146 06E35F 0B1DF1 0093D0 052FFE 0A739C 05871B 0109F9 02A7F7 00EBA9 0C9AC1 038F24 036FCA 0533A6 05056F 01D440 0DFF79 0980A7 01E367 05C663 0BC53D 05CDF3 08BD8A 085BEB 082721 057FF8 023182 02B2C2 038C8B 001509 0827D5 009C5B 06BA1B 011EBE 0181AA 0EE70D 021406 0B1445 0F13D8 067413 0FFBE8 0770CC 0B5395 0B4F3E 0825CE 04507D 090AB2 0F7651 04140C 0E5C81 0F52DE 00C182 035DAF 007E7A 06B650 0F66B8 0EAA7E 0F54F6 0FAB94 065408 053968 066002 0C9A94 0BD4E4 01ABEF 021FF9 0E598C 0F20AC 03E384 0B3AE0 014EF1 0A360E 01BCAC 0CB348 07F942 0AEC79 0D560A 0F5FEE 0054AC 06152D 09A4F5 0F454E 0F3489 028EB7 03C1EC 012F2B 07552A 068080 0CD209 0706B3 0AF4A7 02674A 09E66B 0A5556 09DF79 09C740 01DAB6 0035FB 0C6FBA 0806AA 17EC2F 01B5E6 00F6B3 0D2D2F 0C84F6 0E828B 002A69 08EAB3 04A504 038187 01F488 04246F 0645C2 0C17CE 0CEF44 0EB7A8 076235 0F16F8 00AE32 04A761 06E3A5 007EA4 0DC1FC 02BDC9 0D28F9 08652D 004A5C 05B03D 022A59 0E8351 0B131F 07CBFA 01F156 001CDA 0FFCA2 010241 041E1B 08B486 052F58 091133 08606B 0370FB 0A6768 001744 07A170 036C41 07610E 0301FD 08D943 07AA9B 0EDF23 01FD49 002344 0EA785 0AB18E 0BCBF8 032A70 02FA30 00F913 09F8D3 030657 008AAF 057D29 09D229 0AE38E 0E5641 01BB38 0A0A12 0F6464 04DA31 08A5C4 09CC56 062EDF 0090CA 07BAA6 0BDFE4 02B78E 0C626B 00375A 067B7C 0C1C82 0F7C98 05B2FB 00B736 0F7C24 0E81BC 0FC52C 08888E 087897 0A24D3 035983 0F7CA9 002EE6 07256D 05C409 075D23 08C276 020A70 0955B6 08740A 07B84E 04BCE9 07AFAC 09043E 00A1A4 05056E 086043 03824A 0C05F0 00BAD8 0542BA 0B4959 08F700 033156 01A7AF 0D0662 08B3E7 05821C 0D6977 09D837 0AD163 0F37DF 0B7B13 0F3E40 018D36 0D6748 09F353 0B000D 009764 04C6EE 06A0F2 04FC08 048A9F 024A8F 0EE4E3 0EF92E 05520A 0E12F1 09CCDD 0DB53F 0BF162 022588 0B00FD 0C9A5A 0C41DE 024D7A 036E6B 09176D 0C9318 0D1AB0 0ABF14 001D1D 0A7325 063083 0BE7E3 0BA393 05DD40 0E5CED 03F40E 0C557B 05DBDA 01CBEC 00E43E 0A4F5F 082B15 040D4C 0B935B 0B630E 051C6A 05DF16 0467D8 06D7F7 0DB471 0BACA3 007DBB 08969D 02FDC8 0A5E87 09401B 0C9F48 082089 098544 0CBFAF 052074 09790D 0B337F 09F560 0EB373 067E15 058DC3 002A4C 0965C2 0BDF3E 0E8FEC 052F85 0A481B 0437DE 0C6BCD 08BDE2 031D55 041F1A 093C4B 0A7FCA 054D30 06199F 08EA12 077C8B 0AD724 04A7C5 0009A4 0A80A1 011333 03C8BB 08D09F 0B7BF1 01815D 09CF49 056AF3 0C1D80 0E1028 0C0864 08545D 038D33 0F3EB8 0FEE71 027FD1 082277 067C2A 0C5674 0DEC40 00B7A5 0B9DFE 000A34 08DF89 076C21 0934FE 0D4308 0238E9 0002B7 03CAAD 09F75C 001197 0EE6E4 0B33D3 00C950 059FE0 0B102D 07459D 048A33 09A409 06CC79 00D33E 0B3A02 022028 07AAFB 0036A3 0BB69F 091A58 004BF1 02550D 02AC5B 0516EC 0848B3 039288 0E2468 04DCFB 0CA99F 01BE29 05A97F 0DBCC5 0C53A3 008871 01E22A 04401B 04EF34 0A6218 090007 0DDDDB 04A011 005E6E 08CADA 02A6BB 0DEE08 0E4E75 0177DC 0C73FC 0CFA20 087EDC 0D9DBC 01C6B5 05FF13 0836F8 0E0A5E 0EE9CC 0B335E 000AA0 021CB7 047ED3 0AD9BC 04B1D1 004009 09139B 0E1401 0C550A 0A4E26 0299D3 047DC7 029A5C 068445 008E1C 0DE37C 0CFFB3 01704D 0712B8 01EA51 0D6D4D 0FE25C 074ECC 0B4A40 087C81 066305 094DAB 0E96C3 0C94AC 05CD96 0D40A5 0C09F4 0D38E6 027F2B 052858 04D3F4 0D5C69 0D3573 0760DE 07792F 03A330 0D182A 0860B7 036349 0AC607 0554E3 0D6887 049889 0AAC3A 09B893 05AE46 0CF7CB 04C3D5 0139C7 072175 0488A9 0FE51A 082017 0E6B4E 0C6A03 0C15FE
03817F 08479A 06F71F 037D0B 06DB49 0C1277 0EE1CA 0AAFF7 0C36E0 0F58A4 1267A6 036455 09EBF1 060AE8 00F8AE 0E94FB 09108D 09567D 0768D5 0C092C 097876 0C9EDE 057D79 04CB27 0DF74E 0AAC32 0F81AC 01F33F 073E72 0ED14B 05004D 02D225 0DCED1 0B1CEA 070124 0958A7 0C0658 0A4433 0E4D4E 0851BE 07AA0D 026591 03A483 0E13EC 0D03D6 097514 03FF59 0FA753 072EDF 07E354 0715B1 059444 093B6C 01B10E 01D1B9 004435 0387EE 043877 0FEF39 05E64D 0885A4 0A952B 037345 008939 075DE2 0E68AE 05161F 04CA19 0B3E62 0E1315 0A7203 06FA60 083633 022B5D 0F319B 02E191 03396A 0DF8B8 03BF63 0B21C1 0C43D4 0705F1 0619AD 0E7DAC 02D8DB 01A433 01F319 0D9C37 0C9D0D 027064 09FF69 0CB757 05324F 01202F 0620A3 0FAE38 0443EB 012DFC 03953A 02C9B6 06EB7C 0A0488 0FE80D 056534 0DB2B6 0D0FE3 0DA92E 009143 090029 01C08D 03127E 000D79 0FF5BD 0F3E50 1B513D 08AE85 0CB4A5 044CE1 001076 0B2660 089CA0 09DF1A 05C30D 0CF1EC 0D2E68 0BB5F1 09C76D 085FF1 073D4E 070458 0826E6 086655 0520C4 0BF3C0 0E1429 0B6550 0EC397 074DB7 024CA8 038EA3 0F01B2 067393 0EE647 03D776 0551C3 086D67 043BF2 0C9031 039EC5 05AD51 0A56AB 0BA22B 016054 050F37 0C2898 0484DE 0920A9 07E4B3 0CC2FE 0EF31E 02A1DC 02D2EE 0AAD8B 093FA7 1327B6 037011 0AFFEE 1E4165 0BA278 0D7F73 0D22F8 050782 04759F 019D1F 0F9CA8 02F177 04B158 06D396 0F2A92 009E0F 0A820E 0D3E3E 06B5ED 06FE94 0E47E2 0F1C20 033656 0C09BF 0875BE 053285 0327A6 015A94 06C76F 0ED69C 091022 09A1A5 05D648 0E7EB6 03D14C 07EE74 0F78AE 0A948E 0DD091 011B77 09B168 0FCD09 04A2BC 090BD8 0BD403 058F05 06777D 02B3AA 00285B 024689 004043 0D1AAF 0DF6A7 0134F5 0BF548 0BECFD 017594 09D4E0 0B1F3B 048C94 058402 04E594 0B3BA0 02B0A6 028E71 0DF9FE 03B3C7 0E1A7A 0188A5 07BA3D 088DBB 0A57DA 016422 0241CC 15405A 0D0D35 0C45BE 03AAE5 00DE35 0A625E 0041B4 0AAFEE 00C4A9 040959 072F6D 033BDD 0A6D98 07D550 091E6C 06EE4B 046C1D 0B0CA8 0F3DE8 064888 01FD78 00B7D1 098305 0A4AA6 05E296 002A18 0F2B94 0E177B 01A937 00AA77 0F2F7B 0823B9 0B6586 0F080A 0770A2 0870AE 0A0E8E 0FD274 0F5414 03F136 0A3C5F 01CA99 0231B1 0265E3 0198AE 0EF31E 06B9C0 080049 0200A6 0BFBF9 0DD41C 019DF2 0EB065 0BE977 05DDBD 06AB6F 06C968 06FCB3 08CB5B 04A832 0BCCFC 0CB6DA 0F56D4 0C0A57 0A4CBD 0CF657 0713E6 089807 00145C 08ACFE 01EB0B 06C1C9 0FA53E 0C0EAA 0BAA69 0BA200 05B89B 0544D8 017D0C 0A03AC 0328CD 085F48 0D81E0 05B5F7 0C96C7 0B9D71 0F4F7B 02A0D8 00B160 0DB22E 0EEC8A 0A2EF1 05C1D8 0BAEEC 027E85 08ADDD 07A3C9 088A76 038A4C 0B59AF 0A79EA 0E6531 079CA4 0491AF 0BEFF5 061333 0CFEDF 012C8A 09FAE4 07CDB7 01C26C 0E261D 018369 0AABF4 07050C 0FB370 04A5FB 0ECB1C 0B2A8D 09E8EC 0A6D8C 02C20A 018854 034D10 03488D 0BB4FC 0D49AE 0A0EC2 02D551 052914 022058 0517A0 045C99 0F3985 0A1701 077374 0FD2CB 09D742 092A76 075B5D 06217F 076F6D 027D06 0B01ED 0A04DD 0156E4 073BFC 062890 09E990 00DDA9 032654 0494F0 058806 0343B2 092438 086B87 02B62F 007AC9 03E0CA 0BEFC2 00C600 0DE145 0D790B 06EAA7 0CE5A2 012180 0F8450 0DF0DB 0DC49E 06A319 0DA8BD 0FF8A8 0E715B 0457AA 103BCE 0B9F59 05E3FB 012A33 0B6CF1 0C347A 070A55 096998 026465 006677 0FE530 08535D 0F16D1 023D78 0188F5 005829 0200F5 0BB192 00D60A 07C53B 012FDE 012236 0806E9 08E36D 0B2207 024E53 0B0F31 06A383 05F799 08D8D6 079D0F 08C848 05FD78 02107C 073628 0305FB 0819BC 0EFBDD 0E079D 031A84 0D0407 0CAB24 0EE787 087458 068F60 0208C8 02977E 07B94F 0E812F 07E779 0B6041 00F31D 04776C 08A82E 0328F0 05D79B 047E75 0AAB40 0B0F3F 0C2397 0DE5D7 01D319 0DD1F0 05C265 0635FE 05838D 08B137 0F0E50 0AECB8 0D6737 05630E 1B043D 06CBF6 01D92B 00975F 022788 0181C2 0E0DD6 016E21 09D843 06CB68 0F43A1 09EE1F 0F08AA 039C1E 001D52 0A08CD 08984A 063AC3 0999DB 04C14D 0549BB 06854A 0BD56C 096E0B 0A0C81 07CEC3 0720CA 0E2A46 0EF4A8 02D199 010F17 0E71E4 0AD4F1 0B5D63 033DC7 0119FC 05E4E3 0F4D67 08C74A 0868EC 046BB7 00747B 0390D2 04F53D 019BE2 07C301 066A5D 096C01 023521 076762 074A50 04E9ED 0BF392 0053A4 0A1529 0875F3 0566F2 045118 08E314 0B155A 03D5B4
0EFF73 08B3D0 0DA44B 1D10F7 0F6976 060DB3 0974B6 008DB4 02ED8B 083C59 0DB70D 0FD69C 016904 04C8CD 07F80F 09A260 01111C 0E3718 0A89F1 0AE19D 07AAA0 015324 0E06D4 12D46E 0F9100 09CE18 06D876 0363C6 05FCA3 02AA37 077B5F 084BF9 0535D4 097BB2 0E2177 017018 063215 035C62 1DE9B3 093CDD 0245C9 03C5B3 09A7C7 07EAAD 03963E 018CE3 064449 09506A 005525 01A11D 084152 0A547B 0A26BF 0CA51C 0B1304 06623F 043400 0B3C05 01B929 076A7C 0458ED 0F2632 1FB9EF 0D0689 06EBF5 054307 06DCDC 0DD9AB 08E15A 0EFB11 03CEB5 0EB759 092C74 089224 0BAD2B 0E0EF5 01C581 0E26A3 003B00 086B2C 03F20F 0658B9 0C8459 0BE05C 08FBE3 0577CE 082BD1 048599 0D811C 068E55 0EB90A 006BE9 06E47B 022B79 0FF281 00E523 0E2365 03E840 0B5B87 0313E3 06D059 071E42 05EB9C 056FBC 0E89EB 039FD1 031310 08E7AD 0D8F4E 03DA87 0A601B 077F63 0CDEDF 05AF13 0D1C47 029D5F 084975 0903DA 0D16FB 07B00B 0D9E14 0CB240 023CBD 0827E4 0FAE50 03C015 011003 0EEC2E 0499C5 0E149B 0D6A92 031F72 01CD6E 01F53B 0787E0 0701FE 030125 08CF62 02AAE5 048470 059518 074023 0C0EAC 08E1BF 0952D3 010076 00470B 0425E8 022BE7 08F5A4 0053FE 0BFA08 090D01 0CD69D 01E76D 0C5F30 01AF49 09E633 0C0242 0A61CE 0BA56D 030C30 03A86F 0404F2 0F06D3 0D90E9 064174 070C5A 071D46 035C5D 0208C6 09FDA4 0E35B3 003C56 0DA2DC 04DAB7 085EFB 0C620D 0C7CCA 0091A8 05E59C 01ADA2 0C35C0 0852A8 0DC6AC 034147 0B4ED1 02A297 04CC6F 0A1FC9 032600 03A0BC 04B153 0419F3 0C34A7 06C184 09E1A3 08AA2F 076042 03285E 0AD5B8 0576ED 0EFE37 06732D 0CA1CE 04B53B 0C7C6B 0D7957 0CB566 0A76CC 0A5F9C 048BFA 0C1A49 02FC5C 0BEA5A 0AF88F 0A493F 05AE15 090744 1DB8F9 0E7A44 05CDEE 059412 08D0A5 079B5A 0B67C3 094171 0FB37A 0854EA 0D52CB 042555 0146EE 00428A 0E19F0 0FBEE6 09F0C4 0593ED 09F9E6 0BD389 0600FE 0C7378 0981EC 067229 0D7E3C 05DCF6 07B0A5 087FF9 06A903 0FE970 07F76D 0EA1FD 00434D 0F0979 083E4A 03DF02 0404A8 0361AF 064D00 0B0938 0F5D83 09A79C 037C99 01DD41 016B63 0C5AED 00C8BE 0F2B41 077222 0D7895 0F570C 063CDF 048D08 197D01 0FB7C8 0074EB 0DF2DC 0EAA49 0BCF43 014AD1 081975 027F0D 0C198A 0EAC2D 03A95A 05BC02 0314C2 0ED6E1 04F903 0AFF21 0F6E9A 099D9C 01DDA0 01E3B7 0353AD 0D587E 07EBD3 005B11 0EE68E 00CD2C 0C6B8B 0F87A3 08C977 08F712 0DE81A 0AFAD1 0B168C 05E63D 0C5F58 05FB20 0C232C 0FFC4E 04635B 0AADCF 024A4C 06422D 0A6828 0B41BC 0B0C4C 084648 081A5E 01F0A3 0272AB 0BAA60 1E12B7 07DC15 068635 0C7C18 0F1544 0C5CE8 0BC5D5 0DC975 09200A 07931D 027BC4 063DCE 0EF534 05E816 0B6126 02AFD8 0855E0 050828 0B89F8 029AC9 035B0F 07CDC7 05730A 00AB06 051E02 0141F1 00B29A 06310D 0BF58A 05C555 0C418C 0EC07B 01534D 05670A 08A4BD 06C412 09C54C 0099C4 0AD30C 0E15E1 0F8226 0889A6 0B9BC9 047944 0FB892 038A50 0CDC05 047733 0B1E00 007055 098117 0BF91E 000C0D 021649 09426F 009482 01F609 0818CB 0C45E4 0DEBA1 092725 00E3E1 00AE6D 01E748 0C02CF 06ACFE 0F552E 0F6B11 0678B4 0C9871 0ED476 0DDF51 07F4A8 08728D 063ED2 0514E6 055683 073E1B 0AA3A5 095D96 087F3D 0F1607 0A74D5 080D89 0CD7E8 0FB992 0FEF39 0E6393 083700 04B790 026010 04A87B 0B2A69 0E97C6 0046AB 079885 07030B 029848 0F36A3 06FF31 04A735 0FA379 099D81 06D8C0 09818E 0F24D0 030E1D 07AC68 075E29 0D9119 01667B 0A4C7D 0F342B 008467 03F3F3 0729DF 004E27 09BD53 01B8DA 063586 037A0D 0602A6 018830 03402E 034754 0525C9 0A92C0 037492 19F690 069270 000DAE 065240 0EEC0C 01A57F 0C4045 09EE6D 00A574 05270E 0FCCAB 02420C 071E1D 06A405 02E9B0 0F20E7 1DCE76 09BBAD 0951BC 0BEE19 04383A 04F5AE 0F0F43 0E4700 049A9C 02D160 0BAF6A 0FD41B 086FF1 0457F1 0D61C1 075235 05AA2D 0F0EAC 076AA5 03C7E0 08A729 08DCE8 02127F 0D43C5 0DDB6F 059CA3 055080 04D6E8 0811FD 069206 011DC7 0D8CFF 01E753 0D8D74 09832D 1A98C7 014352 01766D 0A0899 072EB0 04CCD3 00C5BD 0C1A2E 091218 05C985 0AA5DD 03307E 05B04B 05D75A 053264 0CA9B4 056D89 09D5D2 0AD949 021015 029EC6 069362 02EB83 0D0F35 0D0D60 0B4F50 025105 05ACB6 058D66 03C4CF 0D6744 0627F8 080BA4 0D0BDC 0415C2 0EF97C 0DCF43 09ECE1 047D91 0C1798 0CE0DF 0E7999
024DBC 0C8B99 0F4CCE 08DD29 02BB1A 02CD77 014FBE 0F606D 0BD97A 0423BC 0D297C 08F408 05F4D5 050948 0F79F9 0B8076 08B2BF 088465 02D55C 012838 0B4E0E 089E40 172C54 0AD9D2 0DD0AE 0ABDEA 0FA528 029829 09D936 0B5972 05D45D 07D804 0E97FA 0EE4F3 0B570D 04487E 09ED07 051FAE 110C5D 0E3472 0997FA 0C1504 0998F1 0CF5FA 0141F4 0811E4 04FF8C 0476C7 01E532 0B1409 007C37 050A4F 0A1E21 0742EE 0C8AD9 0F795C 08672C 0137A7 014204 005F1D 0B224A 0F583A 099A76 07E791 0D3D42 059609 0FB5EE 008DCD 0FB5C7 0A09D7 01116E 0FA5DF 059B51 0A23E7 0A0983 0BB242 05EA88 00A460 0E323F 05FBBB 0F59A6 05BDB4 0574C6 07FE97 0A68DB 0A4F33 0D4EAB 05786B 068148 0EA178 0310F0 0B82CE 0EC801 088660 04DC91 0F4328 0A0079 19219E 01CCC1 0951E8 01FB02 056C2C 002F50 068EF9 18020B 071797 09EBA9 09B50B 0F24BA 025092 0F950E 00CEF4 0F5111 02D825 0724CC 0BF8B2 0F0E15 0C14E3 0E158E 052ADF 097D74 0BAB39 0E86F8 03827C 0AD453 0B20FE 056BAE 0BA97D 0C02EC 001DC1 024954 07E163 01FD23 083CAC 018C53 0EE0B3 0791A8 07366B 0C9461 113268 03B9D7 05EBA2 0D7833 0C53E5 0A6B4E 0BDEDA 029476 0CDFE8 0BD324 062AC4 06CB34 06A8B4 00CFD9 08A983 010978 036C13 0FD0BC 03614E 04D251 0D9535 0A7D50 0A8D15 01F8E7 029490 0704F7 17CEEA 04C448 0F7E4A 0DD5C4 04EE6D 0F188B 06D203 036716 06F7D4 05345D 090DB2 06B516 062951 010B3E 01C885 0811A0 080B07 08B5B3 0B337D 001768 0039C2 0ADBC5 03A0E8 0B8465 059180 07FBC4 069E83 0BCAEC 03D58F 130668 0EBDB9 077ABC 06E282 0EC437 0964A2 06F2E1 0E2F58 0FD80E 06F8DB 0AB139 0C9A72 0B7874 0EE7DC 00A316 0BCA3E 0BFD04 038BDB 0AE4A7 004976 05FA30 0EF9B3 0C679B 02AC88 03910D 0B1C76 05592A 06120D 0DB79F 04E3A3 099588 0790C2 0845F4 088E85 03302A 00EFBC 0CEAB7 056317 01B249 0315A2 0EC3BC 0696A1 0DF9C4 0FD6FF 08D106 014A6A 0CDE7A 08C695 0364A8 091C39 01FF74 0D1F67 0B7F29 0EC21F 066448 0AF3B7 0DEFDE 0321CE 030A42 078E89 09B62E 080164 0F79EB 09A595 0FA51E 04BE43 05258E 05D2D2 09A17A 0BFD61 081B5F 0F48E9 003D24 0F6254 008CDE 043419 054C23 0B1D7F 0750EC 0A8194 090BBB 08E24A 00F1A1 03F5EB 095A6C 0321A7 01A1C8 0E302A 04FDDE 03F3D3 06FE4E 061642 0242DA 08C507 025468 0C74EA 004CB2 013BB8 0EB1D2 0A0303 0ED111 0B7AC3 0C31C4 0B95EA 00FB31 0729C7 046E04 043715 039003 056C2D 06BDF3 04701B 0845C3 098732 0D6E6A 02B67D 057C33 0ACF57 0F0376 06DB07 052306 0A72B1 03A547 05E66C 0E1B7C 0452F9 0C2F4E 09C1C3 09FC1E 0DEF38 0D6D66 0B0B5A 03F56D 02C124 09D501 0BAA13 094CD9 04FC72 08C19D 0D0A59 039E37 0DACD3 0CB135 010E2D 0BCFA8 0A61E4 0EBD62 0E4865 0949C5 0DC154 093D23 00F334 0F415E 0A9696 031D76 0D103B 0D55EA 0D5390 08F452 0FCAD9 0C8668 0CDA8A 0FD4C2 0AF5F4 00CE61 00F32C 052C66 047BBF 01DEE5 0EBCF7 01ECB2 067BF9 08D0CE 08C443 025EBC 0FFDD6 09173D 05362D 0BD88A 0E222D 021894 075A76 0DF2F3 05CF2E 0230CC 0FC182 0C4BCD 083DDC 0D34C3 01692F 0D6273 0E5F3E 0F0A32 073992 0EFD05 016A98 0211F9 041AD0 060121 0DBCE7 020CA9 08AD2A 093AA5 031DF0 089C03 0F9848 00F48D 0C0E46 07A8AB 095A13 0B9C1F 0D61C5 0058EA 050623 0F9BE9 0B8A3D 041CE2 0DDB27 09C8D3 0851F1 0D6FAD 0FA11B 09F50D 0BDBA8 0A71D6 092707 0F47BB 0E4780 0B9E0B 00F464 08E134 052151 07ADB5 0A43A1 0B51C4 095B98 075E26 051FD8 0498CE 0F4FFC 00B8BD 0F6E5E 0326EB 0EF662 0B7A90 037AFF 03FD5E 0AA4D4 0F85E3 00C906 05D206 0353F8 0FA42A 01FB3B 0E9EAF 095954 0EA1F4 046B03 0FC50E 052AA9 079AAD 0D4C0E 026ABF 03EA21 0E2DB6 0291F2 043A05 06C505 01B829 02801C 0C3301 0CB75D 076512 0DA268 0645CC 034505 09EDDE 069F6D 057D36 1F04CC 0D6D0F 07AEC8 0C49C4 06006D 0C521C 01D1FA 096DD4 0E7AF5 01797C 081182 0CAF4E 0A8AA9 0BDCD0 0C2989 0BCC58 0D61EA 08976D 0F3F2B 0559FF 080A41 058A72 097FB3 0BEB82 022493 0B98CB 01534F 097452 08E89C 07E4AD 0D07FE 023061 07BFB1 09AF03 06D5F5 0EA13B 0D152F 0CA341 08C80E 08529C 0AE06D 0423F9 058CC5 0E38F1 026BBF 0A1411 014507 07EBDB 08FAAB 0AF9A4 0E4339 05BBC0 0CFCA3 0C8260 0413EB 08C7C4 04EC68 038829 1F270C 05E5CD 0EA182 02ACE5 0502C1 0A190B 0A1132 088C16 0DA85D 081252 0EA299 066051 06844E
0EBE4F 0B98F7 091C96 0AEBEC 0F554F 042E20 0F14A0 080E2A 0D65C9 016428 04F7FA 082741 06D937 0A4383 0BC1F3 062DBC 0A4789 09323D 0B9EE0 045BB4 0F559A 070421 07370D 0AA9AD 097F50 003F95 0578C8 00BD6B 0F7DFA 0A1ED9 001C4C 0D1E1B 073069 0971E8 0F79A4 097676 07894B 04C270 0AE7D6 02A78F 024AED 0B6D6D 073BC6 06254B 0E3DB0 03D673 0BE584 013323 02467D 0F5FAD 0353A6 0BB29D 09A8E9 04D692 008060 00C8EB 0305BE 0D79E0 02192B 000286 0BFA67 0CA39D 0B8866 0884D9 09CE6E 02AE47 0E8459 0EB9C8 008DE7 07C1F1 042B7C 01832B 09C2E0 075B73 0EE00C 0A1583 085F8D 02E03D 092E8E 0DA816 0FF126 0BFB46 046B8C 04976E 004E7D 08897B 090A15 01DD4B 068341 0105EF 016592 04DA96 0A3292 0CA2DD 036120 0FED3A 0485EC 069DF1 038A57 054612 09B750 080EAA 0BE2A3 0B93CA 0A6362 02BECE 04A3D0 0137FC 09B09E 024A4F 0E496E 02B696 076FC1 028DB5 0F9F14 09DF75 09B6F4 05D031 0AC59E 02E0D3 0109D2 0D69AC 0DA5A7 0D0FFC 0FBBB0 0D0C71 0DDC32 1FE480 09C382 0C7273 0E2EC0 0FD810 04FBB9 0E389F 042FB0 0C4E08 06C328 0ED7CC 012AB2 0CDD89 0C0291 04643A 078330 0E04E4 0044C6 00EF98 093C26 07E4A6 00F47A 0F8632 0021F8 0E9650 0203F3 054A10 0784EB 0E15E2 062451 09C202 097595 0B02A0 078786 0E0870 0E4024 015042 024C0D 02C81D 0713AF 036029 04EC0A 0CD5FA 063390 067574 02CCD5 0AACB2 0494E9 042182 093E40 0D7FE4 070AD0 0ECE92 05DBD6 0BAD98 0E1CC8 06DE7B 0C4A9C 04EFC3 0BCA65 068D45 09A7D2 0D3DA7 0A36E0 0F4BF3 0DE9D9 0FAF31 082581 06BDD5 08B10C 072C16 0293E9 0F33E3 05C72D 03DD18 0655D1 0BACF2 0E92E7 0814CE 0F601C 004F5F 06A338 0E7E85 031090 02382E 07E80A 02A2C2 09DC42 0F7C21 03D361 0CB887 056792 1E8604 0BD82F 0718A8 0DD028 06D3F4 0C9D6B 059E2A 000706 029243 06A24F 0DD73B 0F9094 0154A6 0A6A93 05BFD6 0F1368 0580A3 05DF14 03A20C 191034 07447D 00E13B 09551A 0AE4D7 04E7C4 0DCAEA 0D8260 067B55 0579FD 086334 08071A 010B44 0ACF8F 0E1D98 04C316 0C77D8 0F4778 0BC1EB 016575 0DB44E 09B8CA 0323A5 0DE4A9 0F8111 07641C 074BC1 028844 0C2F3C 0E8486 003D04 04734E 0B8D78 0963BA 0AFBA2 0A1A21 0459B6 0E9E55 0480BA 0D30BB 0AE9C8 041B51 0C9E06 092104 0B8A07 03995C 0C9259 091619 038E0F 0B02DE 0D77D4 062909 08D7F4 074310 0EE4E3 0E75EF 0E8FDE 00FDA8 0188D6 0DD259 06A3DB 05F87B 011564 09BD02 0A0AAE 0188DB 089A59 02F4BD 020045 021474 0D7730 018097 073DA3 09006C 091F08 03ADE7 0B1139 01B453 0524D6 04C232 099FA7 0376F2 07BFDC 0C8E42 06193D 0CEEEB 0391D5 0B610D 01C8FB 052D64 04262A 0E461E 015C61 043C91 087303 017A2C 07B50E 004D73 067B0E 029F0D 042B54 037599 01D097 0FC01F 0B4083 01A9DB 0F1E05 0C5CF4 016773 0CDB2D 06CE71 0113F5 061DEA 06636A 06A03E 0E026F 02800A 08BCBB 086BB6 046CF7 02FDBE 0B8D21 096806 0A50C0 0D18F3 0D7F18 0037F5 0139C1 066D16 02D72F 055FD7 09DEAD 0BE512 0C591F 0230F7 044177 08621F 0B6F82 0AB397 0C653D 03F796 076F50 0CF4E3 079601 05EA6F 0B5A08 025D64 09E253 004A20 0E7EE0 0B5D8B 0C2FCF 0CB7DD 0E359F 08FB74 1DEE89 0E87FF 004DC1 096DEA 0BA97F 09791E 0AC9A2 0847C2 00E783 01B276 04C0B5 0252B1 0873ED 06D43F 07A87B 050D24 0C8943 061B13 0F1988 0706AF 1C1A24 0E708E 0A9E51 09492D 08B82B 0977E8 011D45 097A21 036267 09E327 06AE7D 0F154B 0ABBB9 0A8D3C 08C584 0B2827 0C72EE 0A4DE5 0472EA 01D1F2 03230D 064933 0A5443 07A276 0581EA 14F737 0AB908 09D12C 069592 0047B2 032604 0BB7F2 033E8E 05C5CC 0452E3 069F5B 07470A 09493D 021F8C 06C6EB 056DCA 0C9EEB 0537AD 0010B6 01FB36 0D8794 0BE7B6 0E546A 0370F5 0B2E9D 076F46 0B653B 053A32 091E15 0AE4AF 01D5EA 017812 00DC07 0652C7 05EE72 04B411 0F1FA9 0F1AD8 00D852 09911F 003627 0144A5 0B28A6 02179F 00B5BC 08005B 08A91B 0F9454 0D4BAE 0F31A1 040951 04E8F2 0CDA83 07E12E 00D1B2 0F106A 08CB75 1991D4 079E55 0060F7 00170F 01778D 0B547B 0C04F6 0F3135 0DB242 0D0A48 0FDD28 0490D8 043E35 08E0FF 05BF4C 02EA91 0F7C28 08D948 0C5F24 0E06C9 0630E2 0C9E47 0016B0 0A9608 0C7D9C 0F2A43 061EB5 03D8D2 0360AC 0E9B43 022122 078317 0FD554 088839 087890 0933C8 02859F 063763 08D7E9 0AFDE5 0C83F2 0B3002 075F66 053C26 0A038D 0715F7 0C4E5B 065939 0DCB40
0F659E 0EED9C 0DFE48 0BDFD2 079F2F 0F3A5E 0E54B7 0C8C45 093F6A 025EF7 04BA72 097354 02C674 058873 0B11CC 060707 0C0BD1 0834B8 004C17 009B98 0132F3 026209 04C222 09816E 0324F4 064907 0C9332 0906A0 022CB2 045934 08B3B7 0147C7 028BE6 0510DD 0A20D0 046629 08C810 01B7AE 036B9C 06D1F0 0DA0D0 0B67D2 06ED9B 0DD881 0B947C 070CD7 0E1BF5 0C15CA 080C93 003DAC 007800 00F3AD 01E04E 03C2B8 0783D9 0F01F2 0E27DC 0C6F90 08FCBC 01DDC0 03BBF5 07710F 0EE204 0DE664 0BEE37 07FDFD 0FFB7E 0FD53E 0F8CC6 0F3E02 0E5C14 0C9D58 091CC6 021F27 043858 0872E9 00C59F 0188AE 031058 062315 0C43B0 08A67A 016FCC 02D897 05B270 0B6382 06E5E6 0DC8CE 0BB43C 074CFC 0E9BCE 0D140D 0A0C38 043EDA 087B40 00D6C9 01AA45 03504F 06A312 0D42F3 0AA4BE 056F06 0AD8C1 059744 0B2B28 0674BE 0CEBDC 09F5AA 03CCBE 079958 0F3377 0E4479 0CAEBB 097E42 02DFCB 05B8F7 0B714B 06C430 0D8908 0B34BC 064CF7 0C99F7 09150E 020DC9 041942 0830E1 004775 008B2D 011183 0220D6 04414B 08816A 01264C 024844 049036 092008 026413 04CB52 099300 030633 060A63 0C118E 080712 002EFB 005A48 00B1A8 016282 02C2D5 058091 0B0116 062530 0C484F 08B4A8 014DD1 029B8E 053316 0A62CD 04E7AC 09CACF 03B441 0768C3 0ED088 0D8589 0B2E42 067CCC 0CFB87 09D4F3 038E04 0719BC 0E33B3 0C4774 08ACB3 017F63 02FB18 05F2C2 0BE30E 07E6DC 0FC92B 0FB57C 0F4C95 0EBE7C 0D5FF0 0A9E8F 051FFE 0A394D 045783 08ABB6 017664 02EAD1 05D115 0BA025 07656D 0EC811 0DB471 0B4C9F 06BF58 0D78C1 0AD7DC 058C7F 0B1A46 0616B9 0C2BF3 087725 00CEEF 019B04 033289 0663CA 0CC323 09A498 036C1F 06DBFD 0DB27C 0B455E 06AE5E 0D5960 0A947C 050D1E 0A1B39 0414EA 082AF6 007699 00EA2B 01D0A4 03A1AB 074387 0E815C 0D2762 0A6D0F 04FCF7 09F92A 03D4D1 07AAC1 0F5068 0E84AE 0D2D51 0A7DEC 04DC2E 09B83E 03545C 06AB14 0D5089 0A86AE 052CEF 0A592E 0496A2 092B70 0276CA 04EAFB 09D2CB 0385E9 0708C5 0E127F 0C055D 082F4A 007FE4 00F8B5 01F01F 03E0E9 07C2AD 0F8114 0F26B8 0E6F95 0CFF42 09DF8F 039C56 073B29 0E7257 0CC61D 09AE5A 037E2A 06FA30 0DF299 0BC622 07AC4E 0F59FE 0E979E 0D0EC0 0A3FE7 045FB5 08B9AC 0156A1 02AAC7 155258 0AA2C6 05640C 0ACB83 05B75C 0B6A04 06F50C 0DE9BC 0BF478 07CEB1 0F9B87 0F1697 0E0F19 0C3F0F 085F3B 009CF9 013909 027191 04E00B 09C376 03A6F6 0749CE 0E914B 0D0708 0A2E68 047E68 08FAD7 01D492 03AA09 0751DB 0EA1A3 0D6592 0AEE0B 05FD1E 0BFAFD 07D586 0FAA96 0F744A 0ECEAD 0DBFB2 0B5DB1 069DA2 0D392D 0A5712 048F64 091BE2 0217E0 042BC0 085390 00865A 010900 021339 042102 0842C7 00A6F4 0148F7 02933A 0522A6 0A4352 04A686 094B5B 02B419 0568BD 0AD195 058547 0B0BCB 063663 0C69E7 08F419 01CF84 039BDF 0733C9 0E60FD 0CE529 09EF5C 03FD84 07F9CD 0FF319 0FC43A 0FADE9 0F7FC5 0EDD08 0D9DDC 0B1CDE 061C41 0C3B73 0854F7 008F2C 011845 0233F5 046200 08C1FB 01A53E 034A43 0693DE 0D2013 0A65D3 04EF6F 09DAFC 039685 072A66 0E52C5 0C86DB 092C7C 027C6E 04F9CB 09F1A6 03C53C 078AB5 0F1068 0E067D 0C2D55 087D21 00DC83 01B8B3 03735D 06E27F 0DC20C 0BA532 076F06 0EDB73 0D94BD 0B0CE8 063E61 0C79D9 08D7DC 018FD5 03191A 0630C5 0C63DC 08E406 01EFA1 03D874 07B189 0F62F4 0EE59B 0DEC83 0BFC81 07DEFE 0FBA5A 0F5438 0E8DA4 0D3C08 0A5DE0 049EC3 093AC3 025685 04A8BC 09504D 0287BA 050876 1A118E 040493 080B06 003759 00681F 00D33E 01A025 0341FB 068173 0D010E 0A26D6 046DB1 08DBA1 019542 032846 065333 0CA30F 09659D 02EEA6 05D89F 0BB0E7 07464A 0E8B32 0D3717 0A4D77 04BC71 097AA8 02D792 05A99E 0B51EE 06871C 0D0BDA 0A35ED 044C15 0898D6 0115AB 022993 0453BB 08A1C6 016652 02CBD1 059214 0B20FC 066799 0CC8B1 09B739 034CCE 06999E 0D32FA 0A442F 04AD04 0959F8 02972D 052830 0A5278 048573 0909C8 023582 046868 08D0A4 01856A 030A36 061112 0C21A5 086424 00ED31 01D9EA 03B115 07638A 0EC31C 0DA54D 0B6D8D 06FCF7 0DF971 0BD5DB 078EF2 0F189B 0E15E6 0C0F45 083D91 005D6F 00B97B 01708C 02E3F4 05C399 0B81EE 0726FC 0E4A85 0CB610 094C31 02BC04 0579C0 0AF209 05C4B5 0B8ADF 07373F 0E6ACA 0CF506 09CC60 03BD3F 077A96 0EF318 0DC72E 0BAE94 077E21 0EF855 0DD666 0B8C93 073FB3 0E7B4F 0CD5F4
0C4EFE 0884C2 09F45A 0F90FC 0C85D4 08423F 008D1D 0B9887 0754B3 0168CC 01FFC3 052796 01DF60 0AF77C 07B1EF 07DA22 0FE701 04E37A 0C9B10 0205D5 0EB855 03E4F3 0123FB 0527B0 05430A 07AE2F 1D8CB4 044417 0A4CBE 0E46E8 016038 085467 09C427 05B403 0F66F3 029BC3 02E4D2 049FEA 050208 0A8421 00EC3C 02778C 0D4D60 06B745 0F0245 0AE5B7 06C077 0FD633 0EC771 0B8417 042359 0B7FC4 0D3AE1 05CF65 0BA300 0F8BD2 0CE866 1260DD 0625B7 049C37 082774 076E5E 019234 0FB60E 0CA76C 0F83AC 0607C3 090519 051596 0A82FB 00C697 0948D8 036FEB 000DEB 082476 04F82E 0D0473 0D1C60 032EF5 0B9F44 013579 07B4E9 04A5F5 06386C 090686 02B73F 04791B 032185 0E4D07 0E003B 049B77 06CFB7 0B9BBB 05F7A0 0FFA9E 07737B 0A2AB8 0B449C 0965CD 0870C7 093565 086976 08CC92 0508E3 0230B4 0A239B 043D14 0E297F 04826D 03A90A 007023 070437 011A1D 04D2B8 0BBCA4 0FDF01 010349 0F657E 0643B3 0156BB 0769CD 00E536 0A6345 068A4D 0572EB 037431 0D9FC8 0E4808 0904D3 06A1DF 07F4FC 07EAB1 1B9B8E 09BC1B 077411 0BF9EF 0A4E4B 08BEE9 02C0FE 02DA77 0BCFDE 089A86 0B99F8 0F78C5 0984CA 082D56 0C89F4 05ECC1 06D86B 0F743A 0271F6 038875 07B77B 001671 0BC54D 006455 08D75B 0B2979 00F821 02D45A 1BF8E6 03884D 0ADFB7 0983CF 023463 02B062 0E7B27 01FE66 07D3CF 059109 0C1655 069FAD 03452D 0CCE65 0892C0 0E00A1 009A8C 07AF09 0A4A35 05186B 05A635 0D855B 06FB7D 086DDC 0A0EB4 0459EA 065E50 042B1F 027423 07709A 02E85C 013435 003B94 054D90 095D0E 0FA569 067AF6 02B989 0A9C89 0B0905 08464B 08EBF1 01106E 0A99AD 02F256 0A74A4 0CD557 04125A 0746C2 0C3E1E 0AA7FB 023A62 0C34EF 0F655D 04854D 0E7CF3 001CB7 024F67 0398F3 0863BD 06B91C 0E2851 0D8774 0DED76 02DA2A 001C73 048CAC 03229E 00AA7B 0E2B0E 01198B 093203 0D1C69 0F8F80 0E4B5F 0CD1C4 0BCAEE 015DD3 07A5A9 024880 0A5E34 04EA30 02FAF2 090956 060549 02CFD2 0658AF 041AAE 0EB955 0B73BE 0BCECF 0598DF 0B94D2 0B6BA4 0B32BC 005C22 0100E1 0E3E86 0875FF 0D924C 071E5C 069C85 0EA788 098A21 074787 0C9F34 0EEE4F 090DD4 0C369E 04C40A 03EA5D 05573C 0C375C 076BFF 0C8849 02C454 0FC275 06DB33 01399D 03324E 025CF2 0BEDE5 02794F 16568B 0196AB 0AA7E1 0AB7CA 0D3220 1D4DE1 006D4A 0CF682 0C22F0 04130B 009511 08FB74 030450 0A23FC 10286C 0E694A 0EDF1C 0E00C0 0449C2 03C4F9 093025 0328D9 0B6B4E 0F8B72 0C9DCA 0E9FED 003D3B 0F5E6F 01F280 0B1A42 0A1BDD 094BDD 0220E5 0CBFCD 045CB4 0C5F87 01D200 0BD334 05BA27 0B13CE 0CF16F 197897 01183E 070A31 181956 0D859A 02D7BC 08C931 0898FD 0BB8D2 0D6A65 07EB2A 0E0A53 013A11 041A9B 0D9733 06F037 02B34D 073297 0E14FA 014A9A 05FA73 0A886A 1A234F 0F5966 00EBE4 053C16 022741 04F4EF 0C770D 0C04BF 0C0F84 090A90 0BD120 032AC5 064C37 0C342C 074967 015498 09F134 0F4887 088724 0C7FFF 0081FD 0B98BD 06DD14 0D4F54 04547C 029253 0220C2 0BAB9A 0D3279 0B8EF7 025D7C 079A31 01025C 04688F 0395B9 0B05D5 03635C 0E592A 07AAB2 0A8EBB 0EC7A6 0631B5 0BA6C0 081A0C 01C3DE 015D5C 01EE1E 0F9E2C 070178 09D57C 02BDE2 03F929 0D5080 0C8C96 092AD2 051613 0B75CD 00E20F 0090FF 0FA93F 0D2995 0EC140 05A17E 0B53EE 031B26 0D4A8B 06A1CD 0F565F 08EBEB 00CF02 07570C 05A0B3 013F44 045CF2 0A2E6B 0DCE92 0A71C7 0C235A 033473 0F261A 0BEC43 064E17 0345D6 0CB8C8 060165 0305E3 00F315 08BAB7 0FDC15 02666C 0BFAD3 0F8FE2 0B4D38 0D5DB1 034B9E 04CCA4 00FB8D 0502EA 064F73 036D28 082354 0FA019 0E9605 0DA966 070E44 062DA1 045870 01B14C 087EDA 01DF0E 037B15 09AEFF 08F444 055681 0AA0A2 0FBA26 0400B5 00B709 03F443 0AE846 0894C3 0B434B 0413F3 0AA620 018096 0458CA 0C77EA 039503 0E5327 03B817 046202 07E3A3 0D2537 087349 058EF5 03ADFB 0E8F08 02C976 04569D 0D9909 0C8FE9 082003 001D6C 057F5E 05DE43 016CAD 05D3D8 067D91 083088 1F0A24 0E52C8 0C575E 0F1B7E 0A0D03 001BB9 0F48AE 0D68AF 0410AD 07D3A8 0B67C9 0A8506 010BE8 046343 05E991 13CE8E 042496 07B9CE 0B76CF 02318A 04FC82 0544A1 0B4B90 0396BA 04FEE1 0353BC 07DFC7 0466BC 03A7E1 0538D5 0CDFE4 0EF391 09670F 0B0BD6 0077BE 021EE5 0E94E8 07016A 060555 048D07 03DA29 0CDCD9 0F4FFB 03D2AA 012057 057E19 07FED8 07D2AE 0383D6
033CF9 01284D 08BDC6 068A7F 03DE2C 012687 06C52C 09A3E2 026C6E 0C9891 0B84C0 038822 127AFD 0FFBF4 072370 0971E0 0B282E 09843B 0C516F 0398E4 0F67A9 0CDC67 083925 0D7429 031490 087AD8 02AB9D 06954A 032FFF 0685F5 0BEADB 009AA4 0A3D82 0C8ADC 0F0448 0FC043 00C75E 0A75A5 0B9864 0D4B48 08E16D 0363E3 02C61E 05E039 08820E 0B0169 07B37A 03C33A 025AE2 0A39D3 00E8BD 0478E7 05F8B1 036B14 028398 07C901 09F440 008097 0B4549 043B22 0CF540 0DA5C8 086563 088B24 02863B 08AC15 0C8554 0636B9 045757 09D91E 081559 0CBB36 0C2DB5 03F609 0B1E09 01641B 0967AB 0F389F 002E79 03671E 0F0D0A 008CE4 046531 0363F9 0B36DB 0936C4 097158 0B923C 0D37E0 0B7BE3 0F77E6 035F40 0AE114 07FD5D 0F1DBB 093F8C 0B31BF 0DB495 047BDC 01AD18 092B31 0143B3 0B0642 0A9E1F 004634 0A03EC 00D23E 06489C 03BF88 0EE58E 019DCF 0063D0 0A2655 03F8A2 0B3CD9 00E516 046620 05E10D 025873 08E1B7 03BD21 059C99 0C3DAC 001229 02D25E 0207F4 09465C 081620 057AAF 011980 0DC6B5 04F12F 03FFE9 07ADA7 0DF91C 0EF3F4 04AC93 028B01 0B2701 0733D7 04805C 0EB538 008025 0FBBB9 0A68DF 0D5EF1 074FEE 00C186 03BE26 06BD77 035A2C 074DCD 017B69 0D0E2E 0523E2 025D9B 04C80A 0A116C 0823BA 019FE2 0CFAA8 072A7B 094C8C 0A335B 00B5CB 06A05F 036E43 07459F 026886 030B1B 08BEC0 04C16C 052832 0FCBB9 033C9C 02E2A3 01482D 069B96 0D39B1 0A1535 060E3C 0C3E59 097DCA 0BDFEA 0F0DA0 0A2D51 04B60F 0F2ACD 0C1B16 0B512E 0C82B5 09B29F 07E473 0A80F6 0F2D69 0E89BD 0A94A0 08627D 0B5E44 0BE98B 0C8C86 0248DE 0F8455 07393B 0E43B9 0D249C 066DD3 0C0225 0EE485 0B8345 042A96 001472 029801 00967D 0C414D 033D7B 0A0CB8 074476 056D08 054FD8 06C48C 0FB301 0EA031 024443 0D7623 05BF78 000609 0B5F4C 0C8889 0922EB 02C600 008A26 0959F9 0047E3 062EB0 091612 082745 019B79 0C9066 04FA79 06C9C3 04AD27 0028F3 0B41FB 0E91D3 0C3459 01CF11 0F0BB0 0A6F4A 0675FF 088C5C 025502 0FCD1C 042841 0445AE 08F1E6 0205E2 0A2F25 05A17C 05A0EF 0CBD10 06D1EE 013FB8 064241 0D09A6 0676F7 0E3046 0AA1FC 022BDD 0E5DE3 0C49EA 0E1431 096022 09CDF1 0A4A93 0B84DC 0E528B 07F4C1 04DF56 00ADEC 09695B 03E5AC 0F4B24 1A258B 00A4F5 0742F6 0EAFB9 0C1FF1 031CFA 0E8ECB 080F75 09F49E 0D1FF6 0C633E 0B6A2F 1AB1A6 07BDF2 089D60 0E514B 06196A 086428 020629 036FF2 0D9455 01D85C 05A4D4 0B879B 014C18 01F47D 08AF14 0BEB74 03E221 072A91 09112D 086A2B 032275 08C413 0571C7 0C484E 0D98A6 023E17 0DA970 0564A7 0AB782 06AE54 027E31 0D262E 041EE9 0B459F 0D68DA 0462E4 1C9F0D 0BB471 022A22 0F38A6 05A016 0454AB 00F49D 039BE4 0496F4 042C69 00A06C 0613BA 06CD1B 0A4F6A 0A73EB 0259F9 003D60 045016 09A8C9 0B357E 04DDFB 0D1CCE 0F7535 05C713 037F0F 01C911 0A7DA0 0B2EEE 090327 093968 0A033C 06173C 0D8D5F 061F68 05E2CD 059087 095DCC 015B5F 0CB776 0993F6 05E74A 0CA769 026038 0C16D4 0E3FD5 0DB129 04278E 03B4F5 083E68 0A018F 06708F 0E6533 08EBF9 019E0C 007B52 0AD50C 0419C3 0490BF 0CF884 075EC5 0A045D 018671 0E004D 04BE0F 0D2A2D 08BD16 073A0D 0D3D36 001948 02A6B5 01CCE7 07F159 0CE981 01936E 009304 0C864E 04D575 06B17F 055F17 0BC815 0C3429 04FB62 0C890C 02BDE2 098DA1 044416 032577 0B9F13 0967BD 01D22F 0A64B1 0A5D6E 01E133 086A09 0D004E 055E37 01844B 0A5FB8 0EAE6A 0C4801 01173F 0FBBBE 030CBF 040188 08E707 06CD69 04F51C 021B95 0B05EA 0F7208 04B6C7 0A5C6C 0D1865 06A654 081187 0A8D10 01CBB4 047985 07DD79 06241E 003910 032BE3 0CB5B3 0ED9F5 015841 0409C4 0DBD2B 0674E6 0570C4 06B1C7 0F389F 0CB2D3 0E41EA 04EB51 0B23DD 01C116 0ECDD5 07075C 0B7C87 0D3575 05B85E 042E80 024494 04DDA5 0B1859 0332BA 0F0A52 05E440 05FC2D 0AA559 0F8FD4 088880 0CFB90 076CB2 0BE49B 0E45DD 017E9C 0CA32B 0B586C 0752FC 00810A 00FC80 0E19F5 03EB84 08CEC9 09A235 0317D6 05A854 07741C 0F1058 01C72D 0D7715 0DD121 0309A7 02E029 020B00 0A3DA4 05C0A3 07617E 091A9B 0CB839 0CCA6E 051E86 0FA0AD 03EC8D 034045 020B31 001854 003812 00321F 02601D 04E56E 08E975 08F72A 095E8B 068D5B 0DD336 0DC5C1 09C032 00E102 0BC685 073AD1 0AD025 00CF20 0B9279 07F0AB 084128 0DCBC2 000C5F 0D6D91 0184C6 087EE0 0BCAFD
091E4E 0C3709 09E54D 092A85 1269EC 064E36 03A437 0E11DE 06C7A1 08F91E 092460 0E3FA2 05C5C0 0CA2D8 0B44E5 07137E 03FFBE 06FAB4 1B4917 006E6C 0C297F 02AD24 0371FC 05D62C 015378 094691 03424A 0BAD0A 0E5999 00B58A 025FD6 0146AA 06A6F2 009A60 099F93 0B81C5 0ECC4C 0D1536 0F1FCE 03058D 0C30D1 02C768 0C1170 0C2095 023C1C 0A47D8 0EFBA8 09E343 0792F9 08D528 0EF8B6 0D5288 026500 074316 0196D8 063D58 0D737D 0EAED6 03D05B 095ECF 01936E 0DE3D0 0FBDE2 0519E0 0831D9 0B3DF2 0717C2 012E43 073E6E 09A171 00F853 005383 0BB562 0BE0B1 05169B 02CB1B 0C36BA 03E54B 00BB0B 021550 0F77D8 043CE2 0C6723 0719B0 099389 012769 09BD39 066FE4 00FC5F 032151 0DA882 0735F7 092149 040195 0123CB 0EF9F6 0A607F 02B51E 074C1E 0C8C54 0D123F 062933 03D61F 028EC6 12DC3A 0CF36D 00DCA6 0A11CC 03EE8C 0648D7 0D8971 0FC1D0 0675C4 0A6B4F 0DB6F0 06CAC6 011976 09530D 025CC9 0217EA 081FA6 08B401 029AD0 0655CC 0ECBA5 0706CC 03116C 0552DA 09A2D3 0DF199 0DAD47 02E9B1 0E67D2 0BF49D 0BE7DD 00BDB3 007757 05C2C1 0DE371 08836F 159336 0F57F9 09F504 0FF932 0EE50A 02FB38 0E0D88 01F57F 09446F 045178 0193DF 0BAF91 033B59 070102 0968F0 03B6C7 1AC703 0EB02E 07EEE3 0FC81C 035312 088AA5 04BE9D 0BD012 0FADCE 0BB883 04031E 0B5B75 05873C 08781E 0454A5 09602E 0EF6E8 156E5B 034C3C 00BC14 0870E8 03532F 0FADED 0BFDF8 06780F 0451C5 076735 01003A 02056D 0F7216 037F1D 0DBDB0 0DD0EC 0AC214 08F6B8 0F888B 08DE94 0A2338 04E09D 036E31 0BF521 01D6DC 006916 014D4D 018523 05077C 063908 0F3C09 09F219 0AB7E4 0796C6 0CDBE0 0F797D 0C1C6D 02A3EB 0DB701 0D0CBB 0A8827 0764E0 075ED4 0B3DBC 080088 0A5A29 0CED4E 05C88E 0982BB 068EF3 0A73A9 007C58 0D8712 0A6367 008E25 01A2D9 0BC92E 00C0E8 05BFFF 091B4D 0D8E68 0855D7 0CE305 0317E1 012072 010B1D 023C43 0A884F 01C6A6 0BB08E 0DE465 0ADE91 01FA74 01058B 0CDB74 0FEEAB 0575DE 04F842 08E68F 031807 0DEC8D 0E4858 032814 023553 0E94BF 09883D 00E738 0DE2D6 0B818F 0EA48E 0B8AFE 0671AB 04C4AC 06CC7C 0D0FB7 05CA15 027E73 0DB7A1 0ACFDD 0A1798 060BFB 05BB80 056E0A 054694 0B0093 012BAB 0FD844 011284 05726F 0C1B57 0EC951 04593C 05F7ED 080A5A 0F87DE 041143 002811 0D7DFF 021EB2 0ABCCC 0AABAB 08C07B 0560FE 05783F 0F92F9 0EF5D8 0D0B72 0C903F 022CD8 0A6EA0 00361B 0DA2D6 07797B 0AED75 169A0F 0EA413 03862C 0B2BF9 0A8F3E 0C5BFF 04399C 04EFD8 08E677 020D0F 09FE1F 0AEA2D 1F3018 0948C7 04163D 0B3730 04FB64 0E008D 0E9192 022981 001403 02D4F3 03CD8A 079FE0 06A26D 0176F8 0C58BD 0AC421 06DCB0 0143C9 059FE7 094083 03C879 0A50E0 0961E3 0A286E 0E1858 0CA789 0724DC 07F83A 08D0AE 0AEF67 1C02C5 0A8A77 0FAD20 0CFB89 0A1317 0E9E04 0FD1E6 02BD58 0F9847 060C16 18A04F 0F1538 0BD457 0564BD 014AEC 01E745 087F8F 0F70E6 0C8DF6 0D5F45 06B31D 08743F 06CD03 0C47CD 058CC8 079EA4 0B7CBF 036F40 056F3B 08BED8 0CEB20 02FA2F 059C93 05FE2E 06BDCF 0655BC 07BEB4 02440B 06AF11 0FE57C 072812 076239 057487 0C27BA 1FDA2F 05B6ED 05D2C2 03B913 0AD156 0A8ADE 0BA8EB 0F1E90 0B5F1A 06C75D 018AD0 08619E 008220 0CC495 097A74 028112 0D4BC1 0AF105 056F36 030F68 013291 0B9893 005668 045E5B 0A1ED3 02C150 09BA64 02EA76 0102CC 0CBFC5 0F767B 0D69C8 08DF4E 00A84A 0BD6C1 0CA660 0133E9 048C03 028AEE 033CD8 0E6DAC 18069D 0AA9B6 04A1C2 0212FA 070801 080B75 02A56E 013CE4 0A5FBC 0A8892 033096 0EB5B3 00AA82 0EFAE8 08C2E3 088D51 025EEA 0BC65F 0A2B24 01D918 0A35F5 07705A 010A7D 0325C6 0A6DFD 049F5E 09BF44 0C00C7 093329 0AA283 0FC7E9 04FE3A 04ECEE 03842D 060F3B 0DA593 0ABE85 0B398E 0CB28F 0A2D3F 0FAB43 11E2D3 0FD30B 036633 0B1719 05740A 0B2ADD 06C1A4 09150F 0C7AB5 094629 06D286 014B92 069DCF 045218 0D874C 0BA5DB 03A0C0 03D1B1 0F8367 04E4E5 046D4E 0D215A 0FF170 0043F4 0E5F23 0AE9C5 0A3E16 0F88C4 0DA3DC 010CE0 06A0CD 03D5C4 09990C 038267 03F55A 06B41F 030B9B 0525B5 00B54E 0ADAF2 09783B 0BA3A4 0FE3EA 030CAF 0CCBF7 079A9F 0A90E5 06E918 093DAF 092723 031C22 0A4DFF 0221CE 0ADB9E 08FA55 0675DC 045ACA 0C338E 0FCF0E 0A20AD 06FB06 00285B 06900C 0E2006 0AFDF1 0F4FEA 098C5B 0CFCB5 00B708
0C471B 064702 07DDA2 0F2767 0EF9F4 077E2B 047829 08C5E7 0A4742 017F8D 061D93 011EBC 047887 08F8A6 0853D5 0746C8 0194F3 0FB108 0AA5F2 079A67 03AF36 08002B 078FD8 087461 093D99 02E8D0 085AF5 092C6D 05CE20 065EEA 0354B8 034815 0CA7C5 0C2EFC 0563A0 0FCFE0 03837B 09BB52 041B65 0A9D85 0150E2 0A906C 01B2F7 05F3AF 064637 0B2402 0D31AF 0CF25F 0E73CD 02023E 0B081E 08E160 058E2B 057B4A 051A11 094969 0FD991 05A39F 0052CF 0DE63B 071C49 022CEB 07580E 05F543 0CEC5C 06C920 04FDEC 04471E 039B06 063230 0F3522 072824 060127 0F43FF 0D64BE 070B69 089E3B 0BE09D 0BF710 0BBFF7 0C8921 033EDB 04DFA5 0AF235 0B323C 03D7F0 0C9704 0737A6 0D7DE4 00E01A 04BCE3 0CA3D7 0687EF 0C3BC4 003A3C 0BF95D 00EA1A 021571 052CBF 098D6A 02F95A 09BC2C 008D2D 048A65 0DC369 039D30 04511E 01E6C7 016DBF 0304E2 072CF6 0D36D3 0ED33A 0E99A2 016275 066090 076AA5 07D3E4 052549 0A95DA 06A005 0174D9 0A30B6 02B3EB 072355 0D2D6C 0E50C5 075BC5 0EF9F0 054BB5 02C688 0BEBCF 0A0D9B 067EC9 09FDF1 07A0DC 0718E9 0C7D64 022218 0663EA 049495 0AE01D 0B6CDB 0A63F5 0B43E1 02C173 08E74C 0BEB9C 04A99C 0A8865 0957D4 06C9E2 050FB1 0328DE 097884 075A64 03E443 041225 0C66C3 0361EB 0305E3 03B998 098E4E 0B3807 045D8F 0BAF69 0AFCA1 071C65 0C8B9F 1171D3 033A18 0E5272 0386F7 088DB8 087FE0 0AFC3B 0675BD 08F8BF 04E979 03EF9A 0847A4 022CF4 095927 055ED2 0B50F5 0A6D97 0B9E05 0B0EF3 0BDD65 0BA7FE 081C3D 0690D8 0500D9 0144CF 066502 096031 0C64B2 00BE74 00AE3A 0EA08C 04AF85 0D579B 03528C 01A08C 0F9B1D 0963EA 0151F1 0D7737 0793F6 0D0CE8 07A54B 032564 007401 01F4A0 065901 07CE8F 0476BE 008C01 0F642A 06AFFD 009D28 06DE94 07C3C0 0B4D64 03FB12 0D8093 0E9A7E 08D09C 002B01 006C7B 0E1D0B 085A91 012F1D 0F503B 0AC239 0895F3 078712 030D23 195A27 139865 040C7D 16BA69 0B30B6 08F4EA 05CD56 070F3C 03938E 040B3E 0DE5B7 0EAB57 036AFC 05BF9A 020286 0F154C 08340F 049702 07FEA8 04422B 0D62BA 0AAC03 02FA7B 0A4F4A 0AE3A4 016A54 0C43F1 0E41F2 0107DE 0EB39D 0FA955 0BECDA 01CBE6 00B135 11E4BD 00947A 084352 10E314 178419 0F33D0 073D52 037714 0BD359 02BB01 0E5D84 0A904D 08A314 062898 08BE96 087ED9 06BF37 0B1773 05C84A 0B8CE2 042D2E 03820D 001629 048A81 0C6529 0F32E3 060A5F 0E6BAA 042898 04531C 05D827 0CC0DA 0E7BB0 024832 060144 0A517D 0B2458 071814 08FCF4 0DF4B1 0DC223 0FD694 03D33C 087D48 0D932A 0ED8DD 09C010 018132 090AFE 08CDD8 008A0F 0146C1 0D0ACB 03C1AF 09EA29 0BE945 0DA07A 028EE9 033937 0D9475 064312 064C53 05E658 0D11B7 0B7DDD 03C842 0C6071 06CB17 0D9E71 0C1F72 0FEBA5 05AE97 049FDE 0E68D7 0F0B8E 0E2048 054FCB 0281A0 0B5F65 0B0888 07BE8C 0ED294 08D685 09C82D 1C8D81 05CF92 058270 04E2E9 07448C 06AED0 0B0D02 0EA74D 1A0714 02E694 0428DC 03830B 0852C4 0DF2F8 0BBB33 07AA59 03A911 19219E 029768 188216 18D3FD 0EB0B6 027EEE 0270EC 0F626E 098375 086C09 0BCC07 05247F 006E16 00EAD1 0DB991 0CD0F1 0118D1 09E43A 08A379 0B7728 04D366 0BCB0D 04466C 0169FC 0F0099 0A4E42 0AC5FB 017F67 0F5B7B 0BC68E 0EF858 061C29 009E75 0FEE05 003C75 0CBFD6 0E8EBD 0054E9 078B03 07C814 088DA9 02EA0C 043DA8 00CB85 0B1369 017753 0E159C 039419 0872B9 05D0DC 0CA4A7 0C5365 023561 073A19 0A141E 02C894 0665AF 066770 0DEF7B 01F3F1 010117 0585D5 0D9639 0AFBB3 09A2BA 0413DC 0DA72F 059CBF 0D5157 0CB9B1 03299E 04F04E 0D03B0 0C7ACC 027F67 04AEAD 084F74 06FA59 03F753 093D77 0D12A6 0E984E 08005E 04FE4D 025270 09D64B 072395 078FA8 02DAED 0CC3D4 09079E 0ED413 03514E 0CA7FE 05EB73 044740 07E8BF 02A610 0D52B7 022485 0C5603 039345 0F0011 07BA21 0EE994 0D4643 08A466 038C4D 03D66D 004909 0063AE 086C20 0F0C69 0E0E23 01C7E2 02D7CF 0A25EB 0B076D 00EEC9 0BE8E1 04B903 09787A 1FBB06 08AD74 05AB53 079071 0E42C2 05302B 0D5849 027241 02B8F3 0678DF 04B2A7 091692 02E1FC 001551 0BAA65 07CE9F 0B0140 03A78E 092F67 00D5A0 021711 069895 0E7E91 0D8E6E 0F557D 08BDF2 09AC43 0D4749 0D9676 0620E8 0721F7 05CF55 0E3F49 0A7905 0BB2A0 02B404 0D08C3 086A29 0642AE 0EECAB 1D478D 06E79F 0645D1 0BCE1F 056741 03D603 074C71 036450 0336D5
0F9592 071089 04E7B5 0B28F6 0EF139 0EEA28 06EEF4 0EBD20 06C172 02F394 0AC74F 0650AD 05B620 08CE86 0C87EF 07B747 0A8833 0192DA 097605 04E1BB 0EEC0C 0141A4 10F465 0A1488 06196B 079ED7 05774C 0AE356 0E9176 020A9F 0EAC0A 0CBB54 0473C3 014214 04124C 0E5613 0CF5DF 0C739B 0B5DF5 0F8BAA 0849A7 01033D 0A7103 0C98FB 007E12 0AB241 04DCF6 082232 048D99 095137 093D81 0205AC 0061ED 075D04 01B383 0BA2A7 0E74A8 0743E8 0128D2 00B768 0ED59D 05F7AF 0553B8 0192BE 0865F5 04EB7B 086C9D 07F283 089A92 0783CD 0FE606 0CEC9C 04FB99 0463D4 08F028 0E25F5 0C626F 051968 05862D 07F296 0C14C5 0B0CA7 0DDFD2 0C54A6 0B604F 02AD65 044832 03CB64 061AFE 0D4E7F 05F556 0550CC 0E3DDC 0C9A98 039640 04DB27 0F6EFA 057884 044F08 081600 0720DD 0E172D 07A71D 01B6AD 05AE35 067BF2 0A32C4 0292A8 04C88D 03A996 084D15 0651B1 067B3D 0308FD 0A829A 04007E 0FC91F 0F4FC8 002A42 0C876F 0C31EA 0CB4D9 06E676 0E36BA 087A7D 0D80D8 059A50 07A8DB 09E6D9 0317D5 060078 019CD0 07C560 02C5DD 014574 09D247 04DAF1 05158A 0B624B 0BA14B 0CE631 0A124F 0178FB 0CAC25 04AC09 0D1E6F 092407 01C070 0514EC 065ACF 0A0E1B 0C7FB5 00C2D2 028434 035789 0CD71B 06BFAE 0BE639 0CFED7 01F4E2 01BBDB 0128BA 0F133C 03C031 0B0310 0D6C9D 019773 0B303C 0B6BDD 03E7D1 0946EC 0F0376 07977C 021AF5 096834 09CC28 0E82EA 0C3C53 06DD3D 00F4EE 0F7C58 0E2198 0E8239 0BCB61 0DD6D0 069269 03CED6 0B135B 02853C 124274 0E75F0 00FD30 06BBF6 05AFD7 0B9D52 062AF8 068A20 04BFCE 0C1727 02C2BA 0FBBDB 00E641 07E075 06F6C8 05998F 0069F6 01E556 00F136 09F26D 0D3A36 031DA9 059B39 0A1E4A 0F1D59 0A3AC7 047A2A 015AF7 04059E 03DDB4 095DCF 0B67CB 0ECCC5 03D784 088BE7 080C64 01C955 0AD410 122B95 08B754 03DA6C 0FDD49 0229E6 025A54 0807B0 05104E 0B0A6A 0D12C5 0F825E 022D37 008B0B 0DBA84 001E92 0319AC 07B98C 04D711 096145 0C0E7C 08E47A 0A5693 05D2C6 072111 0728BF 008C6C 07EEA2 05326B 0A3DF6 02611C 0FC896 0537FB 00CC9B 05FFB4 06FF36 0B72E9 0F182C 0D682D 0399AB 09777E 07DD0A 0F2C1E 031CB6 07CDDD 076B27 023BBF 0E55EF 099470 0B008A 067160 0AE420 002473 0F8D49 080EFD 067D55 0888AD 00CF37 08C932 083278 0E88ED 04BB90 04393F 0585CB 080B7E 0472A9 05EA3C 0CF0FB 0434CB 05B76C 0564B1 0CD7E9 0897D3 0B216B 0A848A 075C2E 095334 050A02 0078D7 0E35B1 0FBA25 04B950 0A87C7 0DC93F 01FFE9 0D03FD 0FFA33 0DC8C5 0EB696 0CC829 0E3828 076501 0184FA 072622 0AB434 092B3A 0AB389 06ED29 02D4F9 00A6A9 086D38 0885B9 0B13C0 08DA38 05143B 0D574F 075A48 0A783C 0628C1 041387 09AE3F 0C442B 0A4919 0A0CDE 04AC9D 0917E7 08EBCC 04861E 0EF580 07A3D6 01DAAB 0D269F 09C7F9 01950B 0AF444 0EFCDE 0D8144 06CCFE 00BA48 0F1EA4 0ADF79 09AE30 0FF763 025BC0 0B40B0 082429 0B7D60 00F56C 00B727 058AA9 0FA931 040214 0F4234 0D2B48 081E09 050B14 0D4955 058744 00BB03 05718E 0E210A 0A294E 06FB3A 0993F1 04CFF0 06B2C3 04163E 0A3C13 0251F4 143AA8 0E153A 0B77F1 0AC2BA 00C3C8 00262A 061DB0 02EF3D 03E453 0A4529 0B76EB 042A1E 0712E3 0E1E9B 070B21 0A71C7 0A6D64 0E4FCB 0BB03D 08D958 0E545B 090C87 036EDD 0C710D 0833A1 068D64 067DDC 0D4497 009F31 0BD3D0 094F6A 018906 0ADB95 02C71F 0D4B85 09357D 0D026D 0D63E2 08A719 0088C4 06CC69 0EF1F8 092C5F 076842 052844 07FC6A 09F79D 07FCEF 08931F 0FBDAF 09AE66 0DEED4 020917 092F22 0A56F5 07162F 0B5DA2 0D5B95 018028 0A58D6 070D48 09D15A 0AB256 0E8E82 0C7FDD 07C14D 057415 004B4A 00A93E 005E5B 017F38 0A7412 04291F 0CD07F 093267 09610D 0824AF 0C8350 074EA8 050875 01E5A1 05031B 058342 005250 0ECA41 04A8A4 07D622 0461B0 070EB9 07CE76 095280 09CC46 06E2A8 01F635 008431 085E61 083F13 0778CC 018988 0F1E3F 095C64 062D70 01C70B 07700F 030DC0 07F36B 09522A 0B451A 0EDFAF 031B37 1363B7 0DE69D 0F946F 020952 0EBD1A 029B01 0B3E74 0CE6BD 0AC8B7 07025C 0F38D0 011067 09EAF5 0FCB8F 073B85 0E2ED6 0A1A83 06DC82 0B307C 0FCCA7 04E39F 03CAD3 0CE46E 00469E 0A6C8C 041373 01B8F1 03F44A 0A0C60 016B4B 0F4ECF 0DFC2F 0D4204 0A6F75 0B1FAB 0FCEEE 059CD4 0DAC3B 0A4BBA 03595F 03CD68 00E38E 032BD8 0BBD15 0B101A 0AC32A 0F2EB5 07EA9B 0CC8E8
0BA155 062EE7 084073 0D1D8C 0754CC 07FFA4 024F3C 0B8194 0ECD0B 066B13 085B8F 01ACBC 0B3A9E 03B05D 097820 032BCC 0BAC60 08789A 0ACE80 0A1614 02B1D0 0F1501 0D4822 01E8B5 04E563 0DC9E5 01CD53 0A8B3A 060358 0C52D3 0A92FD 020013 0A1614 0B93F2 0D4AB7 09A8B4 05F067 059846 0FA419 00C7BD 06DF20 00EEFA 0611A3 0F8F41 0EE7B6 059947 01B9E8 0BDEAD 084105 0DE117 0A44D6 00A464 0ADA21 098DDD 0F1698 0A62E7 0291C6 0FD7B2 062949 02E1B8 0C7C95 0F697D 08FF8F 02592F 0FFABC 07AF85 0C831B 09706F 01C31B 0386C8 0E1481 05F814 06AC26 08A398 0FE934 0C7073 09017D 05CFFF 0F007A 0203ED 070FEA 05CB41 0BCDC8 0C2E3C 0F3018 065CC0 068919 039BE0 00DE1E 05C6D1 012D25 0B7515 0DBCAD 04C4EB 09B18D 08F42C 009AF2 0C4628 0B3C98 0C4963 0DCDBD 0262C5 01D4C2 0E1767 06F498 0AE4B7 0875E1 0ECB36 078201 053E6A 06EC96 05A59E 083896 086EA1 0F2288 067182 06AB89 0DEC14 05FD31 0F9628 02458D 0F2E46 0D3AC1 0DA438 0DA806 0C04D6 08EF34 0F99EF 02853D 05B079 0FB50F 0CE5DB 0E934D 0C5635 071BA6 0C6B0B 033F2B 0A0C94 065045 0CBB72 197E57 0C6C02 0887AC 069766 039625 046B08 0ED7E5 0463BD 0E0715 0C0814 071B70 09286F 0EF088 049193 0B2E48 048D8E 0504C0 05BC1E 075CF4 0104AA 034715 024CF0 009CA3 05C5A9 0515AD 0949B9 0E74FA 11F834 0BC146 0A5024 072D91 031832 0027F6 0508F9 0A3EDE 1499B6 0FE393 0DADF4 074FF7 0408DB 096FAF 0449A8 0F72BE 0C4813 020354 031F84 0F1D39 0EE477 0E80C8 0EB1E7 0E6D31 00BDC0 090C49 0AD075 027E35 085089 0504E5 050B4F 0F7E15 04317E 0382A3 050FA7 0B18EF 073477 04BC9D 0E6AB6 02DF67 0DD3C5 002007 0DCC26 055E2A 0BBC9D 09244E 043BA6 04EF14 0A7430 077A21 04B45B 0362ED 06B853 0A5A4E 025725 0B4407 026EA5 0BC517 0170D4 0D3046 0B618F 096509 08452B 0DD0CB 0C0DC5 056E93 07EF34 016F90 0F0CFE 09F97F 0FAF51 010672 0C127C 0BD3BC 00369F 0954E2 0CB244 09E894 0C02F1 067087 00BA08 08B180 0BDFB4 05DF02 026D3D 0B0FC6 046650 0D3177 0DC819 00564D 00C60E 0B853C 01AE34 0AFD6A 085D43 0F214D 08ECB3 04D643 0D6CB2 08B9A4 0886D6 038CEA 05697E 084EBB 083B65 01E4EE 008D74 081D5E 0B3D63 0A3E96 0F8CBC 03F3FF 037977 00D8A3 0ACD8A 0B05F2 0D5AF4 0BA210 00CE44 0B9E7E 0A0A6F 0B0EFB 043019 0A247A 0CA895 06383D 0C22D2 061C2C 023269 08386C 03E1D7 04055E 012AB2 09E26D 01EBD8 09FBEA 086800 0FD050 005D2C 0C250C 031279 04D030 0478DC 0EE0ED 07A3E7 06FD1C 044B14 03AFB2 00FBFD 0853F8 01217A 06B672 0589CC 0B6C23 06A902 0392FA 0BFD10 02DC1B 0B76E3 0E2CBD 0D10FB 02A2B6 0CF525 0FF29D 02AC17 011B54 06E700 06F7E2 030BD0 0554F2 073447 0F3CB7 0C0371 0B8D78 0E821D 0A739E 087E5D 18D116 00B98A 03122F 03971C 0BF035 0762C8 07087E 0B3A32 09F743 0AC41A 029659 04777B 0EC16A 0078A8 0FFAA9 06CEEF 0039B0 0DC492 0592AF 0F7F58 05BC17 0B55CC 1CE77A 087632 0AC218 09DE1D 0E7791 0DA5E9 0CBD89 059FDA 0FFF8E 0B46FA 0D4D85 044963 059ABB 07B8E7 05003F 0F9B2B 02E50A 06147E 049175 0B5527 025120 0A96EC 0599F8 00DBEE 001A66 037E52 066066 0EC342 004178 0ABE9C 06DDAC 0DC8BC 0778E3 02046A 024DA1 0C30E9 0966CB 0D3AC4 0FE5D7 01E6A1 08F465 0728BA 0622F6 009FA1 0D82F1 0259E0 0771A0 0B0906 08552C 0F30C6 1D1BBD 0EA589 02E660 0C6058 0AE52C 0DF0DB 0D6320 0D4D44 0B7AA1 086834 055783 0F24B9 062F19 0BB8B9 073A19 0AC702 09F640 01464B 0EFC7C 0F8216 0A6701 0AD28A 0ABF77 08A2A5 0C8FA3 0CAA1D 0A78E0 04B90C 0096C0 02968D 09A337 0BE197 0CCEA5 02589B 1D64BE 01350F 019A51 0AE0F4 0D9B39 023E79 06D7F8 010384 064B01 0559F2 094884 06095E 04EDEE 055A1E 0CDD93 0764B8 0EC0D3 0D6BB8 002FC6 00CA60 0AF093 095212 04B0B0 0CEBE0 0AB4CE 07EC46 047DCF 0955C7 039380 042221 093A9F 0703EA 0C5E2C 06637A 0867CC 0942FF 02D6C4 01AC62 027C9C 0C1105 0FBA9A 077BC4 036950 0EAE7A 0AEFD4 0C7FC1 05CBD1 09C848 0A188D 024DE0 09AE25 01BECC 08A586 087ED4 0F9FF0 05FD98 075013 0DB3AD 0C065E 0BD140 083F6B 0AAB07 07F724 00EA57 02C92C 01172D 052B6E 0665DF 0F205F 020350 0CB496 079500 0E5703 1968B0 07F04E 0EF82D 0FFAED 05D9BF 0A589E 05EA5F 069F66 0F0EC7 0D4F99 060CBC 023C5E 03BF59 01E7F8 040E10 03C82F 04A1E1 097569 042455 02120F 08CD62
0BCEB5 031EA2 09268F 0BC676 0F1AFA 039369 00906F 0099B9 0D8280 05C939 11A48F 08F54C 0E4FA4 0222B1 03E61A 10DA34 00FFD3 037BE7 02A4D4 0C97DB 0E0FBD 0488D1 09DCFE 1C96EB 0FA42F 020661 0DA5CF 165AE1 0C3F33 08490C 0D0FC1 02BAB5 0BAFBC 083A03 0C5C4D 0465EE 0D746A 0FA7A9 05E5AC 024FE8 0CE185 067410 0DFA0D 05D88C 0AADC0 09B05E 0F8288 005D05 0D0113 0B7C8C 0FA4E7 040669 00CB4B 059BFA 09753B 0764AB 054F51 0C412C 07ED84 0F865F 0E61E7 091C82 08E7DE 0D32A7 02A0C0 0B9D09 0B5CE8 08E846 0C002A 08DE64 0DD929 0B14C0 0DD8CC 0DD17F 056A5E 0DDB45 04D7A6 025CE6 025963 09EF74 07132C 036F58 013B54 09B2E3 0354A1 0208BA 02B2C7 05C42C 0E3215 0647FB 03709A 04B118 064573 00583A 02A411 09DA3C 04719E 170F36 0577D9 084F23 0D1BF0 0D9DAC 0CCCC6 0825A6 042A7D 09E2E0 0FB13D 0B0080 008461 055BA8 05FD5C 0D7972 0473E5 07D9C0 018633 0C64B9 0CA4C8 0BB1BC 081CBD 05D87E 03DE2D 02559C 01B0B7 0CE9B8 043F7F 00F6D0 0D18D0 04BEFF 0483CC 0B4562 08A720 033F46 05F3D3 014CEB 03091F 096E44 0B427E 06E1C4 088EF1 010694 09E1C6 0C4E18 05B9A8 03CB8C 06F612 04DAEE 08ADAE 0314B9 0985A7 0F4E67 03DA38 024CC7 069530 0D5BD5 0CF8BC 0E9137 04EB90 00D774 0CFD93 08C142 062059 09E7A7 0E35DF 0B6AA7 0B5FDF 0BA168 0083A0 07848F 0A2DC8 09CFCC 048492 0D0A17 038825 02DB16 034FFF 00F6C3 0E91B4 0D0021 05ADE7 096F71 003C29 02B08E 0B15FE 0FA9DF 010D2F 082188 0FE18B 0A86D1 05F0F1 0DB716 038CC8 0454A0 069155 0DC907 06B49C 0D33ED 004463 0D08CE 04617F 089276 00CDD5 023106 0CEBAC 065DC5 0F6140 08028A 056F32 0CEB3A 0AC898 0422C8 04A8B1 012C95 01AEE9 06CB50 0E8DAF 05598D 0728F6 08EF00 065960 03AE3C 0C6BB1 0AEDFE 06FE20 05BDBA 0321CF 0F2B91 055F45 020EC5 0982DC 08760E 03973B 04E8AD 09CAA6 0351F6 0A8FDA 08DEF8 0A9E49 027BE8 08EDB3 0BFCBC 055F76 09CC68 065793 0CC866 002915 039949 0A4E0B 0F8681 090CDC 058C7E 088325 02ADF1 023BB8 027062 0B0C16 082D18 0DE870 0DF061 0DCF1C 0CD84D 008702 075B8C 0B7C81 0ED18A 0EA00B 0C182A 034D14 01DF3E 052F89 067625 07545F 0B2171 0B436F 0B2767 04F6A3 00E575 04D2A0 0FFBC7 0D477C 064377 004F4D 0742BB 0D69B4 02D63F 0FBF09 04F056 09FF10 085639 0FD803 1BFCF3 0A3337 036923 0FAD16 086B0E 08BE42 0FBC8F 01136F 07918F 08EE8C 0FD822 05074E 0CD7CC 0C834D 047FC1 0A1917 084C56 0FF829 03BAA2 05C3F7 09AF2F 0CCEDA 09BE60 03DED8 0A18EF 080D7E 041D5B 08FA35 0BA326 0E9BBD 0C84FB 071272 0C94D1 0F5A31 0C4BD4 0C83E3 072E54 08E47F 0CC947 008029 004A7C 0EA5BA 019679 053D86 04330E 0E92B3 0F486A 0A5985 02A66D 0612FA 0629C9 0038A6 0E4C87 0FC97D 063255 025845 082BEF 03EFAA 141942 0EA473 0AE8E9 03F36E 0A6CFF 0EB68E 0106FA 09F34F 0D2A18 028FA3 025F5B 03DEC9 00D9F4 0E0C32 0C8D89 03C59F 0218B4 0F077B 007357 07D522 002D35 013DA8 013C6D 07E270 087E83 0863B8 0A45C7 075113 063EB3 0E2308 04057C 0BE53D 0187A0 0C66A9 038D31 00B6BB 032187 0450E0 0FBFDA 0E438B 04B565 0EC5B0 07664E 0633C6 0F2443 01BF81 06A063 0D5F9A 04A5D8 0DFDE5 07B69B 08E04C 02FDDD 05632B 095956 01FEC0 03CB5A 0C5B45 02A932 044126 039C86 0EF16E 18ABC9 074997 032B01 0181AD 0AAD3B 0AEF22 044176 0EEBFC 04C91E 0DD212 040950 0D5345 01E388 0205DB 162378 0EAE44 0A8B65 0AC276 0F56EA 02CAAA 04F9DB 0ED387 01800F 03170E 013654 04463E 086700 0870AC 0A28C5 01F57F 093DF7 0D5FD1 03A241 0BE3EE 1DF0D4 097A41 0F8F59 0F0DFC 041810 0EB5CD 07426C 087FE1 0C8E1F 0F13CB 0F9CD5 05E9C0 082630 06D1FB 08433C 06EA19 0D62B1 0FCD04 07B4C6 092B3B 095055 0C70B4 049739 001399 0BB00F 0D3533 004A52 085842 00F983 0E45ED 078B90 04872E 045D2F 0EF7B5 055343 0CF3FA 09ECAA 0293AC 041DD7 055807 09DF63 0A748B 05DE59 07AED6 032619 03E29C 01893A 0B829D 0BE61A 05316B 0B49AC 0A61ED 0D3BE7 0D8A38 0CD6A4 06A256 098393 09BDCC 098F52 050059 1DF832 036534 05541D 061614 092AE4 0D6273 093E53 000D40 0381B9 0D8202 0BC797 0705DE 097EBB 0AEEBD 04225C 022AB1 046B53 090C4A 04E6BA 0D5946 006B4B 0AA543 0B33B2 0FCBFE 001368 061246 0A4649 02FDBA 03BAAA 0D8AFE 0B7938 00599F 00AD2F 03D549 06139B 035E17 0E9172 0D122A 035369 0A3943 0096F5
09CF04 01CF46 09FCFC 0EC236 0AEF14 0A839B 001D6F 0A6F73 036BC8 0E5121 0C82FE 05D33B 0B2527 0189F1 001FE5 0D4943 012D06 0BCA56 0B21A3 07A97E 024CFA 088975 02F1AF 00B631 071C53 080F6F 09C301 09CDEE 0C7643 073A7D 062D82 045B9E 050A17 085DFE 04F268 09ED06 0829E8 011C9B 0C4693 0371E0 0AAAD0 0CE0AD 0BEC1F 023FC5 05C3DC 0B7236 047CD3 102728 039366 08379F 0773F3 0360A7 0E4C56 0AE97D 00B867 087631 0B6D2A 06E7A3 04AAB9 0FDACC 0BB86C 03F82F 005B7E 052854 091D95 07E03B 074061 0103D5 0FDA56 07BF83 07ACF2 0E3AB1 06B0B0 0C69DF 0DD105 0C478E 0E6875 0364FD 0252CC 00CE8D 04AEED 0BB615 05C8CD 0FCAE5 09D0C7 04811E 080D64 0981AB 0088EB 0712BE 0AF67F 0498DE 0B8BC4 003D7F 0E9066 09DCDB 0B263C 0CAF46 072D56 0EED52 0E23A0 07545D 0EE07F 005C3D 0749E8 0264BD 0209CB 0D240F 0B17AA 0BE505 0D7164 03A612 0D2B50 08A005 0048FD 090787 00AC0C 064FB7 01CB61 0E92BA 000990 0B804F 00F9CA 050A02 03A470 00E6C7 05CDFA 039CBA 0EFC20 01A588 07C602 068D25 0B18C1 06444E 01DD8A 0A4DFE 0AEC63 039DAE 0FD00F 07F434 067A49 0CAD82 0F7168 08A7BD 0D08F8 005A6F 09F022 0B5206 078187 012960 003DBF 0BA1F7 0F2499 079B23 05F05A 085663 06B48D 0CB0DE 0E9292 15D62E 033A88 0F0BFA 07E303 00620A 030CCD 0F5D31 0014A4 0296D7 0E3CFB 0B4019 0C1DFD 02324B 0312A4 04C51C 0E5CBF 0F5219 07C983 08B76D 0B0CAC 099969 0CE929 01DE93 07D7C5 07B93F 0CD71E 04124A 08AB5B 06E648 0A6AA0 04D258 0D4310 06B30B 0A25CB 0FBFAE 009F13 09D900 0D3BE1 0AE6D5 0C5FA3 09D5FC 028803 07A8F8 070F7B 0B186D 0427A7 06819A 04D24D 0518A5 008355 0166B1 0005A7 0B8406 026607 0203E0 0AE12F 02BA04 00CB18 049D38 0E09C7 006DD4 11C80E 027654 098D60 03E9B8 01348C 08145B 0CFB40 09B435 0B95FA 0BBDA6 09CF0A 03DBA1 0B145C 0B6036 008077 0FFAA9 08E3D6 09C598 05C192 0DE4D6 0ED111 093DFA 0CF09E 00FEC1 0C72D1 03214D 095971 0995C3 056939 04C155 0589AA 0223D8 0C8CC0 031E2E 0FBDDC 0C452E 09E9FD 09E61D 0CA328 0632C7 034668 0C2760 0ABA0D 0A702F 0B5A67 01F625 0CD537 1FA59F 01BE4F 040659 0FF1C8 09C4CE 054E5F 05FA1C 0485CB 03A936 081898 0E7955 0304D3 085315 0F2607 006D19 1D407B 0E384E 0FBC35 054BEA 0E8E5C 050EC8 0D5673 015E06 097F26 0EE556 0B5FB6 05CD58 06008D 05D812 07368C 0B28E4 053245 0F29D4 0ACCC3 0C2721 0101AE 0E1284 04EF32 0A60C5 05467D 04DEAE 091348 00AD1C 0608AF 00DB46 0EB9A7 003E5E 0E8F88 0222BB 049D54 031448 0D8A4D 019B3A 06F78B 0B06E5 0C8C42 093547 054330 0E2A26 097427 0D1A17 004AA8 0C3E27 0C75E2 0F356A 051800 089DD3 077DA7 055FD7 0454FB 0FF71D 034A05 084195 0AB3C9 0830DB 0C2871 0F6CFA 048175 097F29 087853 015F1D 07D086 0A40BA 028180 0B5DBB 002765 0604FE 077700 040AA8 03E228 038FC7 0CD56E 01A0FC 0D6AEE 0C6F22 039C8D 06272F 0EE180 015F79 0D68BA 13A9E5 0434C9 0B6ED6 0C1B71 064E75 01A905 0EA7F1 0E0003 088E86 03C77A 04E754 0E6BE8 079F43 0FD2E2 0785BB 119AFF 046094 0D42D9 087C5D 0E21E3 090049 0B2B69 0A84B0 0260DB 0631BC 0E3115 0DF91D 08452D 025B06 143C91 0F6363 0A19F7 0477A0 018A30 0C77C6 023187 046EB4 00F59D 07A569 011F28 0AABEF 031D04 05A5D2 0C0DA6 03D72B 088449 074DB6 0411E8 0B1132 02FAE2 019C57 0CCFD2 040035 008C0F 08CDB5 0DC50A 01CC69 0DA3C9 0C7065 069D3D 0FFDBF 012BBB 0C7C0E 04C5F6 029C42 02C736 0EC490 0227C0 04A49F 0319CF 0D6805 03BBE5 01EAF9 069EF4 08FD04 087EC5 02398E 03441E 0CC5D7 0BA27C 0863B3 05F7C8 0A9B6C 0AA789 0F8066 0759CE 044F36 0C86DF 0E0731 0D1001 0B9DDF 04653E 0AEF19 08A11B 0DCFF7 0A67DF 06E851 09F262 0748C8 067156 07B4A2 022018 0A51DA 06E1FC 0F2AF1 1ED6F8 07DD58 04BEB3 033EE1 0E712D 03B588 085CD0 0A85D6 09F1FB 0109FA 10DAD3 0071CD 043285 030277 0DCF76 0D33D5 0B9781 0953C9 0252EF 0AC0B2 04E5AB 0EE3DD 027048 0CFBB5 04757E 07D46A 02E622 0E48D4 058297 0EC3B5 0D944A 08EEDC 028CB8 01B644 0EE5BD 0F1C58 05CC0E 0C9F23 036292 065FF6 0BBA58 0FFE4A 0962D0 104EE5 0D5D94 05CDD0 0541F0 089494 089432 0C43FD 022611 0FCAD3 0282B9 0FFC39 059962 0E9FDE 03BFDA 059E64 04F5B2 0123E0 0FFB70 004FCE 0F2E80 034531 0348CF 047EDD 01B9AC 0D5181 08FB93 095D47 020AF2 08A8F8
0BED71 04F81C 088588 068679 02467A 028445 044368 0A0A3D 0B3502 00A836 06EF0F 0E73EA 06D370 024E19 079B6A 07D220 009780 0E9119 0D2EEF 0A9504 072329 03EC97 04257F 0CFE34 00AEFF 0A0D3A 06A9F1 0BB1B6 0C3AA4 02620E 099CA8 0347EC 0A992F 0C9813 0D49E5 0FFB04 08A0F6 0202EF 0862F7 0E4539 057A58 02A09A 0AE200 0D1714 0DF5DF 094539 01615A 085986 1E6475 09E6D9 05F648 0AB666 01C001 09D8C9 0C12C6 09D792 0FA57B 0B43D8 0040E8 0F92B6 0EBBB8 0A9A7C 0C4AD9 093DBD 03A311 0C2FAE 032FA2 0CCBC7 092425 036AD4 0F3DF8 0841CA 0F86D6 00CCDC 0C566A 00A7D5 030EF5 066248 001031 07C0F1 07820E 03EBC5 0C2B1C 086263 0FFD5C 037C02 01A4B2 09F10F 0031B8 0E7030 0E56F5 051EDB 03813A 0E1EE8 0CCDCD 095905 0886A1 043349 04A05A 03BBDE 0764BF 039164 013673 00477C 0D7ACE 004BF5 0D08D0 0D8000 01D463 02E58D 011A3E 012EB1 015032 01FA59 0C0CD7 054A88 0C7B2E 0EF6B2 0D6B58 06B872 0040DB 0B46D3 0B0C96 0DBEF7 0D5934 0E2D45 0670D6 0F2877 03485B 047289 067BAA 0D62F1 02A8F2 0F269B 0F9FCB 0CAB76 111308 0CDE39 0428A7 02DDB0 0E322E 088810 025FA8 06B479 022422 0C6FD8 0EF843 0AC69D 073B2F 0724F6 0D7665 00815F 022B9D 02DBAC 0F8079 0E6183 08C7AC 031727 0D3139 0E6720 044643 037724 0FCD0F 09BCAA 06AD6B 005FF5 017473 08034B 07D448 00C4FC 0A3243 0DB16C 057308 0B779D 034843 0C7382 0FE7E1 0425FE 028AF2 04078E 05743F 0B1F46 02CAEA 0F628B 09B126 058A41 0E7FF0 0B2CBA 01D692 044638 0D72C8 093843 0070A9 0EE877 0F71C0 0D52C1 05DE57 0AF8E7 02CC5E 0D1C91 0BAC44 0B9528 0DDE91 078141 08E934 0504D6 04FD80 0B2FB6 00B746 0EC4A9 021C74 0C5505 0814C6 0914C1 025206 0582EC 0AFE56 07D8FE 003BB0 0ED0B8 0B68DA 032049 031C5E 08AC06 0380A8 05518A 0BC98B 058846 075EF0 0E0E38 088CC8 06BCCD 088433 0EA9DF 042B62 036F1F 064628 0346C0 0F0E8C 00777B 0DE101 0663AB 02D320 086B98 0BE1C1 0F3E19 01A8CE 0AA27F 0E6047 07D06C 024B81 058ED6 00ADD2 061794 0FF6A9 092615 0282D8 0BBFD1 0BEED0 05092B 09CABE 07F1E8 0B7E87 0D6271 0689CD 19E28C 0CD44A 0D977E 042F03 073B6C 07995A 02F32C 09A8B6 035BED 01E51D 0E3660 048C62 0155AA 080D42 0D69D5 0AE8D0 0B440D 0A20E0 0CF2BF 0B14F0 0D3CE0 02E7B5 017502 0AADD7 094214 01CAB6 02C4C0 0FFB3A 06C6AD 03CB3D 0EDFB7 03D15A 03BB68 06EE5D 03F31B 0FEA6F 0B8AFF 001BA2 08B8BD 0568E3 06DF02 0A8DC5 0CAE90 0EED6F 03AF49 0210A4 095341 07245A 0FD45B 0AA9AE 06B164 041224 0C4B4E 0706D4 073343 1E93D0 0CA849 002533 0D7B8A 067577 077F3D 089CC7 0E8166 087F04 00DF9C 024EF2 0562E5 0971E7 02009B 0D08F2 045C02 0D90CB 011B58 003DC5 0BAEB0 09D55D 0194F7 0693F6 0A40D5 003ED3 09EDFC 0F65D0 0FD33E 038CA4 0BCE52 0B2506 0C83E6 03A731 0A577B 0B9BDB 0B304A 099C46 0AD046 04AAFF 082FDB 0A5F19 0D46C9 0B3EBE 0142B5 0B3152 0C9EA3 07B67F 0331F9 0AD77A 06A18E 0F374B 095394 080C5C 04D838 0CDB39 020CC1 0A48AB 02D9EA 059D99 0E816B 0AABA7 0B2B01 0EFAED 09D07D 0D4969 0B7EAE 03E68E 03D979 077639 0948FF 0FB4C9 0A1505 0D8B9A 06DDF7 096964 0FA6AA 048AB3 016AAA 0DDED9 0BE34B 0A63BA 076C70 0F042E 04C359 0EF402 022577 0E55CB 0995C4 036C6B 0ABF48 099CB2 017FBC 07DA62 07CA4D 0A8B00 050EDF 0FBEC7 0F944C 0E4313 06BDFA 020C40 0CFC47 0991A1 0F3A4D 071EC5 08AB01 0EF8A3 0FD254 0F55CE 02A9B3 02DF2F 06870D 017671 079C64 0CE247 034394 0A356C 073D47 056F62 04E9F5 0D9C12 0E5FFC 0A2D00 0DD679 0DBE20 040C8B 06318A 067F62 0A119E 053C10 008866 00FF19 040D4B 0786EB 0D94E0 0C1F8F 0A8F84 0CCA18 0FAD3E 08D9CA 0C23B4 0A3992 01A9C4 0A0024 00A23A 047DCA 0B9830 07C735 053695 0BDD4A 0738C0 08FAB6 0006A9 004650 08BFAF 083EB7 038F6E 03FEBE 0A4231 014A94 015D41 03383D 016C0D 0B4EDD 09C66D 014B66 0CB911 0F61D0 0FF4F7 0CE83C 06CE8E 02975D 0A04C9 0A6FFC 0C5DF1 045CC4 066A9E 09EC7F 028D58 07FCCF 067479 02CC20 0E715F 0760CB 08764F 039B22 0F23F6 0C4395 0FB3D8 043899 05DBB8 083E20 0D6B69 0DC5AB 08B34F 0576F6 06E769 06FC34 07D19D 090D91 0DCA66 091F92 0AF532 00919A 0ABDD5 0FC3AC 036479 10F5D9 0CC191 07F996 04B1A3 0A5F0B 0E771C 0E6359 03CB8C 01DEC8 082AF4 0DECA5 0209FB 07EE57 0ADB32 07A9A8 02C42B 009073
04B916 050D27 0D897F 0DE6F8 0BB489 030799 0B24FD 0EBBE8 0A2440 0ED823 03E97C 0B7058 052715 03B9B4 011A5D 183A4B 048C1B 0BC673 00377C 02B275 05E3A9 029250 06744E 0A8997 09321B 0AB005 0DC2ED 0DE549 062BA4 0B17AA 072AD2 05F042 06403E 036C5F 05E3D6 041580 0A1A6A 0FE925 01457C 083F8C 0E93D4 014F97 0F7AC2 0C548F 055DFB 07B675 0F96A6 0E6EEA 0BA33A 0D72AA 0C98B3 00E77A 067AA5 0E6D1F 07A342 07EC94 05B2D1 0E2F2B 0425B4 02F555 07F4F3 086029 00E669 09E275 0E6CA6 0E64D3 0D5628 0DD27C 0A133F 041168 07C06C 02177A 053BBD 0027A4 0B1449 0A5C94 0D549D 0F15EB 09835F 03A262 067620 09080E 0C4ABC 0C6954 02A014 0E1624 0B21B1 048426 0D2825 0AC23F 0C7F01 031C42 0B1EB6 03C11E 0DD3DF 08D629 096EB4 042E33 0694B0 09993B 01204C 0927EE 0D3928 086956 0C3FF1 0944E1 0A3661 08AE0D 09168A 04F80A 07618C 04032B 072790 09C164 055648 01E607 01228C 0269FE 0938EB 07D1ED 0351E5 07252F 012199 064DD4 0B831D 0C8745 0BBC8A 056F21 0FFDE5 1AC380 04224D 01B0A1 09344F 0271BC 0A299E 038519 0C3241 08158A 06F15F 0C717D 01C08C 07A867 08F458 0AAAFA 063651 0144FF 03D628 04AD77 08107A 06D2E0 034BC4 0F308E 047F7F 066B4D 01F643 0792A5 0FB4ED 00B459 0ECD62 0B6474 0B7E6C 059901 084D28 0E1ACA 09CE6A 077888 0E51FA 0120E1 117BF7 0BE761 09BC95 07DAF8 0B6574 0C4497 0EA4F7 05AED1 0D5E30 0EF8AA 0ACFBF 0A7B8F 0BBAAE 024CD7 02B8F2 00952A 024C2E 04FEEC 0CF1F1 04C817 0B57EC 0D2BD3 0811CB 0960AB 0E99D4 005383 00CC73 06B1C7 06C87D 09A62A 0A77E0 0C61A3 03A128 01A355 01CAFF 0139DF 05600C 071353 0AD6D9 0ADA87 0016D5 031970 06A383 0E78AF 08A99F 0AF871 02E6F8 0C9D47 095917 080C7E 0150F5 05C481 0A8B46 08F1EA 03A29B 096B27 0DBE57 0BFDBD 002609 0785BB 027F1A 00DE5D 0A7BCC 07440E 061FCF 00D8C2 08130C 09A4E2 0005EB 034059 035983 0B49C9 06FA39 011BD4 082AE4 07A657 04CD64 034339 01A220 0AA90D 070A31 03F8D8 07AEC7 043181 086B9B 0C5271 1F4246 07A45A 01E929 0A1556 002D54 06DACC 08C68B 03F58A 069D45 0D3074 0FD040 0E8EBF 0A94EE 0442D2 013FF5 0743CE 050E94 0CB7A3 0EBE54 0540DD 0EF4F5 093E97 0D1B93 0202CA 0A83D2 01EFAF 060FEA 02651C 0BEDA0 0B138C 0FBFE7 0DB033 03D705 041E73 039608 074110 076FE2 09BB0C 044193 0FAFDA 0A1DFB 0A2BEF 0F3310 097E47 0E11F1 024A16 01D956 00A177 08E732 0817B1 03FFBC 0B0842 07B643 14EFEF 00B15E 004B88 0A8277 12BE9D 0B4411 051E25 0EA820 00B7A9 008913 0F0C1D 0AFFEB 04F014 01A793 06F962 0678E3 02E225 09A28F 0479B4 0F5FA3 005F74 01D4C1 0229DD 00A3EB 0E2D27 055F6C 0CD63F 0B444A 085EEB 0B686B 004A2C 0EAF0B 0BCC8B 0D6DA7 02FF9E 0D58F2 07ACE2 085BEE 0E45FA 0C4DAD 0939BC 037343 09EBA5 0AC861 012C41 06EF2C 0854BE 053BD1 0D941D 0DC7D5 0EB66F 0E2CFF 0CF3B9 0498AA 09D218 0BDB52 0FA8D9 0D7A5C 0AED5A 077BA0 0DF4E9 009982 070A05 0560E3 0B2764 006EC4 0D44A3 0D06FB 0FEE7A 1F1900 0A09F6 020892 0171E0 0E31E2 0CA0A9 0CBC41 0A1D59 081B7A 0EFA69 03EFB1 039050 057894 004167 057DCF 01775A 073EE5 0FAEF7 036204 059EB7 016EF0 0BB2F3 05E569 020B76 03B809 0768C4 0C9D4B 0FA878 02C7B3 0E9FF8 01C8CB 09924B 041FDC 08703A 0D57B5 044E92 05B14D 03A92D 058470 05A78F 05276A 005CC8 0C070A 07222E 076018 03E36D 0437D5 08396D 0058FC 031730 09EEFB 006382 0871E7 0ADD16 03E799 0A605A 0FE86A 036BC1 0361FC 06F3EA 077DE9 0456E2 0FB508 0FB4D0 05B6A0 05EA18 01FA72 057C93 09E944 03F58C 049777 0485F0 0804BF 0F889A 09F5CB 06B0AB 025376 0950E0 0F08C6 02B01F 095907 074224 039B6F 01DA1D 0F4BD8 075362 0B5D59 08A4CB 09A49A 0FE19C 0C33F4 0B5D96 0D2B50 000187 0EFB55 0E6515 0A8F07 06447C 0A8B44 065957 0C3EEC 05E0D1 0D7B69 09A14D 049A31 0AE18F 0D841A 0C4FC6 028A56 0EC7C7 0CFEF9 05717D 0DCBE2 065AF6 06A053 020E29 0278EA 09122E 0983F8 07D2BA 0493A9 06812C 04F160 0DB03E 098819 00205C 0ED60F 0AAF96 0592FE 047687 013439 0B4FB0 0723FA 0C48E5 0A0187 04964B 053277 0CF8E1 0DBA06 0B3219 0233CB 0531B7 0FADFD 0E9170 022702 019CBC 0B1512 0C5F63 04E2BA 03F786 08EAEB 0A49C9 0B5D53 073B24 0DA4FE 057E14 04583C 04F5C4 09E21F 0429AE 020648 0ABD9C 0115E7 0C606E 0A6913 049ABC 081646 059151
038F45 014734 04895F 04559F 0DDB60 1D4E12 0A8214 04AE8F 033A05 1BABD1 050B14 0FA4B6 0A2F9A 0FE116 04ACF2 024B12 017C1F 03D4BA 05B1AD 0511DC 0A20CE 03F9EE 0F4685 0141CA 02376C 09CCCD 0E0C22 08AB83 0BA0DE 04B6DF 09BAF2 0D28E8 0BDCBD 0D9DD9 0DB582 009F31 0B29A2 0FBA07 0775B2 15E0AF 014DF6 04FCB3 07E7E4 007621 0F1EA5 140DD2 024426 0DA5B6 05C8D0 0678CB 06C79B 041B83 0EC67C 0AD364 01F344 0328B4 0D7741 097800 0D5EB6 001A09 02C59E 02AEDE 09721C 0A8B07 0A03EA 079071 0CEA14 02CEA6 057DA9 018D5F 047928 02B712 05F139 0C9A61 0C15ED 07452D 02D83A 09AD3F 0B4A17 0078CE 021682 0E9423 02C412 0193C9 034B6D 0F3429 04D3D2 07297F 08E30B 0014DE 032BA7 02786E 07471D 0C830B 0676ED 054E2F 0C3447 0C8D76 0CF494 008DB5 0141BA 038CBC 036E98 0C1AF3 0CBA27 054267 050590 060174 06794C 0B9DC4 0D1573 063407 0BFA41 06A2A9 0C08DE 0D1E96 036695 09CD72 0C4D3B 000598 0F6CEE 03AE9E 0401DB 0E0CC9 0847A3 0161BC 07C28D 08072A 0113B8 090945 0A909A 09BA85 023A58 0D14BD 0114E9 06307B 035921 016884 0C6CD2 028536 084EB8 0A1A10 037062 07AC92 08651C 0F8481 03D74A 044EBA 0220AD 073ED6 0EB014 05B1D0 0206A0 00613A 0C0803 0A8B59 0C6A4E 06989D 0D8858 00D03F 07E6B0 097314 0EC0A6 0CCA2B 0824CC 0F8D3B 0629AE 05DEEF 0E4B09 02F901 0DA10C 01A36E 01CD06 0DD83F 089883 0AE07E 013E05 01A0C6 01FD43 04DA9E 02BC17 0153B1 04553F 0CF944 079173 06C086 03C956 027644 0B02C9 077212 00B678 0AA980 0B9DEF 0BEE0C 0DE4FB 087AAA 05553D 09EF93 04D9AA 010202 0E1927 0DEF14 0EE238 0A6822 0D90B8 03B526 0F3B61 00B209 06314F 0C1F2A 0DC0D5 00640B 089DC1 051C3A 0ECAAF 09DEA7 011D20 000FFF 0D739B 073DB2 0B0A20 06ECB2 07A8A1 053550 0249A0 0631C0 00386E 05FB0A 014791 0DD4A3 0B4822 062287 0DA6DC 025EF4 091947 01E0FB 0A1BDF 008B42 08190B 072D39 0B2E38 07ADA9 08DE52 0B9E32 0E6F84 03CFC4 055889 0C1AB9 005E8B 0F324E 097797 096C4A 05C70A 12C272 06D932 039C02 08289F 0F8528 14B4ED 0123F0 0C4182 06AD0F 07ED14 04DAA5 05BF2F 07EE85 0A8558 08ED9F 090372 05137F 0F7558 0E02CC 0DCA09 058154 0961C3 09013F 0E6A05 01AA6C 0D92A9 0F509B 001359 06FAA4 05EA78 04B265 007581 0C7548 05EF24 0B4FA4 066D93 07DA47 0C43D8 07A643 02FB8A 0FD64A 085C53 0F0E16 08B9DC 09FF66 0C8E3B 0983FD 0FF61D 0FD68E 0ECF09 09678A 00215C 018F17 0F74AA 0EEC4F 0DD04B 07926A 04D57D 07ED10 0A2022 05B063 02A30E 0605D4 09C44C 02228B 00A32B 0F5665 09D080 0CACB4 0C0E08 0FD7D0 07F067 054C37 0BCD64 0577BE 03D6FE 0C6609 0B6B27 0FE784 115FD0 034967 070EFE 0EE596 0211AD 00CA46 0A6AFF 066891 02713B 0DAE46 07526D 06EDE4 063F29 09C5EA 053AA9 0F1043 063EA5 0D1DE2 0F1A00 0C155C 068AED 00FCBA 0A2483 027390 09B3DA 050599 0B1B21 0664B8 0E74AA 0961E4 0B3BFE 08C37E 0F82B2 0E139F 0E3053 007620 0A10AF 0F60AC 0563F3 01373C 0B9365 084386 02A68D 0D2A8B 026263 068F13 0D3236 0EEE86 04D515 05D8CD 07ECE8 06B22B 0D5281 0D900A 0ACFB0 0D4872 064FE8 099CAB 0E2618 0CD1A1 055578 09417D 00DD94 053A52 0B3E0F 03510A 0EFFD1 0D4B8F 00BCE8 089F83 0754DA 0497F3 06EE37 0A071C 0BDBE6 0E7A36 02D5D2 042B64 0E0C6F 0CAA6F 039598 010B6D 0FBF0B 0FE27D 1E1B29 007D27 082819 057C37 018999 075923 027DF8 04AF44 0B79A3 04EAC2 0C1AA1 04C421 00861B 02B1CB 0A309B 0B8811 0FBB06 0D8B7F 040022 0995BF 0CD270 0B1E38 0CAED1 01BF85 04EE38 03AB65 0C82E7 0E852C 06662D 0996D3 0FE5E8 089C70 0E5AAF 05E118 0CFD19 0CF6B7 07C8D2 08215D 0AD6F2 02C01E 003C0C 083099 00FBFE 0A40A3 0BE735 054DD9 03250F 0719D3 00FFC1 0F8FA6 09CC17 022812 04EF2A 042A6B 08DAF5 0CC098 0F7E43 0065F0 0302DA 01BB8C 009484 0CF9DD 048C58 089458 00B46A 053DED 05015D 08D287 058AFF 01979A 0416AF 0DD84F 0E80A3 01577E 0F2811 0047D2 005FA6 01E1D3 03C499 0074B8 0B3CAA 04C5C3 0F83C7 0F549D 078E2E 0FD3C4 0EDCCB 015A5A 095A35 038719 0072B6 1F2502 012331 08CF64 01F7F3 04AE76 0D4B9D 0971B2 02CE73 0B876F 0AEF33 0FF431 0D1E5F 0E308D 03C84D 0D3CF1 0E902C 07444C 171D05 02F25A 0517A2 0DCDF5 03F257 0747D2 0D8E3D 0297FE 0A7A66 04A2C8 05D602 051665 071C1C 0429C6 01C239 02FBB7 0C9511 076710 0632EE 0405BE
0400BD 0C7C5C 005FD3 03B145 0DD8BA 05D6FA 1D4C82 0FD332 003E4F 0E4126 0DC084 0B874A 04B43C 0638C0 0073A8 0E0B4A 0E7832 01DF78 011BB0 02C537 0964E3 0E4E11 08FFB6 00FAF6 058AE5 00B055 0B96DD 09E317 095641 0112C2 0A719A 0550AC 067D84 05433D 044F47 0D79C9 0AC48F 0D9587 0F3802 0256FA 0A7C89 00F3FD 0E5A0F 007CE1 0D8F26 0F32B9 035638 0ADB2A 02EDD5 0B54C6 07797D 0D3873 0A5147 0B5611 056E37 0572DE 06FA5E 090574 09404D 0AB56E 0D22C7 045531 02D83F 059DF4 09813B 0D3DEC 075D07 02C836 02CC82 0EB4CD 00F6D8 005384 0A2743 0981F4 0197AE 04A447 00D784 0E9608 0D4A60 019E60 19C79C 0520ED 05237D 0EA56D 0ABD80 0C949C 02A57F 06D406 0F9F99 034FB4 0D4DA2 070412 066C90 0183B7 07CC0D 00E5B3 025FC1 0B5B40 05324A 0F0622 0B06CE 04D79C 02F14E 0B528A 0A7DD6 0169C7 0A0FB1 05A50C 0B55B7 0EA933 062287 08227A 0E5CD9 0088D6 07404E 08DF79 041615 055BF5 0EA3D8 071548 08E9F4 08565C 07031C 035F0D 06CB7D 05C2D6 012EAA 0269D9 089EF6 092978 003174 0C3C61 029690 0FB98B 04827D 088A2A 0D6871 0B4D95 0B8320 01B854 00E2DC 0F1E8D 079394 024EB9 0CCEB9 06F007 0BD742 00062A 05173D 068A37 08EA69 0A7F78 090B5E 080411 093AA9 0C24E6 02A0F4 07BA47 0C3477 074C83 078DD9 0A46A2 00AC1F 07C407 00127C 0C0536 0AD52D 02B25C 07C9E0 0CEE49 008B3F 0C9568 12E120 096D92 089D65 0A3742 0C5ECB 04602D 013CDE 065DBF 05C8D4 01C3EA 09FF73 0BC81E 0D1E3C 0E1CB1 02BABA 0EFAEC 085318 00E758 00A9AE 06C0DE 0028B5 05038B 0BAC0F 0406C1 031CE7 0009E2 068FB0 066DF1 0B50E8 0A6C11 0BC3D0 085C26 02B6AB 05A714 084511 040255 036FA2 067ED5 054279 0795B1 0FD05D 0A2088 051F05 009903 08CD01 04AD65 0F419B 07DD98 0C461E 008D3F 0DD642 059D50 0C20BA 0DB209 0984DF 036ABA 094387 0BD7D2 0C7695 0A9DF6 001138 0CD50A 047113 05AD28 0FF372 0B3D57 0FBA48 0E9756 0EFFE5 0F77BA 090152 099C7E 09A5CF 0E4601 0CF754 0122A8 02E2B0 0B3B01 0CD622 09B7C8 020821 0E95F4 0D3DE8 0E5976 0D316A 0E8807 04B155 03CD7E 007CE2 092647 0F89C5 02B0A1 068B07 03CD61 06E904 0A281A 07B8A8 0E55C4 0A175D 043FB1 0B7DAB 0EEFA8 0A6F40 098470 0AD87A 079190 0A8EF3 0C588D 0B87D7 09EC54 0831C9 0BBA04 0C693F 0D823F 07AFF4 0639D9 0BECA1 0992BC 0C2CBE 04074C 02DCFD 08024A 0A00C6 03C8F1 062CD9 046F5A 0225E9 0823D6 06E641 0BCDB4 0A63C3 0BD1BD 0F10EF 035B6B 0301B7 095451 0BE5FC 0A65DA 02C52E 005388 01ADB4 0825C8 08604A 0BCF21 07F773 0806D7 0BECE7 01CC82 009227 05725A 0DC942 0FD66F 066D96 04BC7E 05959E 04A817 00EF18 05C25C 04027A 064723 09E043 0FB26D 07465D 03CB61 04464E 058645 024D16 01C7C9 073F50 0BE0B6 056D12 0D4C61 088CB2 0CCCAE 0F07EB 05AFBC 019CBE 0A1DE4 083166 033215 04D025 088E8B 085B56 0BA590 0E7C05 004F20 05C425 01E81A 094316 0019ED 056096 02ADE6 029E69 0CD428 03A097 0C5853 0B9419 03338E 07A9A6 0D11F8 0B421C 005E2C 0F519A 0BFA89 068881 0B87B9 0E001D 0ADB5D 0021F4 0A386F 04FFDA 07C5F1 038EAD 07C8D4 0C129B 054AAE 0D6177 0F226D 07DD3F 093546 0F7CC6 020C07 020E45 0D55BC 02510D 07C32A 07CC97 00B0C1 00D361 0FE37D 05E58C 069A0B 08E455 0D1A67 0E7EF5 0D0EEB 0F0A84 03E29A 1F1A46 0DD3B4 064CC7 0B7CC2 04182A 0C3947 094CB9 083434 0D2851 01A121 08D517 0CD7FB 0A5DAD 011593 093B6C 0898CE 087546 0E4227 0AD0FE 0BFDCD 016E06 07F9A4 0F1FC6 0FD071 05F195 0B541A 07D28A 0BC545 0791F3 049BF9 0D95F5 06495C 01A94A 039794 08A7E9 0A5E4A 09F603 02F460 0ADE1A 03D58E 04BE79 06B678 0B0F83 0814E3 0E1A46 0AD755 01F469 027001 0AB3E9 058F8B 0B6CDE 026C52 07E8B8 08ABBE 028EF4 023CB0 075148 0997EB 03310E 0BAD37 0F25CB 01A82F 0C03A0 03B7C7 06B355 0D2FBC 0A4A42 0F0482 03CB22 024C89 0C6363 0404B1 0B6FCF 0B7F38 0B13D6 0A757A 0E2221 0F1E3E 017C06 088013 02BEFC 043BD0 05FC05 071F76 024047 05262D 005E3B 07D4D6 0A5CFA 07A2CC 0F4169 040906 0AB2A9 0F1AEA 00FAE2 022BF8 031401 0A48B9 035F41 0EB7A5 0846D6 06EA95 05ED95 067A91 086FE6 0EDC82 0F9706 0114B1 0E65C4 033480 077E6C 00E110 0768B8 08EAE0 02027C 001662 007DC8 05FD6E 06CCB9 0E081F 0F6407 095457 0F8A1E 02E8B9 0E01F5 1E5C56 059B4C 0D779E 05D555 0A3D9D 0FD363 07283C 05834E 02C6E6
0C9EB9 09C373 079952 0CE0A6 0BECEC 079EF8 0929D7 03265F 03A0FD 050D36 03B56E 0C8E2F 0A34CB 09C505 094CF1 035D7C 09F6D7 069F1B 0546DA 06A234 0B04CB 06862F 0B3403 04E750 1B170C 0DAFE4 036FD9 0B260F 19EA5F 088486 0E36D9 0B61E6 0A08B8 07493E 05C323 074650 02F21C 09684A 0B5C2E 0DE05D 0384FC 0D09E7 0CF83C 021980 029789 049859 09BD11 08BCC5 0BB4B1 0A0519 03AAF8 0F4B9C 0DF98F 1F1CE2 00C046 015B1A 079F3B 021828 03AF5E 0BD0FD 0BB9FE 0F5325 003E28 0F32F6 03C2E0 001028 00CAF4 0D93D6 0F3F45 059F96 0E207A 02153E 0321F3 0AD715 0B4148 0F1A26 0A2ACA 0F0998 01E9D9 093F03 093237 018F04 1393F5 016EDB 080584 028BA9 03B2D2 0016EE 047959 073EDC 0AE712 1FEF86 03A441 0E11D5 010D23 02F2F7 04E51C 0CDC2E 099256 05E44E 053952 059343 07C18C 072255 09E31A 067DE2 0F4425 0B594C 0C2052 02CF06 0F2871 06EC1F 09E9C4 09F740 0FE39A 01958E 0EF590 01EF50 089014 0FB144 016A61 0A026F 0626DC 0ECF2B 0287D2 0CCE24 049056 09EAC9 0DCBF3 019492 0BB938 044C9A 00A4E2 0DB34C 076566 096778 021850 0FCBA0 028991 0B6EAE 0F9A4F 015E2A 0BA356 075AB3 04D369 02A4AD 00F796 0E0118 06AC60 03B8CC 0CD45F 03FE99 06C5EE 04435A 082A19 0F390C 0C1D9B 0553A4 0489A3 000567 022161 004E1F 0631DB 056BEC 00D1F7 0A3619 0357B4 089B45 025664 027206 0ABE1A 033CCB 0F2ECB 0F23CE 0B3815 0DFE60 009019 00DAB6 0EBC15 0D9986 16A483 00FDFB 0761B2 071315 01812C 058DC9 097E36 0BF502 072A80 03A9AE 102B0E 0D47AB 0D3BA8 00E43A 0D7B77 0C16A6 01477F 0A9264 016FA6 0EEA46 01023B 0BE1A2 0E3087 01B920 085B1D 07ED58 022301 03CD82 0D91EE 0B80DF 0A17B9 08451A 062B9E 03746C 075112 15742E 03D333 04CC25 034213 08A86F 08C15C 0FC1F0 01526A 0F4E69 012A2D 0637D5 0F02B0 0F661D 0B7072 067D60 016126 082277 086447 001C1C 038D2A 0005EE 0EF447 0FB6D0 01E68E 0216F0 034176 07C0BD 0B88E4 08B53D 0FA9C6 08AF71 0A226E 089CBB 005CDF 0B41A3 025A66 00D762 00D113 097E64 00E92A 0AE108 073487 081E7B 0EACA1 09DEDF 0BDE22 03AFAA 098EE6 05EC54 047A67 033645 035C36 058570 045BAB 1964E0 01A09A 0D9D97 06E16C 0802B0 081147 023A41 00AC4D 01165F 066D2C 099CB9 0000D4 036A59 07E031 0863F5 01056D 0E4C6C 0B6DBC 0DB86F 0AF4B3 03776F 02F6E0 0DA9D7 05BF6C 0E19D3 004DF4 0C613E 0017E4 0DAD7D 028FF9 0C97C1 09C6BB 01204C 09FA90 06F61C 0C2581 0CC630 0C8FEB 007673 09A53E 04CBDA 081D9B 03FDED 0B9A0A 092B12 0E8AFC 0038B6 09D480 0B343C 037E23 0C5FC0 08802C 091F29 00769D 0AD078 038638 0E57DF 0621A8 0E0291 006FAB 06F648 0CB440 02FC3F 0A1F67 0B3460 029A60 07635F 02EB05 030825 08EE2F 047CAA 08F68F 025EAA 02A138 03D6C3 05188D 0A28DE 050C18 08B266 090FD7 063C59 03A4D3 011506 056D64 019202 080A90 023C04 0831DB 0D9D95 046B08 07FC72 090811 0C83B3 06C90B 03D166 09E266 0A7941 024DDB 0FF791 00C1E3 08A6DA 0C89CD 065A78 06112C 0720E5 04AF7C 015ED1 0B29E2 0905B7 068391 04B5E7 098F27 0FE2EB 06C1B5 0A0107 09802F 076786 06C457 099AD3 037507 049CE9 0EF2BA 00BA29 0B9E54 048772 085B8F 0CC364 0A1094 02EB99 035F5F 0D30C5 0969B8 045C38 08F98B 048AAF 0B618B 0E2BFD 02C230 0489CF 0AF1DC 0B9101 0ECA17 0B5458 01BE1B 060D50 0CF186 0EE5AB 085FEC 059717 0F2582 089EB7 0269DB 095133 0A6070 08B3FB 0777E7 0E01AF 05C487 03D2E5 087E86 09076D 025252 07B52B 0DF614 0F3855 0C816F 0EFCA2 0B1F61 02B127 091BF1 011578 0A831D 07C572 073404 001402 004040 08D93A 02804C 05EAD8 07555F 0F53A0 0A9DFE 0B6F35 0C4038 02C0DA 0FF8DA 00D9AD 06BCFE 033AE2 0CEC5B 01D9AE 0991E1 00572E 07ECE2 01823A 070D44 0A8BE4 0F09DF 0A2C99 0225D0 07A265 0364CF 0518A0 009F0D 08EDB9 07801E 024B2A 0314EA 0F1033 050A92 0FA069 00180D 09A2FF 0D3FF1 043303 08EBE6 050B00 1465B4 059BAC 0E4C9F 0B8FB4 07AB0D 0EA8CA 0F9346 0D243A 0F6133 05FA33 08ECED 05B811 0E8018 097B11 01E176 0995D2 03B654 040B08 0D5F87 0BFC4D 0241A7 09FA8A 02A658 040324 0FDD21 0B9AC8 0B74E9 06F32C 056338 0A2964 099325 01C8E2 09D2BB 0B8646 0D646E 0596FE 00BFEE 0622D6 0112D3 07FAD0 00A367 08094F 0CD43E 0BBCD9 07422E 094C9E 0BC9FF 0D9A4B 0938B9 0A124C 00E151 008D97 0C42E6 02D4C7 06E5B7 05745D 0A45AB 01BFD1
0611CB 090D1C 0A3220 03FDB5 05E144 070B86 080B2A 04868A 05CD94 0F9B21 019A14 090220 00EFE6 0401C6 056A42 0C0E69 03B173 0BDEDE 00D4F7 04B9F5 0D2250 026970 00DC1C 03AFA4 1D8838 0C2E87 06FB73 02529E 0B7921 0B9B3C 118E03 0134B7 01C722 05A69B 072591 02DDC4 082A22 04FD85 036AB4 0210A4 00CF82 01F892 01F4DB 046701 0D1F27 0260C1 0279FD 014B01 09F33B 001899 09A737 05323B 06078D 01DC1A 0C34A6 0758C0 05DC45 0442EC 09110F 0E09EB 0CD66F 086B41 056013 0E5D93 09D7B7 0BBC20 0E7D3B 02A6EA 040E8A 01EC80 0D077A 004548 0F3A21 057A22 0B7C11 005BE9 0986D7 095A13 04383E 085F2E 0AAFF2 0E249A 053CDF 02BFC2 0C9E5A 0C25DB 1B3D2A 019785 0CDA4D 0F9EA4 0E0721 0424D3 0D12D7 0F288F 03767C 032B34 05EB9C 0087DA 0AF609 14AF2E 0A7097 02F3D4 0B41E6 05F545 0E89C0 0AB0D0 0BC691 081A45 08CD39 0E3B51 0EE23D 1468FD 002A59 0AEE29 0E01E5 0384F1 08908B 09A905 09B8FF 044C1C 05C9F0 0E009D 013452 048E63 060921 0157B0 083F18 0371C7 001B95 041E51 09C951 0C97EF 0E3F2A 093414 0DC64E 0A3B6D 0FF252 0B0132 063A1E 0EC2F3 037677 0D089F 0EF2D1 0EE62B 07B3F6 0A9218 0DD95B 06A38D 0EB01F 0CBA7E 0A0BDC 06DEEF 0B9D6A 083A71 006505 001ADA 0A0F19 017328 01AE9B 033722 02E7B7 019965 085FE4 095802 07C7D7 0F13BE 009CA3 01BE3F 02E55E 000212 05C553 0288FF 031684 0F6817 0D3328 08B5D9 0EB1FF 0A3F96 07362B 0D8DE5 078754 0FAEE8 051A25 07AECF 0E9C9C 0C379C 023F48 05FB1F 0CA497 06FF1F 13632F 011D0F 0F5B5B 07AC85 03DA39 0AE905 0F53B2 0D65FB 0ACB4C 0C86C9 094E0D 09E6E3 075ED9 059860 0C01EB 0A3CB7 02E75F 07D391 0FF8F9 0E4C8E 0FABAA 02F8A0 0BC67C 086DE5 07A717 14C599 0EAA7C 0C5B00 03CA21 06B1B6 0E789E 083F5A 0668F5 093ED1 01CFFB 08A5FF 016D2A 0F5CCE 001F6D 00E3AA 03E369 0403BD 0905CA 061EC7 080118 069B09 091B37 00F05E 07F9F1 0AF06F 0643AB 06674C 01CE86 010CF9 042C99 0EEEF4 01D6DF 0E8DFF 003001 03C8D3 008A46 04CCA8 00DBAA 0ADE61 04BB56 05E3D1 004E6F 0A7A8E 016026 026A0E 07A85C 07F9F7 05EB0E 06C386 0350FB 09B395 0F728B 0EA6C6 06E2FC 02C607 03A178 0C6208 05027A 0DA0FE 004D83 0C9A5D 01C870 025828 0FE62B 04E055 0F418E 0C6DF1 04A12C 07EF71 0728B2 06998B 0758AC 0CDC54 0E910B 07CC2A 039A93 0912DF 03B647 073459 016C6A 0D7A11 009A47 0453D9 04BCE9 0DAF2F 06A167 06D500 02785C 0D51DC 045128 042789 0E63F5 144903 0E3832 0D7D0B 0229A2 073924 091318 02292C 095364 0DEA0C 0E388E 03CF52 0E147B 0D4A43 0C2031 084713 063EAF 040FEA 04BB61 0D53A0 0DA778 0CCC5F 0FACFD 0D62B2 08163B 0DA247 002B48 0AE102 052F09 0CCE72 0936B6 02EC2A 01E9BE 08F986 0E0D1C 0CBC3A 065F1A 013531 0E078A 01D876 0E5DB3 0C892C 0D2F99 0F0F83 0B807A 03E77A 0ABC56 096FC1 0C80E7 0DFE2B 015FDB 10B95A 092D86 099920 05575C 0B122D 04813F 0AE174 032C8A 0F9FE4 0AECC7 0E7815 01AA81 0E6A37 0FF5F2 0D9869 00CAFA 055F2C 0D4446 0508AC 05EC78 0A4360 0BB6D0 08BFA9 02ACDA 01471D 0F2CA0 046A05 02EDC5 015F63 0A47C6 0DAAFF 08A004 0C186D 049DCC 075A84 0EABFA 0C013E 007D81 098FD6 0E5B36 0615AE 0EB295 056CE4 0DA88A 010767 006A0B 0E365A 082A76 07F7C1 0433F8 09B60C 00709E 0B9B3F 000057 03DC8E 066241 025F5C 076E48 06B6CA 03D01E 0595EC 0CDD4A 0EDFBB 02E336 0ABCA8 0191CA 02E34B 03D2B4 006766 0F8D79 0B0C56 0F69DA 005C83 0AD842 0D2A40 01E998 0D72CF 08E764 0F6238 03C746 0CE69A 042A0E 059483 0FEEEC 007954 084D33 03800F 0E76E4 000A5E 05279E 08FF3E 0058D5 0F23A1 07ECD2 0863BE 0207E7 0B198A 018860 001885 034C35 0DE381 01E8D1 01FD95 0D4F71 03784A 0FA236 0598F2 08BF19 002124 033632 0946F3 03844A 012A94 09823B 0692DB 0EEB3C 0568AA 0C7BB8 04D96E 0E56A1 085991 093384 01AACF 0E441A 080937 0F4878 072E67 07EBAB 0B1E37 0F9752 01A74B 000E61 0F71AE 0A33A0 049B6C 0CB90D 0BFB88 08B8E9 0E2C18 049C77 019690 0AC90E 03FC9A 05C406 0A4108 0D268D 00A887 064E12 01CA11 0B91B1 0F63EB 0B0436 085448 0E1B0C 040307 085705 02482D 0D1D4F 0C85D3 00489B 001F04 12531B 091494 0FA9E3 04FE46 03FCB4 0B802E 0C7539 0B600D 0F7013 02D792 086A43 051D7B 04673A 0582AD 03453A 0CBBD5 0AADBD 0E0E22 001989 0A29BE 04BD10 0E9633 06A07F 051FC9 0AC304 0804F7
04A705 0CBADA 00FED7 05E2BF 03AF7C 056B3C 0F512E 064DC3 0044E6 0D7E77 07FD3B 0AAD8F 0D5EF1 0CBA9C 035A1E 0F665D 09FB1B 0A0C00 11B9F5 060C95 089B78 029515 005D79 0E110F 01FF70 05535D 08F3A1 045833 0BFCAF 053DA9 00176B 0FAC3B 07924D 0BA0EA 0212B9 0B2FC1 08134B 0949EF 0B8D85 0E5003 0D22BC 05CD02 0A9F52 0B97BE 01F6D1 0F6342 0E393D 001DB5 0E0904 03EA8F 09FF2B 0618D7 06197C 091FED 0AE80B 0468AF 007D2E 06447C 0A7B83 07AAEF 0E9FEE 07A0E4 01BAF5 0E1F84 0595FA 06378A 0CF312 0F7110 01D11A 0EE738 0FA5EC 0EB7A4 0215C4 070833 069F2F 051874 0CB9C2 0ED061 0C4729 048243 0A2F19 0AAEA9 02039A 033DD9 000B7C 0C82C0 0504EF 0DC258 0D0096 066B30 016568 091810 037107 09CBDE 03D208 013A83 07086D 011ED1 0F8399 0EC34D 0C9141 056618 002008 04F596 06AF48 0D39FE 0A121D 096771 04AD87 08E3CA 054A9B 056066 008ADA 084459 099C15 05EB46 0C847D 016AE5 007C3A 03F286 0AED46 07DB7F 0C57B1 0D82B0 037225 0403F3 002227 091ADE 0D2F64 0788FF 0E178B 092C43 03579B 03031E 0524AD 0E7098 01BE31 0C91ED 0B626D 0132C2 0B76A1 010515 07989B 0AE24F 0EFECB 004622 045179 0535C7 0C2A6D 01DA25 0B22C1 00CC5A 063556 0FB076 043AE7 1EB467 097D24 0E7D07 0465A8 03BE18 034863 052B53 0A1185 079142 073844 0A02DF 057AE2 04F672 051FEB 07EE23 02DF1D 0A09DC 03D111 0FF1E6 0B7A0C 05A26A 067C1E 158E8D 0CB67B 03AB89 08EDC5 0370D2 0F90C9 09489B 04AD05 09E8C0 0BC1EA 03E057 0904CE 0F8B46 065A9B 0A8431 0FBD1B 028423 0F2EE3 053CF2 04353F 0E1CEC 0B1E4C 076D01 09B829 0A2859 0B446F 0AE651 0C9371 0AF902 009033 04A0A4 0C4652 0EFA5F 044332 00CC0B 0F22CD 041DDF 01BDA6 080436 0F3B8A 099EEC 0E666E 18B446 0D8439 023CA8 096251 0729C7 0BD281 0C0D9B 0E951D 0909E9 07FCC6 03AA41 020CA4 081816 0940CB 04AD4B 0D83BD 033244 01BBA2 0E74BA 081DD5 022CBC 0F76BE 0A886C 028D08 0BC081 01996E 0A171A 0A76A2 0709ED 01C50A 0C25B0 072205 0447B8 0B8155 05ABDB 00738C 0E94D5 0EB5D6 1B16AC 036F36 085EA6 0AC8C6 0D3B4F 073A58 01E859 0C51D8 12251A 030F63 0F3D2D 060BE7 097665 005123 094E72 0879BD 0F0422 05B8A4 0A6AD9 0D88F3 06B75D 06D48D 017367 0BCCD1 030749 055CD8 0AEBB9 0304C7 02CEE6 02C181 07F1D8 0FD9FA 0F1385 0BE31D 0A1B67 0E4287 079DDB 06D184 01128E 01F553 08F6A3 0E1FE2 0FD879 0A9CC6 028D4E 011B92 0CF430 0FD601 0A7CB5 01DFDC 001E0F 0A1F79 0B6E6D 018792 0F5263 1AD13E 03424F 037AC3 0FCDA6 0DA7A4 021054 050CDA 05D136 087324 080759 1D7DF7 0B5B17 0DDD77 02D810 0BDABE 07B66E 00AC7F 05191C 023E0E 065827 0B58A9 0EDDCB 098A29 0ACFEA 1AB9A6 0AC017 0D8FFD 038393 0811D4 0A5CFB 0EB244 08FA5C 0D5968 0DD8BD 000791 066F58 055CFD 06AE58 0350A8 095FB7 06563A 0EF07D 0E9A6B 003844 069EDF 0206DA 01EE1F 0D7681 08B206 06A2EA 034F9B 016250 0444A0 0401A1 02FE4E 0DCE03 03B217 01B3B8 0371A6 0712FE 06AD51 0D3694 09AE75 0A00DD 09EDF5 034152 0F14C6 0AE35C 069FF1 0387F2 084010 0A616A 093DE4 07D6F2 083BE6 02A0CE 068665 0B5132 0BE4D6 099DC6 074BBF 0E4F04 0B2C79 00FD1C 0404AE 08F0B5 0F29F3 02D578 080AB5 04A1D1 05DC9C 0AB306 114337 0BBFEC 03145B 0CD50E 03A5F4 073AA1 06C036 0DBCF5 06C293 01F826 00C3CF 01C784 023AEA 17C3A7 01ADEB 0D4FEA 0B282B 0077E8 044129 02EC98 05C996 0DF84E 0BEA94 06AE19 0B501B 008BA7 0B111D 0FE9C7 0609F5 0A8117 01D757 070152 057959 0EBD04 0AF7A9 051D3B 0F0D4C 0FFAE0 0089F3 0EFB40 0C3AD5 076288 0181BF 0FE12A 05DECA 0F3B7F 0575FB 05B8A0 0D3AF3 0980D8 00E779 03CCC7 04A740 06B0A6 00AE02 0BFF74 03197E 0340F2 0E6878 09AAF0 019A6C 0A4452 05E4D6 016055 01F07B 0EC92D 0AF989 01332D 08DD3A 079725 060520 0055E9 00B018 005A8A 0B0178 05F16E 0E603A 068D38 04F0B2 0A1D9E 07792E 02B0BF 0F91A2 084C6E 0703F4 0D3397 0B2284 0D99C7 0765FB 0BAE3E 04995D 0F963E 0544AA 0792D9 09D45E 0E2A3F 0BF224 0B0065 0F54A2 014662 094DBC 0D3E30 0E0262 0F5590 0E5C7E 0CEB10 05B60F 0E79D7 02DA10 0BAECF 00D4C6 0E8716 089617 0C54CC 0CB7B0 08F333 0A4CEE 036EBC 0C18B0 03644E 038951 0C41BD 0A5885 0AE657 07527E 1561A7 0D89A7 08C7DB 0593D4 0B2623 0FE9A7 025091 0040A1 02C54D 07D20C 0AE9DE 0532A9 0436CB 010E75 0531C3
1404A8 0DD50E 01C817 098A17 083A3F 0EAF61 005A12 078D0E 08BF3A 0F8020 0B9143 099BD3 044BD8 094C9A 072788 0EA839 0D5DBB 09450C 043E25 0196CF 061CA3 0D7993 0D46C4 04420D 017636 0BF006 0CC4D5 0521D2 0CB1CA 0776F5 02A250 004B8B 08DE3E 0D6E57 0934DD 0CF9D7 0C7CF4 04FF09 0B3E75 08767A 02841C 056E9E 008BB0 029DA6 0537AE 0319BB 07366A 079323 0FCDD6 05AA50 0CDD2C 06D137 0AC808 07F796 002C17 04C84D 07F5FA 0EF0D3 04F9D5 0ABE79 074C8A 0180AC 0D6B6F 06D976 0255AF 0F4C9B 063904 05EA16 023F34 0CF7A2 0FB902 08E3AB 0FBE74 0B3B47 00F33B 0F2B5C 0B3E3F 0F060A 0B4082 14B470 046215 07444B 0C459C 035DCE 0799BB 02FD03 0C553F 081355 027653 008DA7 101E34 00A746 0D233D 0EE521 0C450D 0A1703 0C21A1 0AE818 07C9ED 01BDCF 0894F1 0AFE2C 039817 0F764C 05A161 0952DA 0EBAE8 08824C 0E3315 00D16B 0F84A9 0C8E19 09783A 02476C 03B3B6 04CA66 08DA74 036560 02F2FC 0DF22C 045B2A 0E0CF6 041339 0B69B0 08BB43 0E12C2 080835 18D1D1 0039D3 06B898 0E0525 0FAF7A 0E0F55 01114B 035E9D 023D63 09175D 067F6A 0533DC 0767ED 0E8A43 05BBE5 0CFDFC 0B8AB1 0AC4D7 034888 0D5AD2 00B196 0F920B 012777 05F421 059693 0C1F39 0BE530 0813B4 0A36E2 01A104 056025 04B9E2 01E330 09BC24 081A3D 076D9D 0824A7 00FE80 0501F1 049F77 0A213D 0C453A 0549C3 0439A6 01658F 0C2A08 075CF7 0F29EB 0F9C3C 0F168E 00DC27 09A337 09B790 0D80EE 0351A2 0A9E9B 097738 09F94D 077B84 01C210 0F4ABA 075D7A 0562A4 036CA8 0CD855 078551 0739C7 0628D4 024CC1 054511 0B48DC 0C6F4B 0DC5C8 037CC7 011094 0E8D23 088489 09D312 0F7DC4 0DA94D 06159E 0C97A3 0669EC 02FAB0 0C1434 087E3C 04E2CD 0F21FF 0E2749 07B1BF 0C68FA 02FC1A 081C07 0C29A5 023EAF 0CA485 004E1A 0975DC 012EF2 06B0AE 016FE9 05F4FA 00B733 077149 03AB42 042554 050F63 0FB6FD 0368FE 021ED6 032EE6 01DC79 0CD7D9 025D33 058E1D 01105B 052FE1 0980CE 03FF88 0EFD19 05B052 180E55 085BF9 0D29D0 09CCE8 0B8AF8 05D453 0EC202 057752 0888CC 0D0AC3 02DF0C 09AB65 053177 0F1E12 0B7E6F 03203A 03C49A 0DFD94 0371D7 0682D2 072B3F 06CFE7 0FEDA6 0A9DBD 150B0D 0912D9 0DBA13 05B70B 0A5A1D 0B464B 02AD04 00F4AA 00527B 099A57 0935B8 017B48 0D4BF8 0D6C90 085016 009FEA 0CD3D5 0473FC 081C8F 075A3B 07D107 0F1E60 03A7CF 0B25F0 09315F 075D49 0D273C 0667C5 077960 0DAE3F 0DE890 0471E7 02CC3A 02FB33 0ED998 01CDB5 0C889D 053A9B 0BDD94 054A11 0DA285 06C5DC 090D9D 0DA5BB 0DFF69 0A32C2 0E9524 09F8C8 067C7D 03752E 003E95 097DDC 042900 0B976C 0491B4 06C83B 0168F8 02B9A8 0F7E5A 0E601B 0B3643 04A619 0B19BD 08E487 0ED3A7 0011B1 05E64F 0F4A40 034090 0065E5 0E5FE2 034553 039C3A 0276E2 000D8A 0BB086 095443 06A431 04697B 046A42 0B06C5 000BA1 0CAC8D 05A8EC 0494F0 0C0DB0 036BE5 08CAF1 0732F9 0E6DE4 0125CB 0622D2 00873A 0B14A6 084694 0DA032 0187B2 0140FE 072702 060E43 0515D4 0EB261 0CB504 0FF6D2 049A2D 0E0599 05008D 02CA1D 015604 090072 003E9E 00F3B1 0AE0D3 0B423C 03E8BC 0D8B87 0B811A 0609FA 01617A 02D7C3 038587 0ABEF0 003307 0854AE 0C3125 0EFD08 05C1FE 00CAC7 02316A 0AE810 05AE38 026AD6 0F78B7 02A14F 08C1D2 0C0011 05D5E9 0F4464 040DCA 085DD3 03DF8B 074E4D 09AF66 08A152 04D0C4 0C5813 0FFF08 0C409E 0641DF 0F432F 0E975D 0F102F 0CA92A 0ED00B 09BD24 0FA292 024F36 0B7CC9 06353F 08481A 00D675 0DC581 01F938 0E85C5 066155 11442F 1E68A4 0BDC5A 025460 0E790F 0E0EDE 024C25 08DA94 098301 00766F 07CE6B 00FD8E 045E05 0D522F 011935 06FB01 0249BC 097E29 08039A 0B69C9 0AD629 0CA7A3 09B707 04B2DE 0E5EA1 0430C1 02D04C 00D3C8 0AFFFB 0A2629 0E7E8A 00DF74 039304 0456FD 0A29DC 02DFB1 081ADB 01C9D7 00BE50 0B8F88 03DC10 0A89FB 0B4B4A 0EF83E 0DBFD2 0F98CD 0E91B7 060CF9 06BDD5 01FE1A 0BC36A 0FF88A 01A6D3 0BACB6 0FE9C0 0FD656 0B35B5 005632 080973 033E81 05B6BD 0FBE55 0ABB08 0DEE91 0FA304 0995FB 08F16D 08DFC4 03B799 0A3364 09346F 09515E 01A9D2 03572D 043017 0951E1 044CEB 1BCEB4 0E8BC6 0CF196 0E5458 0EC09C 0AF164 0F5FA5 0A7E52 0EBFCC 04980E 080A42 0F4ABB 0EF4B1 052069 0AFC1A 033324 0E3CC3 0B3BB8 03F6DF 01A9DB 0B1B34 046946 071BB2 007396 0CF093 006973 0C9FFB 0C81B1 079CD2 040058
00DA11 0DA06A 07DCEC 03BF33 032CFE 06AACD 05FC81 02F578 0B37CC 07A669 095C3A 052489 02928C 0CDBC5 02FF00 0A0FC6 0A0E3D 07745F 18D396 09E02C 088313 0D737B 0F193C 05F148 03A38B 091074 0CA521 039F0F 05DD8F 05E221 069315 01C34B 078C05 05E1EA 0D701A 066C35 082B2B 06FE1F 0933AB 0B694F 057AEC 00FAA1 0049B6 08575C 03853B 0E20A2 0112E8 013C78 0F33FD 07D6CC 03E0E9 0F15C4 0F9807 02726B 0994C8 0D1064 0C78E7 0A1FD1 0CCC56 06D7F8 00DE3A 015D9B 019651 0F20B1 009505 035D30 03D166 048393 045660 0C74A5 04A92A 0E3726 0778C6 03E067 0B41D2 033760 048258 02F3F8 04801D 08899B 05DC2E 0EB85C 0AE249 0DA4DE 017D82 00347E 07CC7D 005325 0D6F2C 0E20BA 02076A 0A593F 063D38 0A37EF 08AB5C 0EF972 022AD5 02205A 0D090B 08A103 00B050 0F6976 01A06E 03E0FE 080C32 0A68DD 0F4395 0132D0 03E5C9 0389CB 02EE35 063293 0FAFE7 0B3318 0E618E 09B42F 0E512F 009FCE 09105F 0BF4A7 145A0C 017988 0D3DA4 06CCD3 06C604 081E49 0622B6 080BB6 08A352 098C87 07D880 01BD57 0F9D39 0FE3CD 06FC84 02CCDD 06AC08 09287E 05DB10 0D6DC0 0DDF88 02249B 0CF321 0013F0 0CF6F8 07BD40 03B9CD 0CA25C 0B857A 059375 0C3F76 053B87 052FB4 0947AC 022D64 087878 0DCB6E 052CF7 0D8282 09AFCE 086458 0A3C35 0FE0F8 09B5BA 0E58C3 03CC3C 00DEC3 014B83 0FD9B1 08F8C6 13D85F 07E83A 0ED263 097841 0E195A 0EF325 0BCC5C 095CB2 0D7F91 0F710E 090C79 0BE2E7 005BB2 0EE457 069D35 0520B7 0EEFE0 086871 0046AC 0DD1EB 0EFB1C 08550E 0F9AF6 030C32 090BE6 00A79D 04084B 08070B 00DA3D 08EC22 0B1693 02336D 099B24 0A9092 0E05D1 00480E 0F4782 0DD291 0199C7 015DFE 0A3447 057EAA 0AEC6C 045138 06AE30 0D3155 0E1610 00FBC6 060483 0F179D 06C0A4 0DB6EA 0CFE52 0ED658 058349 04E862 0DD060 0DCF3E 05E251 028515 00AE29 0AA2D4 06EA66 03CCE9 04F937 0A0E64 087B2F 0389A2 0BE9FA 0514A1 055935 059C12 06D97F 082FAF 0BDA5B 01C800 09F1F6 0A7C7B 078C24 0CEEBB 0BEE37 031CE3 0558FF 085012 0EDD13 011937 0F740E 0AC680 03D0E4 084248 0E3CA6 0B2F2E 0E8053 0C5DAE 0572D6 0F10D3 022036 1421F3 0DFAD4 000FE8 06540F 09FD9C 08FFA9 041F2A 04DA91 0987B8 072868 033768 08E273 0E67E5 09B82A 037AD0 0AFF69 02E2A4 0153EF 0B2B17 09410A 0A55AD 0B2CAB 05546D 0C6A00 091F17 052EA8 0DE9EE 042BFC 00F256 051874 0CB1D9 0C4AF5 09EDA9 005D17 0FE2D4 0D7555 01B0D1 02996A 090E2F 08D1D5 0EC09F 03862E 01D41A 045232 04D637 0E63E5 0F7AD2 0787FA 0752C2 0C75B6 0B5419 0C1CB8 0983B7 0E3D57 048D4B 08E081 00CED0 0F1615 0BB3DD 134A35 015388 0ADD4C 02DE75 02A25C 0B301C 0BB76F 0A7FEE 02CEBA 0CA41A 0E6AB7 0EA839 09D4B5 03FC31 04EA6A 033A94 08D9E9 095EDA 000231 091499 0FE528 098D08 0D5902 0A35AF 090535 0BA564 05127E 024F4D 0F89DD 0B20D9 033048 04F759 0E6F02 0522E3 0AB7E8 0F3FC4 098C2D 0AB6C8 0CE44E 04688E 0815FC 04518C 01F1B9 00E3DA 0AD7BD 08A305 0197A6 0DB7D6 03DD08 0049DD 012BDD 0E63D3 0CD719 088832 0FFFCE 0BCAC9 06FAF4 02E1FE 07E7D0 0592C2 0F5623 04B8B5 098A99 07424B 07701D 0FF504 10D925 0375C1 0C859A 00DB25 1646A1 0A27B7 0C9F2F 0A1CD5 0C0863 050164 010223 0E8FFC 091B0C 0D720A 06D6E0 0EA3DB 03D4CB 0BD624 043C99 080382 05CFC0 05B7A2 06B697 08BA1E 0632B7 0502AD 095814 04F0DD 097EBB 029105 050974 1F7854 01D58F 07AC14 0DF94A 0ED101 083E02 0C58D1 058629 0E7039 09B9DB 07110B 0FA4BC 0FEFF3 07A44F 08CC74 0BCA1B 0E7729 0870CA 044272 0C3F9B 0C878A 08AC42 06B904 09ADFC 026414 094590 037592 0C93F3 011E47 0C7CB4 0FF9B2 07B27E 07029C 073793 0AE8EB 00EE9B 044F6F 01B354 051A65 042D82 0AAA74 0BE155 1CDCA1 0AE539 02E8D3 0C553B 0346FA 05C3CD 0525D1 0DEAED 0DB187 07EDB8 04D740 0410EE 04B01D 0D5C00 0B1A55 0E2CE5 0502B5 0EE9D0 09E2B1 0BC7D6 0A505C 0387A3 066623 0203CC 0D7B76 0908A7 07B9D8 03B8E0 02A12E 0BA518 02B134 03C26E 0C04D7 06CE4C 01FFCB 0E7907 041361 0AC3E4 0F729E 045826 0CD2D6 0183F2 0E85C3 0B9E04 04D294 005FE1 0D1B60 0FFF42 0C4414 009D3B 05BFF3 060E47 17D611 0B0D29 0676D6 06859E 0734F6 089549 05FC7D 0289F9 0AB6EB 01447A 0A3446 04757E 0ECDC6 0DF910 05C2F9 0B2024 0BED50 05CD75 00DAF0 0AF42A 009F51 0499F0 035F41 08F8CE 0B7A32 060CCD 0388D7
0980C5 1A52D2 0D34C4 0F1D31 050869 08E0C7 082D82 0A8693 0B1BAD 0D524E 04A0D4 090895 0804F5 01EB35 079A28 057EFA 007562 0B950F 0C4D71 0A66FA 0E81D7 0F4A08 0E0E49 027CC8 015976 011F26 0DD924 0855D4 084C13 08949F 0789FB 019B8B 0268B6 0DAE17 049448 062CE5 02472B 0C7BDB 0EBFA1 0EC1C6 08C092 00537D 082269 01B62D 0E8268 059836 00BB3B 0C31EF 051012 095143 0C671A 0CC6D2 006CFA 0155BD 0A17EB 0BCFA7 0DB3DA 0B4E28 0E83E3 095FAB 02F8DF 0C7C9C 07D4FA 09AAAD 0ACD53 09C82F 0CAE13 01DE30 0D94C2 06E6DC 04B1EC 0BF7E0 0A9955 0B386E 00FDE3 078F7F 0EF2E5 03E867 0F19CA 00DBAA 0B772D 078991 011748 0F77C0 0B6A0D 02AF41 034D42 03264A 02CA71 00DE02 01DA39 0CD80F 00E6FE 04E065 0349B4 0439F8 092C50 08EBA0 0F0C42 0B20B8 05E575 038136 06BCF8 0FB649 035286 09864C 038A13 06D57C 0E113F 03E326 02844E 1FBF22 0A12D9 0D40BB 07F79A 02165C 01E8F2 0A149F 0E5EF0 061085 0F0CF1 07D81A 067CBC 0408E9 044CA2 0EC1BB 068C26 0BE566 070E12 00B221 0135E7 0D4FCE 00FEA7 0D4294 0E5EEA 0A6063 05F1DE 076FB0 08A9B5 0780B1 0EFC0A 0F3D3B 017882 086E86 0F9DD9 07219F 0CD7FA 078440 00F689 0BCFD9 074A3F 039F82 026EAE 02D20E 02FD25 05A84C 0C04F4 05408D 0AC7D6 08B7FF 0CB29A 08356C 0D76C3 0CD9FB 0EBA7A 05E863 0DCDAC 0770BA 0E821C 0688CC 08F2F2 026FD4 00DDBC 00D1C4 025617 09595D 0098CC 0353E0 1AFFD4 08D9B2 0C2EC6 0325B7 0FF9CA 090D75 0DD417 017918 0EE8AE 045AC9 0700B3 02769E 087083 0D137F 0B26E1 0D3C0A 0D6B5C 039EC0 104EF0 04C4C8 041D6C 0E372A 0DE7ED 0FE619 00AFEF 01F4BC 081399 0EB72F 0650B4 0A4DFA 06E3EC 0E2E93 0E0885 038E50 0B5432 0A71A6 049ECB 0E82B6 159C72 0B5A9A 0ACEF2 078DFD 007EBD 066B16 0E3B0C 018CEE 063B30 0A971B 0204E4 0977B1 080EBD 068F1A 062943 0DB5DE 023EAA 0D83BD 017AD7 00BE25 074625 0B0585 0E3706 0008C4 0261B6 0F3973 021964 031A13 074758 068A87 0DCAE5 0188BE 0F5255 03238F 058841 09293E 05DDD2 072DE0 0A61E4 0F4DFA 018F70 060FF8 061E46 088F8D 02D43B 0CB97A 0B2A00 08BBF2 09BBD9 00F569 0AA47E 06492B 0C4BED 0AEACE 08A45C 044A7A 0C444D 06A165 023753 0133B0 0A1283 0F921F 057323 0ABE21 0AC6C2 040457 0F9173 0B3149 0C270C 05E513 07EF77 0409A6 0B002B 03F6A6 09697E 06C3E5 051886 04BBC1 0E60C1 057BA6 0FC87E 0E3391 0B121E 0884A0 0402B9 16BECD 031037 09100A 035BE0 0A5749 0358D5 063601 0DF17B 0CD993 034F9B 0E53DA 03AF10 001EAC 0CB26C 08FEA6 0CC6CE 06CD2C 0ED070 0F69BF 0CA761 0E4CC7 039A66 0C3F7B 0AB4BF 00F018 096093 0A751A 0EE603 00D9EE 05EDB2 0EF374 005038 068466 02FB05 0E1C4F 059902 0619B9 0C6533 07D3AE 01591C 01F2EA 08DD4B 0CCE13 052656 082858 000511 02B6B8 0931C4 0E1314 06CCC1 00F29C 0A0640 019F78 06D706 009434 0104B9 04681D 010FD8 020354 075D7A 03382C 0FA050 0DFC11 08EC63 01AA3B 08EA9E 05ED73 03E304 0635ED 00DA7F 0D3189 0F9D54 0EFEEA 0AA2E1 037B51 0C18C4 02AD7C 1543DF 0943CB 08EFAE 0C05A0 001989 09BAAC 0B8A3F 021F28 08C81C 097BC2 0F53B4 0CE6EE 00D587 021589 08F9A3 0D380A 0278D4 02883C 0C79B8 0411CE 0CB57E 0A772C 0A1ECC 0238A2 0FDB22 047C56 0B0318 062E5C 0D1EA5 060CCE 038429 0B627F 09B875 05ED48 000F77 0BDF4C 0B3445 09F292 0D3CC4 035085 0C0A96 0A546E 01F27A 0253A6 03C7DE 0B5936 04717E 0AEA4E 0EB52F 03C90F 0F6FA6 0FD120 035529 038FA8 01E479 047B77 0FA1F9 04EB63 0EE129 031E15 03EFA2 05D155 0051A8 0AA157 0238C8 0472D8 0F530E 06A062 07DC00 06A2F3 0F36C9 03CA13 05DC7F 0C09EA 04CADC 03025F 06D5BB 07646A 0E3CE8 0F1D34 067A98 08EB3A 08ED0D 0AE0A8 054B6B 00F727 05509E 0E0ABC 0E5951 01C738 063D6D 051EB3 087631 04D5CF 10DEE1 0774F3 0953BF 0E1C0B 031D43 03D6CB 074A4D 002E4F 0DAE5C 0AE4B8 0733C3 05F0D1 0FBD53 01821E 03FCC5 07CEF1 0EFDA5 0AA164 0751FF 0F39AA 0996B9 08CC5C 03BF21 0BEE0D 028F78 067560 0ECCE7 0B0F33 0FFAF7 06175B 088F42 0EC43B 0D2E73 01A26C 0AA562 0BBB09 030D7B 0D0127 08E1D8 0771E1 00FE84 05EDAB 03811C 02BBAF 00BA3B 023CCA 0AD0E5 078C17 07EF02 003E20 049062 01393D 0F63F5 07C65D 0B2552 029F4C 0FF1F3 01AF00 087090 03832B 05DF5F 05C0B5 043596 011231 168056 0B2EEB 0940E2 058C2A 0EC51C 028C0D 0D2AA1 086A16
0FDA9F 05D2D7 071DDD 0EB303 086831 0C60D6 0BE40E 08EE72 08E0FF 0618A3 0FC972 0B02AA 02389B 06E3AD 0D28CE 0779D4 09EA2E 08EF21 03A5AD 0184E4 03E4AB 032D88 09C059 0D7842 0C75EA 080DD0 0B4DE7 06FB66 019E88 097848 023070 093EF3 142D58 0CF1C1 0BAE7E 0D42A5 0CF09C 052DA1 099C73 0E641B 01589F 027DF5 0C5711 085AF8 09C58C 0D2C98 0FB55D 008638 0E3DFE 0EC151 0EB6F8 05E9D4 0650F6 0A068B 08DFA1 0302A3 0E7B05 01A1BF 0551DB 085A65 06E53D 0C5029 0C6D70 0C17A2 045438 02474E 082276 0169AE 1B1037 0600DD 0A6A47 05B1DF 0BCBCC 0B22F3 0817BD 05B45D 02879C 10C3DF 02EB05 06F0DB 02FC3D 0A677F 089518 03D914 04DB25 0609D5 02A27C 00CD88 0ADD4A 06C45A 0F91B6 00393C 08066E 09117C 09E440 07FABA 07A892 07A8C9 04926B 0338D5 06EAAB 0A0C68 0B8AC9 00EF78 070E9F 03ADA2 0156B3 0AA7B2 0B1D4E 01EEB5 038B4E 00A8A4 0B417D 09BF14 07A793 0AEB13 0454D0 0B164E 0526D2 067235 0E21C8 0E9964 0AB0F1 0C744C 003D18 00984F 0B15C7 032867 0AF07A 056461 05806D 05445F 0EFB54 08BE5C 06CBE1 0C0949 0A4B70 06A8D4 093360 0BCF24 06D896 00F7F7 010C41 0277E8 080E1E 03102C 0A1FE8 0FFD77 0AF3A6 0A1E24 0E2F91 06AD9A 0373B8 003421 02D836 060DAC 011687 012B1E 0298F5 09DE9E 0504E0 002CC3 0E34DC 02E310 02588F 08FA75 0A7561 0CA5F9 03DF24 084D0E 005A28 0C4BBD 0DE5E3 0A8453 04480A 044847 0A49E8 0D2EA6 08AF09 0C0EE0 0EAD42 026512 07D6C4 020EBA 003581 0256B5 03E6A2 0DAFF0 017A99 009478 0C3491 01C554 0DC953 0ED6CB 0AD2C6 07756C 04EF38 058977 064557 0C944E 01D84B 0AE03B 0BD069 033A4B 05B3D0 0EBF3D 04F33C 0F28BC 044BF0 0DF3C3 021840 076F38 09916D 08E3B5 094491 081E72 0547AE 0EFCE2 0EC168 0CAC9C 0862D5 0BE54B 04C49B 00609E 081D35 0F3011 0BA9D0 063F16 0EE18B 0DCD14 0A5DF8 000ECB 0246BD 03785D 090104 05F5A5 09CF22 06518B 0F229A 0BC6D1 075422 04A7BA 022EF8 0F7302 10210A 08F1E4 01122D 0649F2 110B98 0A6CE2 00A5FC 07BB2E 0A6FA7 05E230 00D61C 03ACF5 0BE768 0237C4 054D90 0F410D 177C81 0FE318 03E5E4 11861F 0446C5 08E5DB 0302B8 00E8CF 1B8B4D 0B8B74 138B61 02A35B 055179 007D7D 097757 0430CE 0C7201 0146EC 0B9A45 089FF8 0B390A 014663 080C5F 0CB9A4 00DE11 06CFD1 05541A 033A03 0FE0CC 0DDB26 0E6E1C 0D2C28 097A95 0C2D85 0867C2 03E97E 0DB377 0B9CCC 0B9D0D 002CDC 07D686 0B9354 0EAD61 02A13D 074B48 0F5488 0B7E65 08E958 084914 026EEE 00F1C3 000959 03EEAE 0DDA5A 0A44A9 06DFE6 099AE5 09D165 0B1E20 0FAC89 0AC24E 068BCB 0BD9F7 03422E 0C3E9D 0D28DC 001ED4 0978F7 044BA2 0C8039 0E4D69 095B5F 0A0C34 09E0F8 054C33 02C413 03498D 0090A9 0F3BFA 06479C 018F73 06A475 052F63 0AD521 006B87 0F7976 00AABE 0A5B1C 0365C9 0772C3 0F7B80 01CB31 0121C2 09E8C8 0D1639 0CE1F2 02ADA3 02096D 0EA089 0561D5 0E18C6 003820 080E0E 12502B 0C4241 056666 05CA93 0F57C2 01BBB0 003BE0 03D3BC 05FDBA 0A21AF 0D5595 05EADE 01D669 0CA1C7 0CAC8A 03CDFC 0D4F9F 0C5B9C 00C280 0BCB16 04D3FB 017AEC 0E8A64 033A32 017B71 0EF23D 0BBBFA 00B80C 064AB6 028945 057D16 0F5842 085041 0D9A97 0E38B6 0A33B0 0C0988 0E72CD 004BCB 01A2BE 0D2848 072972 029584 031005 0B43A8 0632B7 07B3F6 0D3BA4 022579 0F4A7C 0B8411 075881 08F34E 0EDEB5 031ACF 02FE66 04F263 00412A 0A7B7A 010E59 06A789 0AC094 04846B 0893D9 0F7051 09B931 06F4C2 004F3D 0A71B9 0C8B22 0B37DF 0445F0 0EBBB9 079AE1 0BDE0A 014C2E 04CCD1 0E9E09 0EDD39 0C19DD 07BA09 063959 0DEE47 017555 0F26C3 09D129 0932F0 1F6C6F 05EC37 08FAD5 062C4B 0308F7 0BECEA 08B267 004A8F 023277 04A74B 00A9E9 075B87 0088EF 012CD8 0386D5 02D091 01B17E 07E623 037540 0F76E8 04D021 02E523 012A3C 0086E1 07FFD0 0D0014 0D7D46 042ED2 077631 0984AE 0764C4 0B4C99 0F7847 02D14D 072516 07DDBA 001E67 0DC452 056873 0D538D 0394D2 0C87CC 0E29CE 03A725 0CAE7C 095373 0E330E 09B2EF 04C275 0E310F 0CAAF3 04CB95 0796FC 03E914 048107 18A90A 08FB14 092B78 04DBC5 055CAE 04632E 02AB1F 0367A4 0849FD 03C1AC 19B415 0403F1 0EF535 0AFDAD 0A4341 09764D 08289C 06D676 18DFD8 09D0DA 0C08E5 0333FD 0F02D6 0FA517 0B23F9 0A29F1 0F5019 09CB82 0B512F 015937 08A984 0DD682 02062B 05332E 05678D 0E751B 013999 0F3E4D 0029A1
0ABED2 0A3271 054C2A 0F554C 039385 042CE4 0441F8 0E5D74 00E6B5 0F9C63 0C6877 0BC8CC 09FD2F 0F8C46 052587 01A809 065B1A 02AFD0 0C821C 0BD63E 040788 06AA70 0F8951 091CF1 0A4710 131639 0DF28C 0802AB 00CC01 18D597 0DCDD1 00A77E 079EF1 1B565B 0291F3 049B8A 090F2D 0D6203 0A87B6 05AD05 05E6C8 082909 091EEB 05DFC1 076176 0D8894 0DCBE2 0AFAF1 0A8EBB 0914DA 0D4933 0B36E5 0FD437 0E907D 004FEE 0C4B1D 0E36A4 07F677 066D9D 0154CA 019CDE 0C5BC1 03E02B 0728DD 011D43 086236 005350 0A7D1A 04C799 0740F5 0E85E3 03501C 0D8859 0598CA 0DACFF 0D4E34 07151C 0FA562 09D185 01A5A3 0B7ACC 0B47BA 023A11 0CFDE2 06547B 05ADEE 03E255 0648DD 07CBF6 083B04 0EE1B5 0B064B 0EA47D 05873F 0222C2 0BFE44 090479 056DAD 06D0D3 0E0D2E 095138 060504 068E5E 113B10 07DCAC 0E61C6 04C2FB 09C710 0082AF 00E645 0597C7 0DA2A6 010CB2 01FE98 090C5C 03F190 06F08F 09DA68 0308CD 0BB83B 048528 0246DD 0024BF 0D9BBD 09BE53 0C6710 0C54ED 09D8E4 1C0113 080D0D 038AD4 0CB40B 001BEF 00CE94 0AEA09 02EBC0 0B8A79 0A4D0A 0DE84C 01EA58 086376 02875A 027F1B 0B36C1 0836F6 0544AC 085A52 0A7994 0D4455 04FA1C 092FF1 0055F9 07170E 045E9F 09358E 01E495 0551B9 0B7F32 0489C4 0E679C 081FAE 071669 047E30 030F19 0ED576 04E58A 0D9C4C 012757 016CBB 0A5DD3 0481CD 000963 0D200D 099CD2 0EF796 01FCA9 0C98C2 02D63B 09CAED 060B7F 04BE24 0F34BE 0BF758 0319AB 0255EC 06FD8E 0C7A61 02B5D6 042CCC 1A42B8 0010D3 0E61CE 0BC037 0A119F 0A35B5 076ECC 0C7D35 1D6939 078F53 030B9E 0E1C00 0C15E0 0C90C7 0E55A2 03AFE3 03B89A 03256D 02C4BB 0E84C0 0D2F0B 0F272F 05D231 05C906 0C567B 0F7127 0641DD 008F6F 0B9E72 095076 0E40BB 020A5A 075189 01ECBD 05EB6F 0DA802 069161 0BE44F 02C3D4 0EBCB7 05ACC0 0D7749 06902D 00E4BE 093027 0D2649 0EE43B 1CB135 0B2ADD 0FEB24 091483 070883 0F5D04 0FF171 0EFC2E 085443 08D16D 02807E 049116 081003 053CC8 03293B 08AE40 00F102 0F702A 033756 006D3D 00301A 06DDF9 0E883F 08EF79 06EAC5 066033 0F2D10 01F341 0C61AF 06F44A 0DBBB0 0427EB 0CFBBD 0CA6AD 0A74B0 09446C 1CD89C 0BFF84 0BDA82 02C180 0DFA66 006D2A 08E174 076C30 087C07 09A4F5 00A618 079B22 01FC32 02FCDE 037127 0507A9 097AE2 0C7E9F 095B54 0AD456 030F52 0DEA5F 0B4735 01E1AE 07FA03 0A2CF7 0BAA07 0D4679 07B278 0C7843 0051E6 0A6E4A 09734F 0AC9D6 0502DF 02D593 0D7123 04EAA0 0CA5F7 0D750C 079095 0675FB 0C585D 0C72EF 039F7B 01C063 0DFAED 0EC834 0520E6 08127E 0B1A2D 08B3CC 080B42 037B64 0AD6B0 09DCC3 0A2DC0 074046 08D37F 09E9BB 07F8E5 062EF4 1B6EA0 08868F 082020 08D8E4 02F431 0A3B4D 0C227D 06FAAD 08D735 0723F5 0802E2 0CCB51 0A3E24 0E2EF3 0BB583 0EFCCD 0D9DC9 093E68 0BBB1D 06FC0D 0C45CF 018D7A 075BB0 0F9F37 014D51 007671 0F9B43 0FC4AF 072BF7 011993 0B88E3 005139 15561B 053E0E 0CDA27 0336E5 053040 09BBCA 0822AD 057201 07EBAE 0FBC8A 09FA4B 029342 0C474A 1C540F 0FE262 0A3987 05BD9D 070404 054EA7 0D075D 0D9F08 0151B3 1F9CAA 067D86 0CB3F3 05425A 0AA185 036A02 0DDF20 0FC1A2 07165B 08AEDF 0EBB5E 0995A2 0EC9EB 0BF550 02800C 0D1E20 07516C 0C8C6E 040BC9 003D0E 0E5435 0D231D 02C6F4 0E66C6 0875C3 044207 0699A9 0C518B 03A229 0F2BAF 0320DC 0039D7 0C6AEE 0E0B87 03080B 0B867E 0561B0 06D1DB 02A105 07371B 0FE274 0B74FE 043896 096154 06750A 0CA66D 07AE24 0E71E1 053549 0E3C07 029B29 048935 000736 041626 0B2922 066E00 0206AD 01A06A 0510E5 00AB18 0F1B9C 034786 0C619D 024284 03F188 0B851D 0F5FA7 03CAFC 0C93E6 0718BC 0C7F16 0388BC 0A84E9 06C5AB 084B78 03E8AB 051B15 02D895 0D723C 0B6DC6 055DD1 067B17 0646F7 08F238 029569 08389A 0BDA13 0019FA 0897CC 0AD274 07E1A1 07DD4C 0679A7 0D94AB 0ECBE0 0A0BE8 0A5E53 051720 0CC201 0E2469 0C8B2B 0F99F1 0303B7 0B5E7B 0E55A2 0C22E2 005269 0FA115 04D354 059579 09BECC 085CAB 0B3AFA 076FC0 0FBD43 0AEC23 068E86 021B9D 03B080 0208DE 0A7478 0276A5 053804 029EBC 09F3EB 0EC26E 078AAF 0164FF 062D33 0247BD 0D960A 0B44E6 0966A0 02627E 073FD4 0245AE 0CB72B 043ECA 03483C 0F1B8E 045E7D 09222B 0427E8 094619 0CBA9B 015B0F 069A8E 09C150 0A721E 06DADD 0E6490 0E0921 03C5EC 0EBE76 07FA43 01F686
0C727C 001AE7 058E60 0FCF57 04DDCE 000225 0C439F 0836EA 0D5E8F 02EBE2 0360E7 0261E4 084015 0F524B 06C3A4 0DCBFA 0642FE 06E7A9 0CB72A 0F197A 095594 082F19 0C6D3E 0E0849 0FEE0B 02B8A6 0B7594 0894DB 006675 01D10A 02B0A5 05CF1D 0939A9 0EAF85 03C98E 056109 093B04 071050 02BE67 0E57F3 0461BD 087BE3 0DEFE1 0F81DE 032681 000D13 0040AC 005056 04B04A 0B1F95 03ED7C 0F2313 0ECD5D 0623C7 084243 082D12 0ECBE9 06B8E6 0C57AD 0D81B5 05ED36 00F286 099991 01A83E 0B7BC8 098968 0B7C06 0E1DE2 0A5F0E 0CD7FB 0D0EA1 05C535 000B86 0A2313 044617 0B42F6 0174F1 08A9DA 074772 0EE286 0E49CC 0C565E 0800D9 04193E 0219CD 077AA7 03A306 0A635F 03C4C6 023120 102C74 08DE93 025AF7 05CCDA 0CC0FB 074CBB 008758 073B7D 0BADBE 0EF471 04E6AD 0E54E6 0A7215 0F983C 0C07F8 0A0257 0696D4 06F019 0FE57A 028B27 01C03C 03F256 02F7F8 0E1755 01030F 012900 0B89DD 0EC12E 07CB82 06AC86 0BDCA1 0ECC67 0707CC 0E58F8 0BFF90 00BFC2 00F731 037C07 0F2AA0 09CEA5 093F59 0292A5 1D606B 0F8592 0BB9DC 0BA2F4 01DCFC 0E78DA 0DCF37 08E239 0A1D21 0CA1F0 04CB75 0DCFB6 07BB38 09DDE9 0DA0F8 0EE1C3 038AC9 049D12 077DFC 0CB7FA 092F7B 056EE7 0114B8 0824EC 0ABFB8 013B23 0B89B7 0892D6 027CA8 084967 0E9657 016B2C 012639 0C4F2D 080E07 083CD0 03C0FE 0A1FB3 036F16 06AC0F 0F45EC 0987EA 065C8A 0F9142 0807F0 0732DE 0B5563 0B6840 09AF0C 0D6502 0F70D9 072058 091897 07DC19 0E8A96 000F20 0F04D2 070278 01BA16 06FF6B 05B6DC 0439E7 05007E 01210E 04F6F4 0F9ECB 0B2E9A 09EAB7 07D942 02D9F1 054BB8 03C912 0D14AF 043EE4 0F71E9 09D989 0EA21E 0250A9 05CD75 04BB09 09AFC6 039594 00D979 087849 0B35B4 0E9315 078E0A 07AB4A 01A387 0A80AC 0FE342 02D334 0A6619 0C26A0 0D8EAC 02AC18 03DF7E 038026 080952 0B5F02 0716E4 0F39AC 0FFDDE 0595EF 09265C 0D0DC3 06FAFF 0DF1DB 0553DC 0FA9F6 0DB663 069C36 0F5C6A 097ABD 009F4E 00F71D 0A76D7 06557C 02196D 091CE7 03E6E9 124BEA 020857 084860 0E484D 046DDB 0595AB 0089D9 0FEEBB 0139F2 1D808A 03D2A9 004C05 043133 0B54F0 093BD2 08B831 015DA9 08A67E 086B2D 004C28 061A4E 00863E 0D1775 04BC32 0ED1BB 0A9FB4 09E229 0FFE94 095E2D 0467AA 0D5316 001F9B 07FCD0 074B12 059541 02CCFC 0460CC 0DF29E 0EF877 09BB54 0BF158 0149CF 01C5B9 03F480 09FF25 0E0D05 00E93A 069DEA 01FEC1 0D975B 0874A1 078E56 02B183 01A7F6 0CAAC5 05A41E 084A35 02FAA4 08653A 050B94 04D551 0A9963 007E6E 0136CE 067EDF 004076 0CFBAD 04C56A 032270 0D0183 05C572 0F9FD9 004BF8 0ED0DD 0DDA75 0DC2D6 0EED89 06A954 0C8C1E 0C6162 0772AF 045633 012866 0F07A1 0CBB13 0236F6 00C2C1 04B35A 07A9F7 08150B 052EE4 0D2BD7 056AE8 0DC94D 0020AE 0B8CB4 033665 0F169C 09F5BC 0E2441 0BE73C 0B8092 0C9E67 0628B1 0D9DAD 051BBB 066D5C 0DA515 08D560 05280D 0533AA 024F1E 0F94B7 0AAFA8 059FAB 0A340D 0C1D16 0C0C26 094483 0F01D4 0FACA3 065F08 0841D0 09053D 094DFF 069DB2 0D6F76 0B9453 05B21B 030B30 034D5F 0C2580 0FBA7E 012F78 07C11F 061E93 03A28A 0681E6 0F8F7B 09BC84 0F06BC 08F7CF 0E661E 03DA58 0F5B89 0FAA9C 0A8184 0B2EEF 0AAFF9 0DC51A 012B49 0FDBD2 028723 0C3CDD 0CA535 04EBFF 067AC3 0B97CE 05B684 022184 0856B6 09E39E 089D9A 0B4E87 004229 0F0A34 004981 0B3AA9 0F47E9 0B38B9 0932E5 08E575 0B9214 0ECE76 021853 072464 0C1945 02C414 0F7EA5 028DBF 0D58B8 09D5A8 03C7F4 0A9B76 04F687 03C59D 02B5A4 00C4DE 0F4034 04E797 07B93D 07C8D0 00FFF7 0F34A3 03B916 0793AE 08BC2B 0E774D 010F27 026013 00D77D 0A1D31 0013B4 0103D2 0A4B3F 0F2D2D 0902DE 0A33BD 078834 1E2851 098D61 08D61A 035B7A 071D3A 07A156 0D1547 0BF87C 06AD21 0E4C61 0CDF94 0478E8 085CF1 0CC789 0EBFC8 05DAE9 0201DB 0A3816 00B0CC 0C44CB 0A049E 09D386 0DD8FC 054023 069A67 077ABB 04D5AE 005B04 016078 079779 0DFCF1 0899DF 025CD8 0556A8 0675F3 0DAE77 0F25C8 0016C9 0E5200 041217 0BAC89 0D67E4 00A952 071649 0763E6 060985 095367 0A30A3 0E4373 090BD5 097480 04C9BC 0C9BCA 08F702 01E3A2 049A84 052D52 0DF696 059C05 021DEB 0413D8 084D8E 061551 01488F 02897C 0F6F43 08DD51 0F195E 0455BE 0A4952 091040 0D0AF3 0C9F8C 09404D 0F2D06 0C5E1A 0D6CBB 0EB29C 0D5358 0D36A8 045A02 07121E
0C37C8 0A9738 0B8A2E 01F4A1 00142D 08A64D 0F912B 014239 00FD06 0F2AE3 0B8B9D 075EAA 093A71 0270A8 0A8291 0F1531 077E09 08D0D3 0F3FBF 0E7B02 0E7F16 0B0E1C 0A515C 067ACD 0DFADE 01FCE8 09A98B 0AAD22 099727 07F87B 0B1BCC 009573 0A553B 02239B 0CFED0 074F6B 0AFE81 0CCBD3 02BBCC 008434 066B23 0B747A 0D9E24 0F9DBF 005F7B 0B97B2 0548E9 01A154 005B0B 060A34 05C3D2 01C56D 0E7308 0ADE65 0D3073 0D984F 0AED2B 023A52 0523A0 0FD0D0 06BB18 0F65C1 0BE8B7 0AC838 0BFDFD 094569 07C630 04E2F4 0C77EB 07E0D8 0F27B2 0CDA5D 099559 0C3A29 09C9AD 07E12B 05E92B 08F83F 046A28 06F942 066FB2 08A04F 0FE930 05643F 03CD54 07F33F 0AE947 01FFEF 0F6AE5 02961E 0ABA2C 0504F2 09C990 055A88 0E086B 0FBC02 077E5D 05D4F1 08D26E 008DB2 064968 09B2C3 0EE9A7 000D7E 0D6759 00BF03 09A0B8 0ABBD5 0607A9 087BE8 0E6CB4 01C087 0C99BC 09685F 0B2E61 0BB1BB 0FBAF3 0BFBFB 033CA9 054FD6 06B608 021D41 0E41C7 035BA2 0F1302 009108 09FFF9 07A264 063496 05EF07 0C1E1A 00BA29 07AF59 07FBFD 0FDD41 00B258 0E4232 0D5B79 0311BC 0760BB 09C815 00E6C9 018EF5 09A8F8 0E710A 042C82 059284 06BE65 0DE673 0F723E 0DA67B 004F75 0FE293 06C048 068274 04E21E 0A86B6 0463DA 0923D9 0BF063 0B88BF 065957 01A89A 0A8ACB 154DAE 09EB6B 09462D 05F93A 0DE017 01E429 0F7F71 02B516 031D2E 0A241A 087A60 07BA53 072CDF 0B2831 09D9D6 0273B1 00801C 0D09AB 05A462 0A8E4A 081985 0ABC81 060085 02F12B 0EE5C4 0A36AC 0E96FF 0149A5 0B9422 024053 0BC649 142594 0AB42F 0E9CC2 088EAF 092CC8 015623 070BE9 09A714 0BF46C 0676A1 079181 094804 06D054 0138CC 0837F2 0ED43E 0E6C56 0CC533 056BDC 07C3B4 06BA73 044048 0FFE6F 0999CB 0B2C53 0344FD 03A653 0D87FB 051DF8 0F6C14 08AF11 0AC5A6 0D2E96 0B3889 08D520 0EA22C 0D71D4 01CB27 0061D6 0C6784 015728 0A0695 0003BF 00807A 0EC0B4 033FD2 0EC317 03EA9D 05924B 0B6C72 055E8D 0CC271 0B85CA 0BE4DF 0A4803 0B1E1E 061A94 02F69D 0C93FA 02C390 0B9F1D 0DF318 0A59C9 01F5A3 01318C 029268 0F23AD 043E4C 0E4432 0AA4E5 00E720 02ECA3 09A01F 03EBCC 026E62 07D3CB 044009 012464 0F3B6E 0CF27B 065394 0D7A1F 075AD2 027DAB 017111 07F1D2 0E34E8 063CED 106E4B 0DE047 055675 0E4510 027543 0AED7D 0B4B42 0FE1D7 1BC50D 0C9B13 04E183 033F09 02A86E 0DE74C 0011D9 00E530 05570C 05994A 006B4F 0791A3 0DBB28 044005 0ABB6F 05161F 000D2D 00CA6D 065610 0093F7 0CC7A8 0BE495 1B67D9 02A7C9 00B8A1 01F80A 0FEAD9 053885 0323FC 00EA8A 0D40B7 023730 0AE0C3 0F716C 098E38 0FB8C4 0FA170 18829C 0254F3 041555 014673 0DCC65 0DB95C 0283D6 07AAD9 063878 08F2EA 0CE097 090634 067669 08E6C1 0522D7 0DB728 02A3F7 025D8F 013E17 1D1A8E 0EF4A5 0D5623 0B0F58 03258C 084BCA 0EC6AD 089869 0BBF25 0B13C7 035303 07FE1F 09440C 0D6E4C 0A8D57 05CD8D 0E4EC1 046F0E 093AB6 081CBA 155E71 0C78AD 0CC7CE 04A369 0DCE78 0299D8 0226D2 0AA762 0F3494 0E0338 00F37F 078677 05AD1C 0035EF 0D34C7 05E1DB 08F8CF 0EBA64 05018C 0BC7AF 081618 0F49BD 00DC55 0CD483 0F4045 0D1F1E 0D6CCD 0D1F44 0A738D 015CEC 06FD02 07E786 04D165 01A97D 00B02F 0DAFED 0C41B4 022F84 0C689C 0DB5E3 0C9415 007E28 08B63B 052CF9 0080FF 00E300 05ED29 0A8632 0CAAD7 0A9E97 044600 062BEE 0DC1FA 0832EE 08FE39 091FEF 0C69C6 08467D 044153 018743 0E2BB5 0AF136 07E1FB 0F61C9 19F50E 05CCA0 0E206B 0C3481 02493B 0BD788 18D504 05D11F 0E46D3 0240A7 080D22 00824A 0C22FF 0E624A 0F08DB 03FC59 03AB1F 08E626 0585BF 06CA9A 05784E 1DBD8C 0DC666 0757C7 0D2FBB 0100AC 01BC90 034E99 09A539 05651C 096FAB 006DB8 0A7523 0466F7 0EC078 01CFF9 06B251 084820 0B0DBE 0BD675 05EA1A 026A74 037934 061AE8 03E9D0 001577 05D8BB 07B1E2 0F7E05 03A885 0BA253 0D6727 0CBAD9 0C8BEB 0750A0 07A4E0 0E2395 02392B 037486 08AD5C 01EAF7 0FE866 0E78CA 0B7D17 0404DD 0F8E6A 0D3959 07B7CD 085DC3 00DEA2 0F0C6A 0DB286 00EE00 005830 04B020 0E01C1 09B638 0752AC 09D784 07E2FB 0665AD 06C74B 0A95EB 041971 0DF2E2 0DDBE6 044873 0C5E1E 0194E7 029D09 0E2912 0CF1B4 0871C3 0A79BA 0864DB 004679 0E8C01 063E5B 0D66AC 0B2379 0929D6 071FDA 0EBCE9 0160E4 0D5FCC 181DB8 069C27 036BCC 0BD28D 07D743 0C41A1 07DD19 0CFDB6
09DB3A 0E24B4 0135C3 0872F4 00B0AD 02C0F6 08A6C1 08957B 0E5E3F 06E27D 0E94B5 078A82 0B8634 03C64B 00801C 092EA1 038EF7 089848 0DE8B8 0CCEF5 001339 0DD2FC 04DF36 0386AC 065F6F 0619B4 098634 0EC6C6 0236F5 085415 01B684 0AABB0 0BE469 0392A4 048ACF 0475DB 0311C2 095607 09D05C 09D277 0192C4 03A73C 036811 07986A 05721C 0854EC 1508AC 067A20 0F6905 0213F1 03DAF6 081E19 0D837C 071E8B 0F200D 06A505 0BDB18 0378E7 01DB97 0A9FDC 0CEF14 06EDDF 05A695 0839A9 0BF3D4 0A5095 08FEB3 02C47B 0D6F79 0D4E2D 07537D 01196A 0F0F01 0706AB 0758F8 04A2A8 0974E4 036F5E 0BDB93 0F4CE0 08ECB9 03125F 0166AB 0885C1 03F809 0174C7 06A510 0F61C3 0F8085 0407EC 01BFE4 0E49DD 05EDB7 018A49 01244A 03CD20 0BBAF8 068EFD 03DAC2 014CA6 051503 0625E7 0CF342 0C0523 066776 0E76A3 090889 0C5D78 0B23AE 0BA0A6 099F98 042174 01CE8F 0F6913 09AF7B 09D1BE 0651B7 0249BB 032D4B 0BD513 0B3511 0356E8 0E2369 08B5FB 07879D 092661 036243 0EA069 0EF55F 016931 072BFE 01DA03 0F0D40 0B06A3 0FA436 03BC9E 012022 00ED0A 049FEE 03514A 055787 052C2F 068455 0B30B9 07E9D0 02B355 0EB9F4 0320D2 051D17 00FD56 076FA0 0A1474 022779 0567C3 03AB23 0CC2C3 0590BD 0A5967 0F5428 003B82 052CFD 00F224 041677 07C278 003D67 0D6766 02D599 04F898 0371A8 025571 014211 0D8938 038BF7 02626B 0F0901 00C0B7 06DF7D 073646 0ABE6E 03B699 0047B4 09852D 0BDE5D 008CD7 09F67C 043EE5 07971F 00B756 0D7402 0AF4A2 040C66 061976 0CCD0F 0E5E63 03F290 0C7E7B 048910 0B686D 0513B1 05265F 029472 035BD3 055E61 05FEAE 012779 041DA7 0AF628 0389F9 055F9D 08FD92 03DAB2 07B53F 0F485B 0FB72C 074F04 0E0A16 08B6DE 05064E 08004E 0040F7 03A11B 0E655B 055E38 07A864 070966 0C40FE 0A03C0 0123EE 0A2A16 07A674 01EF14 0604C7 02A3A4 00FC1E 0C536C 051D70 062010 0C5AC4 085494 068E5E 0D74F0 09AC9C 085869 0900E2 0E1792 0D56E6 004EC2 062E5E 0997FE 0D2618 0BD102 0A66A0 0B3701 08720E 01DA76 0B52D6 011789 0EC4F0 0A16F4 09A02D 0EDE4F 0086FE 0912EA 025476 0628F5 0876D0 01A61A 080A11 0A82AC 003151 088A28 06E4F9 0326B7 01D456 0F2723 0AD4F5 0004DD 0C0197 08BCE9 059F33 0D72C3 08EBC2 00B209 0B4219 07138E 038339 0AD8D6 0B8DAA 070065 0FE0BA 00E62E 09368B 053D20 0194E6 0CFFFD 0781E3 0D1C3F 0AD9F6 03B668 060798 076B86 0567B4 07DC09 07C3D7 0CD26B 0322DE 03D7BA 0B4029 013E35 0ED729 083504 0DC5FC 073515 0A713E 044DFE 0CDA02 0BDF48 05FACB 08F710 09CB97 03061F 038872 0B5B39 040CA1 0CFD2C 0EB7E2 06626E 051421 041A08 094E02 095D85 0D2909 072B6E 046874 09A71B 08CFC1 0C0A74 054E30 018145 0B77DA 05FC54 025FE1 090A2D 0F6D51 04E5DF 09BCF1 00FE31 0CDFCB 006573 0F9B99 056837 098762 09A9CF 07E178 0B2B16 017C53 0AD6AD 047E4E 077A26 020C6A 03234A 0FEF4D 020EE9 0B418C 0C98C0 08438A 0A07B5 019A8D 0EDB91 120CF4 182704 01555C 0B6AD5 08644E 049187 0A8BE2 085175 0B7F3A 09AA80 082A88 0A22D1 0672EF 0C64C8 0CCEB1 08F7A6 0B8CB7 058AFA 0E9435 0164A1 015167 0E4702 0B5534 09222A 0FF804 03EC10 06C05C 05426B 0C114D 0CEBDC 0EDF87 04B307 00913E 0E30C4 043AEA 0B02D7 0D8026 06B2B4 011828 01291E 0AB76A 02FE81 081615 0FB42B 027261 0DDA63 02C4AC 0F98CC 0F232F 0FC570 02ADF2 0D8353 0D748B 0821B7 072164 040CEF 0ACE74 033911 023E34 0651F7 0DC5DC 008C56 08AD82 0C4E4D 01E568 099827 012183 03C4AA 0BA987 06AC56 039871 01CD3A 0417C8 04242F 08F301 04074C 064205 0E3E92 099B2B 0D7C14 0960C2 0F2037 009DA4 060435 05875B 07F936 08A878 0BDAD3 0240D0 0A6881 0349CF 0B1CC6 0AA6E3 0076F1 0863ED 043710 0EA35B 0B4ADC 07BBF4 071168 0DB1B7 07E0F1 0A38C5 0BDD96 0B2080 035ECE 0F33AE 0297C4 03724A 044EA4 0DDD9C 01F64D 001C95 0FBD06 03816E 0139E1 03DE54 0AD87A 0E4DD3 02CA3C 06CFEC 075F49 082E5D 04B093 0F4BF2 0F9929 06743E 07788F 02C5FD 04F03D 02216A 0AF650 009190 0B8A48 02C27A 0A6AC7 0B4AE2 0BA93E 0F4C16 0FEEE4 057D35 0E4CFE 09561E 0D84BE 039244 02533C 0F6BB2 000298 075DCC 04373B 0CBC67 0FB543 0860F4 09E93B 0B0698 013E09 0A95AF 02FD41 0A146B 0B91F7 0B1977 062EE1 0D986B 0516A2 0AD422 026F7E 0BB62F 0CD03C 05D0EC 09DB04 007242 0FE728 0731AA 0811AD 03E888
03702B 01EE54 0741ED 0CD997 019267 015B8E 0CFDC8 07BE27 011B4A 06DED8 08E077 065EA3 037A25 05D8C5 0EC60C 0D1719 04D723 036C0B 01B518 03BFE0 005DE4 084537 0C4D2D 01CF49 06CE30 021F91 00BFD9 07DDED 0F8D9D 0A5FF1 008677 08C89E 0C3E4E 0271CA 03BC2A 0D6C91 0DAC9E 010B7B 09F015 01CF35 064021 06AC37 046F48 0C2D39 099D80 077A24 0A3932 003067 0BDD11 052C16 003AF4 011268 021FF6 051425 0156B4 011ACA 028A3C 0E7F54 06BB0D 0ACE14 0BD6D9 02F239 0637E1 04C19E 08892C 0CED0D 02D4F3 00AFFC 08D407 0D926F 05131D 0747E3 04E97C 08C0A9 0C70F1 0987EC 0CC4DD 068AAF 054047 0C4F86 05A465 0DCF22 0C40B1 0226BF 0EDAEF 08E590 0FB304 0FF35E 0373F4 0A16AB 0937B8 09DB41 0CC324 052944 199061 02F84F 0EAA10 0BF508 0D34B2 0BDE9C 0861B4 05DCDA 0AB439 0E64D5 0AB021 08CEC2 088756 03036F 0E7A8C 0F5FF8 044961 0B5F5E 0EC50C 0F1C4B 05725B 04CCC2 00D519 0ACF95 0753EC 043ADD 04BFD7 0836D2 0410D1 05C249 0414EC 07CAF5 091646 0E3B8E 0B6517 0755A5 0CA212 043AF2 0DDDE4 0B71DC 0BF638 04834C 0342E8 03DB77 0884B9 088625 0C15E9 03D09C 0915AD 0D9840 0CF8D4 09A2BF 071A22 00C371 071814 0E846F 0676FD 0F4EDE 0752FB 0D7D82 0EC3C8 080FB7 099BF6 0CB886 01241A 028820 04AB8D 053F9A 03EFF6 0CF2FF 095F3A 0C03B3 01213F 051F76 050C35 072AE9 07DA71 1D2157 0F6BC2 02A83B 0317DA 014D30 0EC8EB 0A235A 037A5A 074B07 09452A 01B332 09273A 00747D 039E7E 041AB7 03CCC8 05E17F 010636 064560 08BDB3 050992 0E1D54 09F665 0516B7 0B2D0F 037205 04259A 024573 0B5A97 01F318 015C72 0EC385 0F2996 0E97D1 0EC716 0BDE08 098BA8 010D16 03959D 056AFD 09F321 03DB6C 075B9E 09E13D 01E801 0D678A 078E10 03255C 0B103B 0BFB70 07BFB4 0FA872 0E1F2C 05657E 0F5856 09FF77 09E808 0FEE1C 0A5D05 02B038 022D9D 08831D 02A9E3 0EC67E 08A5D7 0A8EB6 0B9D32 095BD7 0450FE 0B21F5 0D92A3 0A63EB 096C2F 0F1CCF 08B6CF 0D0DF9 0723C9 0986F4 0716A5 0FD414 0EAE27 054749 0CB556 032287 0C4E19 00F5FD 0617BE 0F709C 01325B 0F964B 06BE62 06EF80 0C9E55 04DF8E 055DEF 014592 05D438 0A5532 06BD81 07C790 0A7984 0E9905 0531B6 0C4871 0CE5E3 0A108D 0B24A2 00236C 09A0B5 000732 072572 0D80A6 0209B2 0B2E14 06D3EE 0B319F 0864AF 0E27E6 00D7BC 03823C 0054F3 0BFD62 046E19 0BC3FE 0E4628 0C7552 0F492C 0A47AC 048FFB 086EF1 066A9F 0D9582 0627DE 0AD156 0D03DF 0BF442 04D57B 080C4D 072169 003CEB 0D2E57 0D90C5 00931A 09171E 019EF3 094C4E 0DBB16 08C5DD 099393 09FF44 082EEA 067BA7 0BB294 05FB12 0154D3 06B50F 09B9FD 0ACB5C 0313F5 074097 0F6568 02571E 0F9E89 06312C 04B442 0C53B1 0CAC34 0556F6 056A4F 048D4E 0EDF2C 0D2167 0D0D91 0638C0 0DDC8A 05D10C 05FC2E 0280CA 04BA3C 01C1D5 00E028 01578C 0892D2 07787B 0F39F2 085F4B 007FCD 095FCF 1F91A9 0D1BC1 0E13CB 0CAD81 00C5C5 01DE70 0BB621 005104 0DD71A 0B7285 002842 0DAD26 018076 090E48 0ED500 06A4DB 0549B0 0A2F58 18D11F 0353FB 04AC62 0939F1 09E515 011A59 0529F1 002286 09A871 06E1DC 0E6F7A 0BE3CE 01DA2A 12489B 032A39 09F700 0BB9E7 0F6113 0F9FF3 078307 054242 03DB54 0CA217 0C7469 064891 0B5F10 0F9D51 090A0B 008683 0FC5A3 0701AB 0DD6E5 02AA27 019654 0CAC73 0F640A 0E4D17 0C4C72 06B6B4 0CB5EC 0517EE 0C2984 0FB370 0817D9 060888 0B966E 0B19E8 0A349C 0B9FC5 0B2DE0 0DFA90 0A31BB 032487 0CA228 0EF74F 0E95D6 04359F 013998 022C07 0FFBBB 0DB32E 021C10 0B9AE2 0F77B9 021259 063B45 025B23 0810BE 0C304B 00B0C9 0211BB 01C53C 0861A6 0F88F9 03FBFE 06EA16 03B612 072E96 15AF41 0C3E4B 0E181D 0C00ED 18FED9 01C525 0C913C 0333F2 0AED6F 01726D 046C76 0DD138 0E956B 04078B 05F834 0A6FD4 094092 05D844 04553B 0FAC5E 098AC7 09C4E5 0F6891 0DB183 0B24E7 083DE7 0CF9AF 0E374E 071BED 0986F6 0323FD 035A74 0DB830 1A631A 0795B5 015B38 072930 00E3EE 185E57 06D0EF 0DB1C8 097D2C 0E95DC 06966C 0648C0 0A9D8B 03AE2F 105863 119729 0DEA1A 01CBA5 0BD39D 02D06F 004FA5 001F59 0972B3 0ABE8C 0BF1C7 044BC7 0C26BE 02F090 071FEE 0501A6 03FC9D 08CF64 0C0A03 045286 0B4252 0D4121 0E2D82 1CBFE0 0CC6EA 06652C 089052 1D2D7E 068A2C 06D414 0ADEBE 0C073F 08E8B3 055C37 0E55B1 0D862C 02C036 006814 02F0E9 06CF06 0EF528 023219
0F7DE7 0EDCC3 0D9EE5 0B1C5B 061F48 0C3AAF 08575E 008D8E 011ABB 0231F7 046104 08C0FF 01A605 034914 0691ED 0D21A1 0A651A 04EE1D 09DB47 03942E 072A09 0E50B3 0C856D 092DD7 027CF2 04F8A4 09F2C5 03C6BA 078A50 0F13A3 0E0686 0C2C8F 087D25 00DD82 01B839 0373A0 06E2C3 0DC2A3 0BA41C 076E38 0ED81C 0D97EC 0B0EC3 063FAD 0C7913 08D78C 018D3F 031B6E 063180 0C6348 08E795 01EECB 03DB4D 07B02A 0F6158 0EE788 0DEDB4 0BFEF6 07DCD1 0FB9A0 0F543A 0E8DC1 0D3F48 0A5D39 049E8C 093B64 02547D 04A95C 0950C3 02874E 05094A 0A10B7 0405C2 080AFA 003666 006B59 00D200 01A378 03402A 068396 0D0037 0A257C 046F16 08DBC7 0197D3 0328B3 065043 0CA04C 096752 02EE73 05DB0A 0BB232 0744F3 0E8B6B 0D37EF 0A4F72 04BC85 097924 02D4C7 05A8A4 0B5205 068569 0D0A57 0A3514 044CDE 089A8D 011567 022BBE 045274 08A14C 016751 02CAA1 059042 0B224E 066663 0CC8CD 09B668 034ECD 069AF6 0D3280 0A478B 04AEC6 095942 02962F 052ACB 0A5275 04842C 0908DA 0237D0 046A64 08D3B1 0187A1 030A95 0612F3 0C21BB 086779 00EECC 01D856 03B2E7 076380 0EC1A8 0DA5B2 0B6DE5 06FF69 0DF81B 0BD5B0 078C27 0F1A91 0E16E8 0C0D35 083D25 005F8C 00BB9D 017142 02E34D 05C1A8 0B8147 0727D7 0E48D7 0CB764 094DB0 02BF42 057B99 0AF1B8 05C627 0B8833 073605 0E6BB7 0CF5E0 09CE43 03BC84 077B2F 0EF198 0DC758 0BAC61 077C3F 0EFB8A 0DD486 0B8C0E 073E92 0E7A21 0CD7E8 098FC3 033F10 06793E 0CF1ED 09C5DC 03AE6E 075ACC 0EB1D2 0D44B7 0AAD6E 057D77 0AF90F 05D7EA 0BAB4E 0775F9 0EEBB6 0DF5E4 0BCEEE 07BFED 0F7B22 0ED7D6 0D8FC5 0B3D1A 065D73 0CBAD4 0954DB 028D77 0519A4 0A336F 044554 088819 013427 02695D 04D310 09A2A8 0364E4 06CA05 0D9040 0B06A3 062D37 0C5A3B 08947B 010F38 021A50 043355 086275 00E796 01C9DD 039398 072285 0E4153 0CA5CC 096D73 02FFA5 05FA52 0BF2FF 07C668 0F8BB4 0F362A 0E4FA0 0CBF12 095FAA 029F27 053B3D 0A71AB 04C7D1 098AE2 033646 066B1F 0CD2BC 0985A6 032DCC 065B6D 0CB3EB 09457D 02AEF0 155B65 0AB009 0545A2 0A8A45 05354D 0A6937 04F61B 09EA58 03F497 07E928 0FD12D 0F874F 0F2D02 0E7F95 0CDED7 099E6C 031FD2 063A57 0C739D 08C533 01AE89 035A93 06B087 0D6289 0AE5F7 05EF7A 0BDBFA 07955E 0F2AC7 0E7641 0CCC2B 09BFCB 035FE7 06B9B6 0D7088 0AC552 05ACF8 0B5A39 06978C 0D29FE 0A74BE 04CF4D 099BD9 0314CB 062A15 0C5297 0886D8 012C83 025970 04B3D0 096287 02E53D 05CB24 0B929F 070711 0E0ADD 0C3674 084D24 00BCEA 0179B2 02F094 05E3CE 0BC233 07A69D 0F4A32 0EB621 0D4F47 0ABEB3 055F7C 0ABA69 0557C5 0AAA87 0575C5 0AEA76 05F4E3 0BE8D8 07F6CE 0FE98E 0FF6BD 0FCDE4 0FBD5B 0F5E51 0E9DF7 0D1EC9 0A1FF1 041F53 0839A0 00578E 00A961 01511B 02A0AB 054084 0A8008 052558 0A4A27 04B607 096BF6 02F6FA 05EABF 0BD3C9 07845C 0F095B 0E365B 0C4FDA 08BEA1 015D50 02B864 0570A0 0AE152 05E617 0BCB2D 07B7F3 0F6ADF 0EF558 0DCE1C 0BBD8B 075C38 0EBB33 0D5453 0A8FEB 053C27 0A7A96 04D4C0 09A8BC 037679 06EAB5 0DD343 0B8434 072DBF 0E5978 0C95CA 090DB3 023F76 047A99 08F071 01C510 038B5D 071115 0E2181 0C64E4 08EDA5 01FD33 03FBBB 07F39D 0FE153 0FE711 0FED7A 0FFF96 0FDC88 0F9F79 0F1CA7 0E1D46 0C1EE6 181FE5 001CC3 003BB7 007076 00E13A 01C322 0381D0 07035C 0E01A0 0C24F7 086F7C 00FCC9 01FA43 03F054 07E2AE 0FC040 0FA674 0F6C28 0EFC91 0DDC04 0B9D28 071C55 0E3ACE 0C544D 088F1D 013E16 027AD5 04F0D6 09E166 03E786 07C96D 0F929D 0F06AA 0E2C59 0C7CE7 08DEBA 019F9C 0338F1 067140 0CE0B9 09E473 03EE7F 07D9BD 0FB2BB 0F45A8 0EACB4 0D7F9A 0ADFAD 059F78 0B388D 065552 0CAB13 0974B2 02CDE0 059A91 0B3324 064769 0C89C8 093433 024EF4 049887 0933B6 0244DE 048952 0912B5 0204C9 040A42 081029 000518 000B29 0011D5 00233F 004270 0080F0 0102A4 020053 0402BA 0801C1 00271B 0048C0 0090B5 01208E 024293 0481BF 0902B9 022402 044B74 089337 010742 020862 041228 08234A 006412 00C8A3 01915F 0321F8 064218 0C824F 092495 026E4D 04D884 09B3CE 0345CC 06884D 0D12CD 0A06A8 042FDF 085AA0 00962A 012AB7 02530D 04A1C5 094119 02A463 054ABE 0A93AC 050786 0A08EA 0435C8 086ACB 00F63F 01E9DD 03D293 07A0AA 0F40CA 0EA65E 0D6F9A 0AFD1A 05DE7A 0BBAFA 07541C 0EA96B 0D75EE
067A05 002A0E 01E9AC 0BCCD4 0D0360 0404B7 05ED33 044376 18BDE3 03DCB0 0F4495 019A13 00AF78 0769D0 034BDF 076A4E 0E1FFC 0847E8 05B791 003F6D 011218 047AF8 0A7702 05C89B 02D8C4 022BE7 02D484 0637D8 0B7385 075653 07A34B 07DE75 0248DB 09E47A 0D840C 0BFBF1 0CAC17 0A078F 0C088D 01786F 05E485 0C8955 014521 02881B 07C883 02C210 0BE5AE 0291FB 0B1DAF 04CFDB 0643A2 0F348F 01C69A 0E25AF 039CA2 01D74A 0489F0 05FD33 0D0D6F 043B89 1383AF 0F2CB5 1D77EC 0D1EEC 01EF54 0E04A5 0FA3F7 06AEB5 034478 0F337A 05B84F 0031FF 0976FA 0E03E6 041B88 0A17B2 0F532C 0D02F9 0E0CF9 0AF5D4 0A3F7A 028D11 0459C0 06ECA5 0564EF 094D9D 01AD59 0AC6A6 0E941B 0C80AC 0822EA 07ED9F 056B17 0DF242 00B8FF 08B6D9 0D4953 0C7BF5 09EBA0 0DEE3C 051D33 0591E8 0E5DF7 0D530F 0AB6BC 0D3C60 05613A 053E11 08F211 042DDE 06BFBE 074B87 0129FE 0D3935 0BFA06 0A67B7 03927C 0AFD99 0054E9 081CB4 03A880 0BC191 013447 0F31C1 00F197 003B52 0F35F8 047C60 046AAB 0B04E2 08F50E 0C73EE 074094 056B9E 025D0C 0EB1FE 0165B2 0AD564 0F517A 0FA664 091407 0D1935 060D72 05A046 003CA6 0F1E12 02E0D0 070349 066989 0571B4 0BA3A2 042384 08CC24 0629BC 0EE0BC 043142 0B32C2 03CBE5 0D0147 088595 071E88 0D8F7F 0D2BFF 0A0630 000AC3 042543 034BFD 01D2F7 04D028 02E66C 0A7906 0C4075 00DADA 0820F9 02802C 0F518F 051967 014946 0D9C32 0DA205 0918C6 0E0E1B 043AD0 09018E 01C9E6 0315AC 099529 0F2C62 086CF9 08CF6C 094B17 0B2AC0 0C50EF 02217F 054C6D 00FDA5 027F69 0AFC53 0590DD 0B67CD 00DEDA 03740B 0477A6 06281E 08FEF8 0E6488 0126FE 027701 025D7B 0A0DC2 0CF91E 0F6878 0AF81F 0591BB 048086 07F1EE 09C525 09A824 087A34 09BC7B 0F6309 03808E 0419C4 0EB230 065B07 095C89 09BACA 0A639D 09F3CE 0E1ED5 07485B 0C6E04 005DCC 0A13EE 054A63 06F680 0F22D9 0E4AAE 056613 00BCB0 0FCD2B 0DEF34 09213F 0BA2C6 0A6E28 0B98B5 0296D4 011262 0FE897 0A0E59 052C7E 020D14 0C8E69 0B7B24 0BE179 0B2589 06FBE8 016339 02D8D0 0C5184 011F9D 0EDA7A 0C6958 0224BB 051505 0C3142 04AD30 05221C 07E682 066574 0A9A05 014629 065571 093073 0816AE 08AF6A 0498DC 08DADE 0D0023 042208 05CC1F 0E0A78 07F5A1 01A66C 0EF009 07E4AC 08870A 05B644 0EB6AF 092F54 0AC0C5 0CE832 07E5CE 02B094 0DD0A8 0B6A5A 0F5A94 0931BF 075A29 0E582F 019693 012230 0AD247 0D70F8 023385 084C2B 001CD4 0671BA 071649 081161 0621D5 0DD312 0CA3E8 06148D 01672E 0FC08B 00E2AA 01400A 0FD30B 0DD44F 0A6AFF 030DC4 00D0FC 0906D3 0549F8 0BEAF8 0864DF 07B114 037515 0405DB 0D7B5D 070D88 03B302 0C0527 0DAF6A 06463B 0BDB05 078BED 1305FF 0BB788 01FA40 05002F 0AB48D 0A14BE 03C58E 0429B3 07FB35 037AAB 04A258 03722E 0731C0 0C4749 0E6EAE 03CC63 076FC2 0A5507 05FEC6 0A13D2 04963B 043551 01FFA5 0A26B4 06D17F 02A0DB 07C8BC 07A602 0718F0 022B6E 06BBCD 04A16E 0207BA 0577E8 0EB4CC 0BF8B0 00BAB6 0ECA75 070CD0 0A32FF 0E8738 002422 0DEEBA 00EFE7 057A69 0E7F47 001945 092EED 051033 0114F6 0C3FA8 09FB62 019854 0F4FE4 097676 03E599 0DB3FE 0FEB1C 000227 062A85 01F515 0C5574 0D80DA 034D9A 0D4ABB 06C0C7 066B0C 034003 067CE8 085FF8 0DAF3C 0B6436 0C2445 0D4A8D 092176 0395BB 050069 0D6AA4 01E97B 0D874A 08C042 088EB5 04DD56 0390E0 0BBC1B 0D4C67 0C784C 010D4A 0D5743 03D8F6 047DE8 0B127E 0FED65 003B0D 0C2D07 0AF1F8 072601 0C7AA6 0A9AF5 0AAF91 04CD01 06DDA1 1F5146 0D23F7 0E64A9 0E2D85 0BED98 0DFFE8 077E45 0AC047 0840B3 01BFAB 046C28 090A00 0D3CB5 038F4C 04C150 0D6BE2 0EAE64 052EB3 01BFE4 0043CD 0FA1AF 0F8CC8 08F56D 0EC51A 01D919 08CEC9 082A4F 04F124 096D2D 0B1B11 0A2B90 0433C5 05884C 0E1491 051205 0C9B74 066DB3 0F9204 09A1D5 0D6F70 0059F1 04F74F 01EC3A 0C3844 0E11EC 0B663E 096A98 022D66 017A06 0744CE 0FA75B 0DCA34 048F3C 05753E 023B4D 0DF8D3 079919 0E2F53 00E087 0B59AD 05346E 0C1189 02B33B 017D3E 031999 007BEB 09D518 09A58A 016792 0DD0A2 0F821C 0B2C25 0B5519 083DF5 01DAF6 01947C 015D31 0FE4E3 0D0128 0584E6 0810B8 07B50C 0BBFA8 04BC61 063722 0BF588 086AF4 08F10E 0B3825 1A5337 0CE5BA 0B196D 0D5BC0 0A0601 0AFE5C 0B71CC 0B3D7D 078419 0A1C7A 04CB1B 0AF034 07AFF1 07B69E 0B24DA
048FBE 066E30 0D89CA 0DE110 0DC574 071A77 0FFCED 031F5B 0E9722 08F09E 04961E 07A95D 09190A 0CAD6E 040A52 0F1A4C 0148A9 023DD3 0126DF 069149 03B8B9 06F776 07ED7B 0FE633 0188B8 05E8FF 0A583B 01238D 066BC6 0585DB 06E26E 0467C9 038791 04E6FF 065D69 0C9259 0C0335 0A5687 0F34B5 0C1D40 0A5317 0F0960 06F0B2 0FC1BF 06EF40 0E941F 0696CE 0289FD 09236B 0DA53A 0177C3 0F68A4 0D11F2 0BC52C 0FE060 0319C8 0BDB37 061235 0B0FDA 0167C0 00C31F 04697F 0E709E 09E518 047561 0532FC 055A8D 00E8DC 16C4C2 0BA341 055092 06E8FD 09845F 0CD29D 04524A 0B5916 0342F5 0BB1DC 0A7B14 09F732 08CB99 0D0C94 07B41D 0312F3 1810FE 06B87C 08325A 0DA8A5 075273 08165A 032390 0EC6CC 06FB3D 075D38 0841BF 04D19A 0BE049 037542 038A96 0D7DC0 05A23D 06E347 0D1A59 0A8FBB 058E48 0E707D 0EE686 04BD42 0709E5 025817 0BCE19 00FBAC 0FFABA 02E706 09E9C1 057281 0DA747 0C2D8E 01E776 0D2834 0E36C9 05FF1E 0A175B 02CDC1 0DCAC0 0AFA34 0738BB 010696 08597E 01E81B 08136F 097753 05A691 010A56 05AA07 02DE6F 032D27 018CE0 031E48 008CB2 0A306C 01BA76 0CF008 01A6FA 0EE1EF 05857C 0446BF 05BE11 0A4DF6 08C9C1 0B7751 03A4B3 05C905 0BDB1E 070A1D 03A22D 0F2E9F 00C29E 0F1D07 0B22A4 0025B6 06EAC0 012FE8 0B7DC7 01BCB9 0374D1 0B2BAB 03A615 064483 02705C 0595A8 04213E 0307B2 06622E 0B036D 1535C0 035325 0A51A4 043ADE 0B070F 091FF3 0DEBE4 0B970A 07C4C6 09EE25 0323C9 0E1C5A 0DB93C 0C3174 0CFE17 086962 076A7C 00E132 091434 04C6A3 01F5D5 042E6C 019BCD 001546 0AFC66 049B48 0D95CB 0BDBC9 043F13 0DF355 041119 06F643 08D04E 07B64A 073604 03EF4B 0F0FE6 05A3A9 0657FD 059ED0 0979B3 0EF1FC 0B38C3 0DCA10 0A0767 01345F 0F4CF7 0FDB68 08EFFE 03F11E 0D8DE4 0B48FB 0A3E44 063E63 06A786 02E80F 019EA9 088B0F 0FD6E8 02BE5B 086EF3 0AE9BB 07A6B7 048A51 0987A7 0E70EA 05635C 0EBBE3 01FECF 0D830D 03A68C 08F02F 04550C 09995D 0C6E0B 071A84 009635 04B0C1 031853 0E9BCF 0F1DD8 0A3DA6 071D1E 08A503 057E74 0F228B 043750 05651A 0D1795 0E90CF 020B93 1AA840 036497 0F398E 0E05CE 0F2717 015017 0EC3AE 03DC01 094E09 0DACEB 0B84F6 005EFA 028B03 0EECAC 00A914 02003B 03D331 01CFB9 08594D 0FB88D 027336 0393C8 009EEE 0D2FA9 0D26E5 049CC4 0E78BB 0E4F0E 06F50A 085A00 094AC3 00ABDF 0E76C9 0C991C 0DDAF0 050970 080863 0E6B4F 083EF1 0A33B4 088280 0F8B20 0C51F6 1F0B92 0EFC9A 03A64F 01B390 0635F8 06080D 08003C 0FDB94 026846 08C2D1 0E23E2 081F91 05333F 0F7B1D 020566 06CA5A 002371 0CACE4 0E1B92 0D1F3B 07F546 077DB8 03CE2A 084ABF 06ED6F 0886E2 063782 0BC607 004492 0558D0 093981 0E08D7 0F1FD0 0BF982 1A43A3 09E273 0B661A 013512 014908 012CF0 093E67 051130 0BFD75 0B409B 0A8380 07E6FA 05A482 029ACA 08CB14 0414F6 05B8D6 079F38 0174EB 032994 013A5A 07C59E 0DDBEF 06024A 02F996 094182 029035 005054 0F58F9 02BAD0 041559 0E5697 032C83 0A394C 03D6F4 07D631 058E7F 0EB86A 07D66C 03B25E 075840 0225F4 0917C5 0094DD 0FE678 0F67E7 048C0E 1B651B 02122C 074596 0E8AE8 1D00DC 0F0975 05C1FF 08A543 0084B5 0F404B 0E6599 05F888 0B196C 0F0B78 0321EE 0CFED0 0DF27F 084937 092C24 0C5351 02A1AD 04C29D 081F1E 0E916C 00947E 09356C 032C60 0E8137 0C7181 024002 0C93F1 0727FB 014F15 05D6C5 0CF710 0E6225 0446AF 0003D4 0F8418 03136F 08F644 056254 005663 089404 07B510 073F84 0FDCE6 02938C 0B5E2F 0B2AEE 1F6BC6 0BB6F5 003943 09FFEE 04DA66 034134 099559 0FAF6F 027ED4 0EF7A5 085879 0DDEFA 09186A 061D00 095C47 1BCEB4 04178D 0AF1F8 0D3A68 0C7D45 064EA1 0557A8 08C7D5 0BC3E8 078EA7 0F527A 0D1F30 005830 05017C 03F7B6 056CF6 02517F 0DD756 081329 16BF3D 08187D 0D3278 01B22A 0BBB83 0452C7 045F58 0D0697 0DDF0F 08D5A2 097A38 00DF5D 05C28B 04E130 0C82FD 0F5D0D 017259 0E9C70 080A3C 00F757 0CABCF 0E12D0 0445DB 0ADC2D 017DB0 09C6D6 073342 043692 0F42E8 0DA46C 0272E6 0BE528 082FFE 0231D8 00B65F 00C061 029171 0988AD 0E4859 08F99A 09F59A 0EADA1 0876B0 0CFDAB 08FF1B 0BB961 0F82DE 06D11E 01CB84 0C0E27 0A36CD 00B355 0B2F9C 08C35E 09E0FE 0F6E75 05F179 0F8FB6 0D4D3E 0AD51C 096C42 0536BA 097838 0C5E3D 0AA134 06BF0E 01175B 0FE4F3 06625C 056407
067909 05F4FB 0364DC 0B0F53 0509A4 05C748 0C824C 0702C6 07AF34 0A9E08 09429D 0E941E 011034 0A37A8 0EC1B2 02C364 01B271 04BE56 041C9F 030559 000F01 0AAE9C 0896E2 096635 0CF12A 05FC16 0ACCA0 0CBFA8 02256A 0BFDE9 09C9FB 105095 0D4500 0DF542 08F0E1 0149F9 0487C8 0CC015 05868A 03A872 0C3006 06B194 0F448D 0DEE1F 08529A 06EBA5 0E7B21 024054 0EEF0D 065F35 037B50 092B88 002F0C 0513E9 070721 0E168A 095DDA 03058A 0C447D 074B75 055B8B 01B02C 0932F3 029286 006217 06916B 06723A 0CDB00 04D7D8 08CCC0 065225 07FDC7 05B408 0200EE 01A9BE 0F5510 006D4B 096469 05360D 0DCA26 09E55B 0BCD21 078055 074058 07CE1F 03D399 05181B 018A7B 088C04 096E07 0A75D9 0810CE 0072AA 0DAA6D 005141 0309E9 0CB7FB 0726BB 055F3B 06E5EF 0C961F 08F3A1 08EEC3 075D88 0C3595 041155 0E6723 0BA7F5 04EDB9 0B107F 0F7873 0A2D57 02AB74 054954 065B8F 1DB029 0EC45C 09664C 0B28BB 0F032C 01D10C 0456A6 0BE8D6 0C327A 0BA8DD 0E5012 029BD6 0ADDF2 0FF29C 0CAB63 032658 19E691 06CC6A 0F82BD 09C01F 04153B 0C658D 053D3E 00E3DA 0C62F9 08C224 01695A 07F62E 051F99 047131 039CF7 0377F4 06A0B9 06AA0A 071523 0E8455 0A08DA 073534 0B68B7 012D9A 0060A7 04BD05 0FA6A1 0C990D 06C275 0B033A 03496D 0DF647 018CCD 0C2AAD 03BF94 012518 095C7F 0B81D2 08D673 04C455 0A3F02 0A53F1 06B0E4 0D4589 0B70F1 0691AD 011BE8 0D93DE 09A98B 0ECCC2 147B7D 04E048 00F4EA 079248 04528C 09E2D3 097BE9 0927C2 092DD5 0CDFF8 0BC770 079A37 09F103 02956D 0C9AA8 06706E 049FEB 0B0CDC 0812DC 061E0F 01C66B 022CA0 0ACE20 01F4FC 0CD09C 09455A 0153CC 09283A 077D1C 031ABE 09FF58 01E564 0835CC 0C4F88 097394 01A1F5 05A736 025EAA 0955A0 0F78D7 002E8D 021A6D 053BC1 00A3B7 04A9F4 000159 0BFAD4 0E4D0D 0612CE 0831E6 07CD90 08DB61 021BA9 03BE4A 0F776C 08F21F 045AD2 0A389E 002375 0E5C11 128EA2 016D97 0F7E6D 01BEBC 0B6FD2 054792 0BC1A8 101E78 0518B7 0FED22 0E679E 053D23 0F1939 005E19 039CC6 06AB43 022BD6 091581 05202E 002D8D 08D3AE 048830 097802 03B3C2 034955 0ABA49 02C09D 0E9283 0F82DA 0E13F8 0E6D2F 03B1A4 097507 0DE9EE 0DB7EE 070C49 0F437C 088F37 0C52D8 04F864 013FFB 06833E 09D5CF 05B489 05B49F 0C3E91 034B45 0D4286 016D61 060A59 0BB3AD 0A2342 031381 082BD1 0CD0F8 02BE7C 0F213B 097788 0C2984 084026 0FFD36 03FDFD 0C37A4 08F769 0D518D 0E93B6 070096 0C567C 02F3FB 07F39B 06F61A 01D91C 06B1CA 020A29 0F943B 009B65 0C6B8E 023775 19C2F0 07B5AC 05A172 1F953A 015EE2 050A84 0368ED 0051AD 098928 0666B7 0AD43B 05B069 0D0471 0FFE8A 06746D 030B13 0D4432 0E935A 04194D 043F84 0857FB 057F4C 047803 0CD447 03B1BC 052159 0A6DF2 0AF238 0BE3EA 0C421C 0606A5 0F3CEF 0FC5F0 021856 0783E0 0FA034 0A7A4C 0A23B3 043892 05CD8F 0E35E7 06D493 04DAFA 08CDAD 09D5FF 0B4D20 0E5B51 0380AB 0378B7 0D1976 0799F2 05B9E4 0CE8FE 053135 0B2E7D 050302 0EB251 09F0DE 051D3E 066939 0FFA74 082966 0D737C 0889DC 02E56C 057144 0013B4 09B122 005F68 033C88 0D7A68 0EF531 079AFE 01E49B 02C09F 04C1F1 039CB7 0A3E22 0BB9E3 076923 0D0A9E 05B389 0A7306 0C2AF4 08191F 02388C 0DD054 0BB95F 0C32D8 017F6C 03C095 0D2BFB 07F177 000602 024C5F 0770D3 014698 08231C 01CF59 04B4DA 0FC3C3 04FA1D 0F9293 03F925 00D5AF 0923E4 0869AF 0D4A03 08E70E 0AB0DC 0E0627 0E3529 08C9D1 06B36E 00ADCD 0E9E6E 015DC0 02E252 0AC835 0D3812 0A33EC 002FA7 07F2EF 096E8F 0F41A9 078D35 04895D 0E3408 042DBF 05B4BA 08E68B 180804 03A796 0A9863 0C421C 06B186 07EA55 0BC42B 0EF12A 050D27 06E7DD 085FED 0FFECA 0CB4D4 026F87 08E2E9 0AC1EF 0BB704 0BE012 0FC58F 00D3BD 0B4C00 017EB3 0C0DAA 0C1F7A 0545E5 0D3485 0D0A20 0408D6 074B41 063521 0129D5 014FD4 056CB5 09F85A 06ED20 08B28E 03A49E 0E4850 0B2A00 040DDD 06E9B4 02E869 02EAFB 0471C6 085155 033399 0BBF08 0D1715 0CA54B 03BA94 09F887 03351F 06A071 00E8BB 00E753 01EFA7 0C4B60 0105B0 047B29 014978 012733 051FAF 0C41A9 067F6D 016A4D 004BA8 036DBA 0DBC82 0DA83D 0A2A8E 0BBE7E 0C4808 0F44DD 0CA92E 093EA0 06AE3E 097D20 059AD1 005A94 07756B 0ED18A 0DEE85 0858D8 010903 0C3645 0FCB1A 0C372F 00FCF5 03B845 015BEC 09547C 0F5667 0C3DA7 0E9E37
05627E 09FFE6 03F827 04E739 06DFF4 078BED 0AA2C1 0B99B4 0CA71A 0322F1 05FB8E 0FADEA 041663 028F9C 0ECB11 0A7370 047688 0BA539 02ED01 0DB583 0FDAA4 069EDD 0676D2 005259 042A31 0221FA 0C074F 017547 0888EC 0CF2C3 0BA0DE 03EB61 028CCD 04EF7B 005252 0E0567 03FBB0 02FC62 0CD930 01FD35 07F23B 0683A6 004E58 02CEC0 06445C 087383 09505F 12EC32 075FFA 08C4D9 0C61B3 045538 08BCAC 034DC6 0783C5 03CDD9 021C01 02F9E6 00342B 0137D3 022A92 02D435 0A4E13 01B8F5 0C2200 1DF980 0CC1C4 00F030 0E8872 000512 0638DE 03AAB3 0A8F82 09AAEC 05B130 0968F4 003E8C 0F4A7E 02ADF8 02F45D 0AB24F 04CA36 00DB12 04B9D8 0B31C5 072AC0 097B42 0CAA9A 051638 03D939 01B2E9 0C1CB9 005931 0B65A3 0A86B1 0ED891 04CDDC 154807 0A28C0 01AE84 04E106 0302C3 0DC1AA 0F9B9E 0A8C88 0BADBB 0914BC 0B525D 01F4E6 02B194 0D6585 0C1D09 03EE67 0B1A5A 07D193 0BB576 0CBC9A 0D5B81 019150 00B20E 055C64 01A5A4 0DD3F2 0958AA 0CFBC8 06A9D8 01F970 00C872 023FD0 02D594 033E17 0EEC93 0DFB99 0B9FB5 0B6512 0E422D 01C072 01ABC6 081D5F 0D5984 03F9A9 0A3541 0D4CB6 08290A 0EF89F 0FD37D 1CFFAC 08BD77 0353EC 03602E 0987D9 08E162 01A053 01EDBC 0A502F 0A5ED4 0CE992 020EC7 0E6F73 032F82 09F74D 057E33 096434 04D7FC 069B0B 0386B4 03F900 059991 0B50BD 0754F7 0C4C09 0E40BD 078436 03C15E 0027E7 0EF6B4 0E88C8 06375B 04C341 05087A 0019CD 0A6241 02AAF6 0D3E24 03B4FD 093152 0D5C2A 0CC256 08238E 0CE2C8 06F7C9 0281B6 007240 076951 055D75 0EE915 0D33E1 098A85 0BC00D 022D81 0C6060 0F6719 00C8E2 0F2513 0FB70A 056C53 01A419 02D268 0F13D7 0A20D9 083153 021B73 00641D 0BF71A 0D3DBD 0776EA 098EA7 0C7313 0031C5 0DEB82 015C6E 0147B4 006904 066F62 04DDF9 063B8D 07B3A1 077FAE 12C4E5 0B8AC8 0A08F1 024D23 0E4497 006A16 0C8FA5 0E7BF8 0F1228 04A21B 08A0E3 088AB6 0CBB97 015227 0841FC 08999A 0951DF 0A695C 0F4D1E 000B03 0527DC 0D3288 0BCFB0 0F3255 0EE228 063C90 073115 0EA0E6 0C6D4D 0F6EE3 014BA7 0D8FBF 0F034F 04DA93 0159B0 04284A 0A5E4D 0B5187 0FC725 0A8A2E 081F7F 0FCD24 03FF43 0FE312 0139B0 0ED4EA 027FB9 0848B4 02924D 059F45 078FA3 010E77 0CC159 037F9E 091D8C 01675C 07F9A9 0F4D33 07F1E9 01F2D1 0EFE6E 08A037 054816 0A035F 073C70 0EBDF8 0880D4 0BE605 0D1B4A 060C5C 0975AD 06A1DE 03E447 0CEC9F 0B53D7 0746EC 0E2E8E 00CD3B 09F7DE 0537FC 0D19B1 00E976 053822 01D895 0DBB4F 0CA142 0D75B0 027F9D 0FC196 072D01 048408 0CF0C7 0CCB10 01F738 003800 0B55AD 062C70 08BF67 091517 02DDC7 0ABF47 0D0CC2 0BECE6 01ADF2 0FF41F 056286 08507F 05F6D8 057B19 00B07C 096D76 0CE39D 01CF10 002679 00E8B1 011616 00E897 007515 05C426 019B9F 082363 0D359E 00F198 02B191 05013B 03E96E 096653 0C2852 00BDF5 0C8C78 015499 07A1F0 0858BF 0EB1FA 03C874 068F32 0511E8 044375 075B59 07B152 0F53E1 0A791D 02F78A 0B6564 04BC4A 03A16A 089BCE 0A6957 027605 033C2E 0E2EDE 0F96FE 0E2E8F 0F883D 0F7746 0C075E 07D5A8 0D8F74 0D253A 057D76 08E38D 0CFFCC 089DB0 0D6D48 0498EF 0A95C7 0B515D 0E883D 08EE6E 0241BB 0A868F 0FA05B 079791 01A7C3 07D6FF 0C961B 0EE53B 007EB2 09CEA6 086DB4 09BFA0 0C0E58 0CFBEE 0674CE 089BCC 03842E 005BF2 0397C5 0856E6 03CB51 06E825 076E5A 0BAB5B 0023ED 0D4AE4 0C92DA 0B031E 061A2B 020DDB 0AC3EF 03BE06 051034 05F93C 01185B 0643D0 063731 0CD4DB 01055E 02F651 0FEBE0 0826EC 0E94ED 027E5E 09DCE6 00E6D2 10FD35 0B88AB 06B8C7 0DEE55 0DF068 0D1962 0F90E6 052651 0C3F05 04C3AC 045286 019FAE 0A7BA2 00AE03 01F875 0174F4 0BBB81 0D6F12 063981 0E32A1 03F16F 0B430E 046F7E 0ABBF6 0ECD55 020DF6 17FEF9 041577 015D26 05E99E 0C8094 0BDEDB 01A97C 01D285 06DABA 06F287 04121D 044601 096FBE 0105C2 0F9239 0B6830 0C911B 022BBC 03A604 075CF7 0BA1A8 07265F 0A7D53 06EC6E 07FC43 02BD33 0F6A18 0D7126 056EA0 0FF3C8 0E7601 036241 0DE700 033870 0530D3 0FA838 0DF28B 07D412 0CA9F8 057A9A 0877BD 1B1822 084599 0EA990 09B598 00CB1B 04D6F3 0E78FB 0960AE 023E78 07A70B 0943F9 000AD2 0FACE1 029DD1 0DE7C4 055011 06CF22 0AFB9C 0564CA 0B8D51 04C561 010A1F 0071E2 02A253 0C903A 02ED2F 0E98E6 079B78 05B3F2 04CDF0 03B126 012EA8 0475D3 007AE6
07D6CF 07A356 0CE98A 03D282 0BB12A 049E9A 0F0408 02E663 00C71F 00E858 031D23 0393D0 0787B5 073EEE 0D9D9D 0E5B15 0DA618 0112F7 034A49 0ED922 1303D5 0E1482 0348E6 0D8BCB 0A0C3A 0817D9 07E37C 030053 0CE9FE 042E43 0ECB57 0C68C5 006AAA 0731D9 0FDDE0 06A8A0 0B59B7 086118 035EE4 0EC06A 038F29 02CAA1 007D87 0B8DE4 054A81 08D85F 072DC7 067C41 0D25C3 0BFCE4 0955F8 12A8E2 04D1AF 071FA4 0D86D1 0EED3F 0FF2A4 1CC59D 093A4E 0EB3EF 06A9DB 0CF798 0D13DE 005F21 00028C 0FB5C7 05B7CF 0AC70E 02A80E 09BCAB 0679DF 0DDEC1 05553F 0B2B4B 0A2C05 028BAA 0D3D8C 022A3F 0719D8 0E4634 194333 019825 0D144E 068753 0FAF4D 09DD26 0057C4 088188 018559 0BEDFB 0D3095 0EDDE5 0E2653 0BD077 0AC18D 04F79F 024A0A 0BAE67 011D52 0188D4 06AC92 061DA1 0F2962 04AC18 0A62ED 0D7EAA 03F93D 004376 039180 06C4FC 0B99A2 0C5E74 0C948F 046E7D 06C780 0BFCA8 00D15C 0D633E 0D8482 0949AD 0DDA7E 0F75E7 0422F1 09B792 03FBBF 0E866F 098E09 04760E 0A5804 0B06E2 01C50E 05E425 0170B9 091740 045388 022436 02ED52 02B5B4 0D0A11 09D7D8 07FC36 066300 0168CE 095C2F 0B90B2 039E3A 089059 08EE0F 02AB51 0FEBED 03635B 0A679F 071121 05731B 048BB0 0DE97B 0870EA 01F58A 0BB74B 08D19B 0616BA 0457F9 0E205E 066B45 020F6E 0AAB60 06BBA4 0063CF 0A93FC 0A37CE 0F68B8 0202DB 0FB484 09B7BF 00248C 0FF5DF 0C0F10 0CCE56 0AB9ED 08824E 09DF8A 099E74 053770 035D32 0EC612 0A8871 01A447 09AF0F 0B882B 0E5EFD 071429 08ED23 06D537 0B5760 06C077 03989C 024F8A 0A7330 07F82B 05EAF2 10643C 0F9174 070757 0643F8 0E42BD 0D0BA0 009015 06C9A4 0641A7 0F81AC 0C36EA 0FFAA4 040490 0DC7D2 0554BF 04AC63 09C176 0AC310 085130 0F56D3 0FE5E7 0D8657 079A32 09BB59 0BAA61 0CBFDE 0CF8EF 002467 0D8EB7 0EB013 0A4D4A 193B76 00EE29 00277D 000785 0CF70D 02A847 06F279 00B458 0432B8 0785D8 0E850B 0A9256 029674 0B15FF 0D6CA2 018939 0E6784 0E8566 0909EE 0B3EAB 0E6695 0ECF68 0DA154 02E3B2 084AAB 0A7D9A 08AFDD 0A1519 0E63B0 04A38A 07600A 04A92B 0B79B7 0AA40E 0B1DD9 0474EA 083D81 0C8A1D 0975DE 0428A6 098E07 095C7C 076A03 0D5F16 0EE870 065594 0DEB1B 06A4EB 065692 0CB0B4 0FA634 0867BF 1702BA 1A9D4B 02866C 0EB70E 0BB55B 04DE8D 057F46 01F646 07C088 0D198E 0AC2F1 053787 0C0AB2 007D72 037C27 0E6969 0852CD 08E0CF 073627 072BDC 0B4B6D 0B040F 03658D 096745 0A1570 0947D9 09959A 0E3014 0C1909 056552 0C8B42 0C696B 03C1E7 0D0A3B 028DC0 00F176 0063DD 0EFF89 03770E 00C270 0E243A 031D1C 0D0160 099565 013BEA 075915 002C41 04C192 032894 069614 0E69AE 0B7BDE 046B1F 00AB8E 0D42C0 0C5000 07BE40 000D9A 0F15B8 0F04AC 00F161 05C210 0518D7 0F8929 0C5ED0 028D19 0F84C1 0355BE 0E3FB7 0F7D54 0279A4 06D24B 070FB3 06F454 01EB5F 0761CA 09D808 09A82A 0F0315 0221D4 041086 025B03 054FCD 08CF52 069A3B 0E7A1A 029826 0F08EC 0D514B 08FCF9 02AC03 0017F2 083A95 050B4A 036576 030D78 010D08 0E4557 0B952F 0E3D0F 00D0A5 0AF3E3 0288B3 08DBA2 07C629 07AFA6 0A4000 0B2479 0B19A1 05CC23 04F08E 02E606 004DDF 0760AB 0919F1 0B704B 04F1D8 016708 0FBBE3 0C9CFA 0FB61D 017769 0EBDED 005D36 07639C 0B8B05 05FBD7 05035B 04382A 0064D4 0E9259 04BCA5 01D665 0775D2 066A55 07ADE0 04DD01 05EBFC 0B90EE 09E0CB 0DA4A5 075617 08D391 08990A 116631 07D661 023B9B 02D295 0BF7DF 02A944 0A3083 00BC65 0E87AE 09747E 06D0C4 06951E 0B60B5 0189EA 051DD5 0405C2 0FA527 07CBEC 07B16C 09DFDC 02925F 0867FC 0B1F97 0AC681 079DC3 017A89 00D721 0EFA4D 0E41F2 093E37 0E0F7A 0FC5C1 075A41 072D1D 02ACB4 09EF89 078745 0B265A 0FC990 0D9EBC 0D6E6F 011369 034223 04CB43 0B9914 05BF2C 0E70C5 024C0C 050CC2 0F1C55 08471E 033492 07DB55 075F7B 0EBD89 00A861 0D2F81 02AC87 0F589B 049A48 0F2A40 04344A 05576F 0C4433 0C8E6A 03709B 0860E3 03A6B9 05F80B 055761 08C398 082DFA 0924AE 072CC5 0252B1 042BD5 0B4E21 04341F 0D584A 0B84D2 0EC24D 0086B9 0D5E19 09B66E 0DA5CD 05231C 028EFB 0B16E9 055818 099E86 02A4E4 043243 07EF45 013116 0F1086 09D31B 02EC98 0FEB7B 0B8B5B 0E109E 05ED1B 06C5C8 001BFA 01444D 03B093 0D55B0 0E3F9F 1E892A 05E166 0EADFA 123A2F 05DBF8 0EDA23 0887F3 0BD24A 0888B9 08DF81
02840F 0B9EE5 006356 0F94E1 0F560F 0E1CC7 020C54 0493B4 03C6B5 074A32 03EAD0 0153B9 06C1B5 0F4A88 08BD52 0CF0BD 0772AA 0AE40D 0ECFE2 0F9279 0FFFDE 0FF040 02FB70 0428BC 08F4B8 0B9F3F 0892CA 099797 07BF7B 0E9718 07CECF 0C61B6 0FEB35 089CDA 050AEA 0E4134 0868A7 07EFD7 013CCC 0D17A8 05F605 0975AB 010647 0C15AC 07103B 0586EB 016333 0F6999 0B1CA2 05568D 0BAC75 01C5A2 06F0C7 0CCCAD 06A92F 0A3FC6 0AEBC6 06E5D1 0D5E9D 0A7C0D 0AFF2D 0229FC 0B2C98 0B44F6 0A874F 03DF4A 0CAD05 0D2CF6 035780 01C619 0CD110 081914 0A4A97 00F638 00937E 0C3B3D 0AD846 01A526 0C038A 014DD0 03373A 065BDF 041966 0AE842 03EB56 087AA9 0A51C2 06EA9D 000354 0F0FFD 0C6886 01860B 042528 05A5C8 09F519 05A0D0 0DB126 0264F3 070F31 084E56 0A30FD 0AD234 0B0AE5 0A5ED3 0BE180 133FD4 0BEC93 0A9D49 0D8C21 06F65B 0A5C7C 0EDB4A 0FDC40 065EC3 04170C 0BE96F 0E634A 0709A3 0B98C7 024E88 061816 0B541D 051BE8 0FD099 0E4636 007A36 0CBC20 0FB4C1 034290 00A02B 02B897 08A2A6 192FB9 031FAE 0BC5BF 0680FF 051097 047A68 003FA8 0A7F9F 098C9F 02E862 084DE8 0BDF03 06D37E 0A378B 050FB0 0296FD 00EE82 097BA4 0FD2C4 079A17 03E414 0674BA 085556 0CADD2 0B8840 05E8CA 077EBF 049353 034BBD 04C9C9 0E99E2 09F585 0E40D3 0A6AB3 0EA94A 064297 0B9E9F 0D6350 0704CA 048495 06364A 0AC840 04C4D3 00AB9D 0C77C2 06B264 0F20C1 07898C 0B5EBF 018A32 0D359B 0706EA 055727 081048 0A0610 0B8675 0AAA52 0E8C0B 03B0E7 0C9195 080A0A 0CA67E 0232FF 0D0FA2 0616CF 076CB4 0D38DB 09FB3A 0CD7A5 09607F 05C692 0AE463 0CCE6C 08BE79 093ADC 0D6540 00D551 08876C 119D30 0CB2EE 0629BC 0D319A 0C32E2 06202B 099379 0DFC72 0AE1D4 0DB5E8 0F3336 01DC9F 0AE46A 02F422 036D81 046595 029BCA 06197D 069ED2 0112BC 0E1667 0BF83E 080D7D 0C80C7 0CAB6F 03F98F 063396 01881C 017740 0D62B6 049F84 0231DA 085496 08F343 003CBC 1E0DED 098EDE 02E1FF 0AC346 0137E6 08418D 0E87D4 05CCB8 0D806D 0AE4D6 0626D9 0821B1 003E2F 08614F 094107 03BB28 095558 0A4766 02F73E 06638A 046ECE 052CBA 07E06A 0A6D0E 0D301F 093036 0A4DCD 0512D7 088950 0ECCC9 03F41B 0B9E8E 0EB09F 08C148 010EB4 0C1E35 02DA01 02F69F 05C9B3 05C0BE 00443A 0B31E9 0FD8AC 0FE34F 0FA4EE 0191E7 08F9E0 046415 0F3CCE 04C245 06BF0E 0BFE61 030E21 03779D 09BD38 07A146 0F3E31 06E15C 01ABB7 01C08A 066CF7 0ABBF4 0D30A0 0A6E43 064124 063868 053E36 04E83B 008CCD 0C4229 0645D2 057084 06C30A 028037 052890 13F650 04BE91 0CAB4A 0E848A 07CAA7 086E74 02728E 038D66 09CC24 0FACD8 0477B4 088760 032BF5 0A9FE5 09E3A9 0E8CF6 0E758C 0ECEEE 0359BA 0AB82D 0DF2AF 0BB75B 0D81E4 067844 05776B 012731 02E708 0C58E0 09C180 02AF6D 0AA7AE 0C2DB0 08DFBF 004C56 051D6D 044A12 087E64 054162 091C76 0BE255 0EFD52 093ECD 0050AB 090FB0 00E366 013E84 032960 0B4752 0D8A4A 09F92B 0C0B33 07054B 02BD0B 084E07 020533 0B52D5 09CFEE 06EACD 09A73C 00D14C 06E651 057076 018784 0DEEDD 034BA1 0D1846 02363E 0E7EC9 0EF56F 0BBA91 076204 009F2E 0F3A47 0E48EA 0073DC 01FBD2 06EDB9 0DFE58 091980 086D82 0F6AB1 0DEDD6 0820D6 0B3BC5 0E4E1B 05FDAE 016006 07B408 04C98A 0D2688 0D8E7C 05C0A3 0EF19F 0B1F7F 0198E4 0A344F 04968C 00AA08 067832 006019 0257D9 083B55 04CD6B 0534DA 09115C 00753C 03E0AE 0A00A9 0F3229 0E9F6D 0038A1 07B624 05548B 04DD98 0D5C85 0B2A14 01C022 0E1FC9 0A277B 071242 0F50B3 01725C 021C27 0446B1 0935FB 04BC61 0E0F32 04D541 0A2063 0223FF 00DF6C 0E858A 040DB1 060907 0DB00F 0DA99D 03456E 03A33E 086BD4 0CF9F9 1E23CD 0BD1BF 070BE0 015B9E 0F975E 042A77 0AF02F 04F9DF 023101 0E4768 0E3E88 08A360 0DCFA4 0CBDD7 028550 0D01DB 04C579 0B8490 0827AF 02E862 0406C6 0DE624 0FDE6F 0FCDA5 0E52A1 0EBF17 049209 0093C9 05CACB 01B779 04542B 05B071 00FDD7 0DD08F 059E2C 089898 0F4D7E 03DBDB 04F2EE 06A348 0A57E2 024E65 0085FF 0F33BA 0EAF74 00D3B5 036D47 0DA684 041186 071DBF 02075A 00589F 0E125A 079B3A 0C9561 0997F3 074360 0D0CD5 0295A0 0C7DC7 012A7B 051EDF 0DF4E4 0ECF65 06EF9D 04340F 0C67CC 05F8BA 07209D 0C1C5D 0B7910 09BD60 0441ED 0748D0 095686 01CABE 0BBFF9 033F41 067C28 058037 095AC6 0379E2 0849A8 0EE58C
015EC5 06B6B0 057807 048235 0E5E38 07C2A6 056246 0D6142 033022 071881 0C03A5 015829 01335D 040365 0659DD 0CC568 071F67 0F2C78 081FC1 0E115B 033FD5 089622 0409C1 0D7FEC 0F04AF 0F45F0 0CA591 00C282 0D5079 0DAC6F 0F236C 047F2C 0AFE29 0115E5 0DD0D5 053C6F 0D2327 0C300F 0EB5F5 0EC781 1F8241 00EBAE 040603 004CFD 00D5CC 0EB377 000A29 006B16 0F9255 0D0476 05F593 0AC584 09F75E 01023C 03AFB9 0BD4F9 0DD02D 0144EB 0D458C 04099A 0BA64E 0532A7 0601AD 037946 017C50 07C8B1 0DC31C 0D8521 0504DA 0E93A3 06DA62 0FF9A4 04349B 0500EB 00EFDE 043713 011708 090C15 060FA1 02BF57 06FCAA 04240E 0F08AA 0789AC 0DEF09 0E5544 062F56 04EA26 0595B3 0CD364 0928BC 0D364B 0777B0 0653BF 08C598 0475D0 0E9480 163394 091E44 0D7DF0 0E1274 09CA6C 0C683D 04C638 00A546 1B2F7F 003B00 0CC2D6 00C69F 082E43 0156F2 1DBAD4 047A4D 098272 0375B5 040338 0E7935 04BA21 01B27D 066D58 0BDA9C 002F93 092129 022147 045E3B 019FA5 0D293E 0C034B 06CE4B 0B66E2 09442B 00891E 1C50B5 0015EC 095396 055FF6 0C1C20 060994 0FDC0C 0B053F 0EA40D 0294A8 0C225C 0EAE68 0659BB 02453F 04F680 07B553 03D047 049C80 0EC42C 04E4B7 03511B 07A44D 0B9F80 099FF1 0BF827 0988D9 057845 0A83D9 0CD8EA 00222C 0612A7 0CC5B3 0251E0 0915E7 074253 0AFF86 0DB4B6 0C6403 0AF534 0B0DB3 09B0C2 078AB5 0AFD69 04282A 0E70B8 012141 0EB6ED 1A10B1 032C1E 019177 055B6B 0C3A30 0ADA69 0DB405 062A8C 09E2B9 0DF1F6 024D8C 05F64A 071601 015C2B 04C020 09B500 0B75F6 058CE4 024B4F 0EDDBB 0D404C 03226E 047807 091EB0 0ED60D 05493D 0E8B72 094E29 0EDFAD 0C10EF 07A713 03D00D 0D9AA8 0DFBE8 09488E 0D71D2 04C86C 08E472 0F3D36 01DE44 05D156 0E154D 0C0B1C 0C90E6 0DFC5B 01E2CA 0B0D60 0F9869 04F924 12B052 066FED 09905E 00AA55 03C4B4 0053B8 024569 0B0453 0E818D 01258A 0FF06F 0D0EEB 0258B9 0478F7 0D8AB3 0AC925 034D35 0D4B58 0C8AD3 0143C8 0FC29D 083EB4 000F42 0D82E7 0CC0EA 01CCDD 0671A4 03D695 02AE2F 088093 099EB0 0E08DD 08032C 0F8862 0EF295 0CAA3A 095748 08983C 0846F4 0A4D97 06F151 0920E5 075F74 0B4209 0B7CAC 033C33 0D4C58 06A29A 05E628 0F88EC 033825 0BC94C 0369E2 0E2D5D 02253D 0E9224 021885 0736A6 0CBD52 099F23 0792A5 0996A0 05F895 08295E 00C14F 0DA53C 0469DB 09430D 09DBB4 0E1F09 0AF339 037F93 08C1B6 088C04 0FAB45 03BEBC 09F27E 032213 04B980 0C4A66 0A8C80 011585 01FA41 020CD5 088DAE 008219 0BF577 070D5E 051365 08BDB0 09E6DD 07103E 0F74EF 054EDA 0313E4 008F30 0B185F 0B9BB9 0E87BC 0CEBEB 1FAA05 0CD16A 02E654 002344 0C7B75 059ABB 0EEA17 0911FC 07E51B 06EA31 0A813A 089A63 0A4033 0573CF 0B4A8E 0644D7 083341 01D65C 0F45C1 027CC6 0277B2 060024 0A8D45 0EB05E 0699AD 0AA11E 047D71 0351CD 0C16BB 070826 052495 02F3AC 0DF521 0469EF 05BD74 00B60D 0380E4 0C436A 00D34B 0A8D75 08D6D5 0CA578 00779B 07D653 0A6B73 031DA0 060E83 0BEED6 0DB0FC 02621C 0916CB 0E89FE 0D202E 062C6C 04B007 052960 08A4F0 0FE614 00B96F 05E15D 033C59 07E284 0661F5 000AE8 022572 0291A4 0B3783 07C5A0 058617 03F348 07977B 0CBFF4 0979CE 0A63B1 05775B 090E83 07F4FF 0C48CD 0C7B23 04E890 032D0C 03D42D 00968B 030B80 0736A6 0D611B 0B6091 00185D 049924 011C59 0A3558 0AF814 067383 0B4024 04553B 08438D 099274 084178 0E8312 0B8E67 0DAB9D 00FA6A 0B6BEC 076012 0BF545 0F5548 036414 0A47E8 1F530F 00C859 0F4A87 0AB35B 0FE1B5 0E76B2 005F5C 08EA92 0207DE 07FB5E 0CCC0F 063B60 0DF54F 070ADF 0C0B44 0D69F0 0C7FCB 0FF54F 0B4EF8 0226C5 0A47EA 01DB00 08F1D5 0181CC 02C6EC 0712C8 052752 04DC0E 0B1FC1 0690DE 079717 04AF30 08C337 02D23F 0E15C7 0DD9F1 0CDDF5 0C025D 02D4BC 0046DF 0B380F 00E758 06A0AC 1FE5D1 0D7F30 07AE95 163D9C 066DE0 00CA99 0927FB 0FE808 0CA554 05B11F 073B4C 0A5372 028070 07AB74 00A0AF 027C75 02BB7B 03F6B3 0D3978 06ABAE 0A1B70 03D0A9 0392EF 005EF1 0C633B 010FDD 0F22EA 038692 0E30C4 0CC22F 035514 0A9800 04F2B2 0F613E 0D3217 0FAB07 09D7C7 07239A 036983 0FB4F7 006C5F 07216E 0ED7C6 02E823 09779D 08B37A 01C352 097F29 0165CB 03F3B6 081891 0F84C0 036262 04470E 06DFF9 0AB084 041B57 0455B4 013565 0D103D 051725 012FDB 08A6B5 0EFB56 0AEA2F
0CB94B 05C537 0480DA 0945CD 04CB8D 02B6A9 0DCAB3 0EEE34 0FE4E3 02A4CE 034CAF 0DC61B 0F984F 0C7FB5 01A8A0 00B4BD 0052F4 0FCF0D 038524 03C04B 04D2E8 02A706 084383 09C40D 008946 028B15 0CA8A7 0B8C75 0EF999 08A6C3 06347E 0882C8 03A134 0ADAF0 05956C 04BF60 031E79 1BA45E 072053 05809E 07D13E 0762AD 0677E6 0D4D65 04AFBF 017C19 0FA6A6 0E5316 02092D 0B1D0C 01F921 095F5B 097B9A 0250A1 0EF594 094E19 0BF1F2 081C88 09BBFD 03D3E1 07E950 028F2A 003F7A 0D5C24 03FAB6 00CF3E 0C7ADA 062297 0C95A5 08CBD3 0D861F 08B183 01B9D5 043C4B 07A9D9 0E1CEF 0A5870 0DEBA3 0DBE84 003F9C 0B9489 0FA8D4 0CFBB1 0F8208 08B73E 008439 006064 06DED2 0DFB97 0883FF 073828 056264 02BDB1 00A4B4 027757 0BB9A0 0CC724 066F2C 054A5B 04BA49 0E0AEC 018798 05142C 05793A 022AB3 004D9E 0D6967 09D381 10A3C9 0CE278 0227AD 0EECA9 059FFF 06A4C7 09FBA2 022BC0 086D82 02B449 0C27EB 06ABAF 052EE1 0B9801 03A0A6 09D1E7 01E5F0 0E1E82 0015F6 00E845 04E4DA 006BC7 04FE38 057870 0A9825 07D167 0BA87E 046D9A 0A1A8B 0469E8 019C73 0AF42F 00E207 01ACCA 0CA47B 06E20D 05544D 01814D 086965 0BA010 0E9F7E 0398F1 09D02D 02CA6A 02CEEC 0C5A78 0E435A 0DAEDC 055288 074329 02B3D7 02CC59 0EB66A 05E388 01426F 061990 0D12A2 082466 0791F0 057EF8 0C8092 0E6029 0AE95F 06D17F 017F88 0D6789 099715 0D2FE2 04D432 0A6FD6 0C0D50 0B8128 0B0846 06139E 088071 0846A1 023BA1 0887E7 0F7452 0D3805 0AA101 0BAEA4 04B6AD 1E7EE1 05520E 0938B7 0F6773 03691C 06D089 0FE4A5 0BEA65 0646CE 03591A 07DEBB 0793D4 0153B1 01E262 03F9A8 0B5E13 0960D7 0B74D3 042C89 07C7F8 001C1A 0B9005 049139 034FA8 0EB038 0EA1BA 02BFDA 0E2316 0882DA 0F49C9 0AD079 052D6D 066F69 09AE02 0993D0 021DA0 048342 0F3C81 06BB90 071F5E 0ADF1C 026FA5 08E0AD 04073D 0EEF4D 009CDE 05C6E0 037198 04ADCB 0104BF 0490E3 014BC9 03B52C 0365BD 0AC4FE 0256D5 015CD5 129FF0 032501 096C41 0288F8 05F1C2 0420FB 026013 073B96 062997 05537E 03F335 0FE9D6 0A99D2 07B0CF 065F7C 09A787 0594AF 04B75A 09FEDC 08F062 023EB6 0CECE0 0E9229 064892 02B697 018D4F 0DB3AB 088E84 02A370 0E928C 06851D 0C9D7F 19D892 0EE2A0 0ED633 01FC79 0E15D1 0F9815 0BA565 0C19B3 00264C 0AC3A1 07D044 0CBFA3 029182 0B8B1F 03795F 0404AA 0BF816 0F718B 0E7AEC 046C4B 07722C 047619 04BD0B 002E21 0B7360 073F2D 02FF02 05761D 0F5E3C 09B8FE 0D8A76 0487C9 0E75BF 02A9A5 0B5F33 0CB87D 0A8F93 0F64F3 18B017 05E8A1 099548 0BC4D4 0382D9 089663 0EA41F 00B1A3 03572F 0C09D8 01EFC9 082224 018E6E 0E2C2F 0F4E75 07D808 00C804 0CDC63 0FB884 02FD0F 0379F4 0848B4 0D1D21 02B600 0EB991 07B01D 046985 02DCF0 0F72C4 03F958 010B03 03B8A8 0D6CB4 021764 0E100A 023C51 005B96 09BD7C 062BD6 0E4FC0 0F3C87 0F169F 0E3BC6 037BCE 0FABF4 081AB3 0C6863 05108E 0BC989 0A09DA 06BD67 0347B1 09FB19 0C04EE 08A8D5 0CB31F 0CFB65 02E5AC 0A9AD9 0D1FE3 0508E8 099BBE 0A868C 0E0A0F 056506 090AE2 0BA9B3 088383 03D9FB 0FFF01 02F750 0A0ADA 00611B 00EFF9 04218C 09EE8B 03A794 0AD8FD 05A43E 0F5E09 0C6435 07C1C3 0E072F 079EEA 0D0C6B 093BEE 0F513B 0ED07C 0A3702 1E19C3 0B7C4D 08BF1A 072F33 078969 0D3607 0AA1DA 09A428 01311D 06D5DB 082C85 0BCDB5 0BA72A 05D217 0EC22D 00929D 04D918 0952CD 08B0CA 04F422 0F3D7E 08AF4E 02ECAD 19DC17 0F2CDD 0B7A8E 0795C8 003736 030B7E 0D36C9 1A612C 04993D 0F6F87 087104 0FAEC0 07B3FD 0C1062 034F30 0D9EFA 0BA0C1 0FA956 069E72 0ACF81 0F4C4E 094D44 0E40B5 0132D9 0C9902 08C81D 0EA70C 0F46FD 0DDFF4 01D3A7 0D761A 046A44 0BDFF8 0F56C1 0D1523 0F99D3 06E533 026C00 01A566 006BB1 069A47 06D884 0746E4 091D74 015E1E 046452 0F809C 0B6A47 0C8900 03E824 0D8979 092BBC 060ABB 0753AE 0ED893 085147 04CF4A 0FC2E5 070824 060F72 0DB06F 0026F5 0F9C67 0CACFA 049C57 017AB9 027A4E 00693D 0EDE63 07A373 0AD2FF 0DFB1D 0D69D8 01DF0E 0E06A8 024E52 01F975 0C8986 0EC3CB 057AB2 075546 0047E8 010BD1 07A23C 0FBFD8 076292 008596 060DAF 0BF4EA 0AEF9A 04D242 01C05B 013B7A 008362 041F20 0775AD 07147F 0EB9ED 0B0353 0711A3 0A9525 01D6EA 0C4DCC 03354A 0A4C8C 05C507 0F24D3 0E4C06 093C25 0EBC07 0F9CD7 082741 0083E9 047B07
07B95F 051F86 0F55DD 0859EA 04D94D 02EFCD 0BFE4F 0CDCFB 030161 03EC7C 0F386F 03ACFC 0F64B0 091859 01516C 08D3A7 065458 06EE9A 054DD2 01B9E5 070718 07000D 0FFB8D 0E264A 021A15 0F02BD 0E8246 06A063 0DD10F 0ECEC8 08BF0A 0F023F 0D3E4A 0A1731 0AC47C 0D59F0 0CD6D8 0F5A8F 0DE031 0BFA3D 00F0AC 0B5D7E 00C1F0 048A4C 08CE4E 0A6339 086B8E 035D8E 071163 0D60ED 056ADD 088839 075775 0A79FD 0EA6F4 03A0B8 0B46C3 0BF288 0FBB2F 054DD8 08A896 022934 0E9CCC 0A9DBA 09F3FB 0B50E7 0E6F59 08D73E 0BAE76 0F09BC 04A16D 0C0B06 06EB74 00A9FB 04ADBD 0759F1 0A1DD5 051345 0B0079 185339 0E6CD4 0A5404 0B7B52 017FE4 02121F 09E860 0DB9DA 002B82 040021 0CF62C 0FB5E3 09DA2C 0C9871 0322A5 01E3F1 0AD9C3 016879 06DC8D 0C2239 01B0F1 01B7EB 02C9A3 041727 011236 0100A2 02F78B 0FC759 09E2C7 0C96A6 008E49 073694 0B2236 0CC9B0 02E46D 07CE90 03D32E 00D869 09B198 099513 0F2EEA 0D2EE9 0FF6D0 06AD0B 018A5E 02F415 011FBD 05DF89 04536D 00BEA1 05B58D 0A8905 058385 0832D0 0F85B5 01BCCA 086DCA 00ED97 0BEC48 01F04D 041B04 0B638A 1351A1 034955 0F4F9E 05CB37 06AC86 07EA32 00DDCC 044D66 0CEEC4 043C78 04B1A3 091684 075457 070ADB 044E26 0AD0C3 0D2BC0 081B2E 08E1F7 0CB655 0CDF8B 02E9D8 041E42 00BF82 0E3C2B 0C832E 05F1F2 02357B 08D901 0E6AE3 06DDC6 088F99 0696D7 0E5DA9 0EFDAC 0B75E7 096BB1 05D672 039145 011E32 01D8ED 0447BA 0A5847 0B5590 0803FE 098680 075337 0C4CDA 0C0DCB 07CFDB 03FE2D 05C145 0C49F6 0D23B8 0943C0 0291D1 05CCBF 02D89B 0BCF12 05461F 0D4E5E 0BA9DB 0144C2 005655 000966 069420 0C6C04 0D7A48 099B5F 0B4D92 007A24 004811 078A6C 0672D2 09B3BC 039D63 02D0E2 00EF5A 01D035 0D5F2A 06BA75 019D61 0AB859 0B47F3 08CBC0 0BECE9 056B68 067922 0E2B6F 03FA05 0CF405 0214EC 0AB405 0CE2F1 0B89F9 07BC67 09FED2 097287 04DEE6 01EB74 0D95E0 09A64E 0A3862 01F1F2 0E281D 095E86 0B5B2B 0D6C35 069E6C 08B788 14D6D2 03DD9B 002337 0BBA54 0C6325 0A1574 0D0DE7 096952 075FD4 0828B3 093095 09783A 0D1F9E 0938D4 032CFE 013594 08ED17 05AC06 04A2B3 0C67C1 069265 095E48 044D5C 098FD5 05F088 0B29E3 0A9417 0DF76F 09DCAD 04EE7F 081FAB 02A14A 0C6A2C 064407 0E98F5 001A86 077EF0 0D37C8 047DF4 000F70 07E4A4 0A7DAF 0114D7 0E3EEA 05FF11 00DD7B 0D494C 0A2A40 04ADFB 077709 098B7D 026D2E 0EEE7B 0478FA 08C31F 0C1C51 01EB81 06F47A 0A83F3 0A72DE 03CAB1 0DB8D3 02D207 08BD51 06D70E 01106F 043DBE 0938DE 0A0AE9 0F831A 000445 0A756A 0A54E5 0EB977 08A3DE 0D497B 0C696F 01E2B8 09D075 0BD628 0C2169 099304 057437 065E69 0CF4DA 067514 0ABEE9 090538 06431D 075D99 0930DC 0E41BA 03EDA3 0B0D5A 056912 020FCA 178D6D 0BFFD8 0DE031 0A7A21 095CF1 0C0477 062BA7 06A90C 086AAB 0AEDD3 0CA649 060C32 0E7802 0B63E6 03A81A 07EC83 0BB39A 0AFCD7 0D2B66 0DAF45 075333 03FA79 15658B 0E90B4 0B6E36 047FEA 0005B5 0D3838 099CAB 0DC532 0E7F78 0FA3F3 05F429 0D4CD1 080D95 0A2FFF 0488FD 0DEE22 0102B8 0C3C15 0691ED 0EFBE2 0B8106 0CE7B6 0C1E1A 02158E 0FAB04 01BFCC 077A0D 039B9A 0AC077 0726A9 072C82 0D28BF 0C290C 0F8479 0E6793 07B164 047670 0E6705 062C21 037BC8 0C1B55 026DB6 011A7C 03CB56 0679EE 0596C5 0F71DE 154A71 0FBE1B 095422 015997 07015F 078BDD 06AA1B 05A007 05E5FC 0BC711 03CF93 0D5979 02BAE0 024041 083B2D 03FD45 0DE04C 0116FB 0D1630 057CCD 0E3181 0EA2B2 0F3829 0003F6 092420 03232A 060ABE 08B828 05CE2B 03DC55 00B81E 0ADEF4 02A554 09D240 0B7F9E 00ABF1 09FA58 004A74 072D29 0965DF 0C525F 0BDB11 097674 06A2F7 027262 00C2E0 0AE4EF 09FB20 0AA81D 1957DD 01D488 0DB4B4 079E4B 053CC3 085D2B 04268A 0C6C04 0BF413 02488C 0EBBFF 0B7AE1 06AB5C 0C2F43 07F259 047626 0AD14B 070ACB 0E2E3D 0B2B21 083D6D 089688 0912D8 04F06E 0A6111 098A1C 0D1AFD 0B1F16 03D2D6 01C166 023693 06CF5A 079343 0A4A43 0826BD 0900A3 0661B7 0EF5D0 0220F9 047220 001718 011E30 077B70 0F86FE 097918 0268E7 0FBE2A 08DC33 0BD380 0EDA84 07BCD3 041179 0D1335 0ECFFF 04168C 0B76DC 0E7F9F 07F873 013310 0F8011 0389CD 08DF5F 01F6B4 0D0893 003B6C 081737 0CCFCB 02BCC3 05AF61 05D687 085B1C 05FDFE 07F02F 096C5C 04DF99 02E7AF 05898F 04584F 0885DB
0736D4 055CC6 03AFFD 0F6BCA 0FE5F8 076F5D 0A4B2A 007DFE 06F29C 0DCE84 0ADF45 0E9C65 05AA4B 0E62FB 052C86 048983 0F6E69 0D7261 0682D7 0FFAA2 083150 0F09F2 04A936 0D05CF 08C442 06C809 06DC44 076D71 08CD70 0170F9 048381 0A6CE6 0FBAF0 05C1F0 0F9526 0FE650 08AD7C 0B110B 05D162 052408 0E943B 0BA7DD 024198 0DAAFE 02A590 0B5849 06EBBF 0E332E 0360D8 0F1E97 006D52 03A4C2 0C8C34 07A94E 0B0F87 049737 0C4DFC 03D7F4 0C5D6E 078977 074D49 0CEA9C 0A5016 098225 0BDFE5 00CFE8 0B7582 011909 0CFF51 0F4248 0A29E4 005D25 01B2ED 0B2255 04F4A1 0D4E75 0FD526 0485B8 01FC24 04CA27 007F92 0F0B4D 014BDA 098EB9 0B68A0 04C681 082CAB 0D5D49 03457F 08DB1A 03EA8D 04155A 062EEB 0C8436 0FCC26 08D2A4 0A89C8 0DE281 0DD6C6 0A60AA 0B873D 0CD0E6 06D2E0 07FDF5 0DAF5C 09FBF5 07D308 0FC9C0 0CF7A3 03EAB0 064528 00284E 058B43 059B7A 0F8C45 0A9420 0806BB 08B63B 051DB2 08F034 07A04C 0C0DC1 027982 0667DD 084D40 14D7E4 0AA104 0D019D 099686 0EA8F4 008D0E 0E01F2 041A28 09414D 0926C8 0ED927 08ED60 0A77CB 083B62 072D89 05F7F3 063FAF 020209 073D2E 07BD9F 01C89E 06ECC5 067259 011542 0D5238 01BB4C 0A27A7 0E5D1C 0DAAA8 02D777 083913 0C0D17 0A2491 048B83 0E320D 052A7A 01A232 0C77EE 019251 09510C 01B36E 0AE782 095DCF 07C798 05037F 0EF43B 0A2532 0B4372 0F3A33 022763 0710F5 04C645 0E1D55 00D0E4 0719EC 0B9C88 0A37AB 0DD4EA 07DEF1 0DE20C 09036D 0521C6 020D6E 06E881 0A7437 098308 099FA8 066B69 073A9C 018792 0C56B2 02923F 057720 084BDA 059003 024B18 0F4040 00930E 007C2D 0A1A78 03A020 0A8DBA 0B84C8 021359 0D88E3 06E56D 039341 051C94 0BFFE1 09FC52 02216B 0BA0F2 089BA6 0E084F 042B7B 08213D 03E401 0BEDFA 060467 03C9C8 096F4E 05E3F2 034FC9 026A9D 031B9F 081D0E 0181D5 0FE36A 083E6C 0EF2A8 0858C7 0C3DBC 0DC554 072684 0AD3B2 010DE5 0610E5 0C2A4A 0835EE 024F6A 04BD1E 0858DD 09948F 0B9D6F 030FFE 06D039 0BE2A6 058BC5 085721 0A88C5 05A17A 0FE04B 0AAC7E 0F77F8 0E3A74 0BF55F 0AA226 0EDF1A 00EB74 0AA81C 0E00EE 073139 067707 0CD81B 0815E1 0C0C27 08E797 072EDD 08361E 134302 0EC549 0F1DDA 0BB8AD 0A3E6F 0FC53B 03DBB2 04CB84 027558 0B7EA2 0A8086 071DDE 0FDF12 00BC20 0887BF 0E5E8F 07E1D8 0497E9 033F0D 066F9E 0C79B2 0DD767 03C4E6 0559F7 0C15B2 0D41E9 008C16 00EC8C 0E7A79 01293D 0D6B39 03CA9A 0EE2AD 06F5DB 05DF3E 0A8903 0CB5DF 05DF01 0FE1DE 0D6D85 0E9994 0E7E06 07BAC0 04E408 05DE90 0BC218 046457 06EFAE 0C0569 06CC77 0A6650 0B60DF 0A78E4 00EFAF 005252 0CE2D7 0B3FEF 00B8F7 063C30 067474 0C3FAF 0EFCB2 08B1A4 0A6EB7 0D0B89 05058D 037620 0D9AAC 0020EC 095549 0ABE80 044D1D 0019E9 04A257 0D883D 0D3E47 0A73C1 05A586 00480B 082424 055D64 0372F0 083384 0639F4 0FFE45 039B52 05C9FE 0C77F5 0780B9 059EC3 0F6DB5 0C175D 0F680F 05B89B 01A471 055E7A 0A77DD 02AFF4 063659 072E77 04CF85 0D8DF3 0BD41B 00CDFA 0BF641 0419F5 06B7F2 09B4B1 05E577 0EE649 04C7C8 005927 0EA1B3 0D1831 09F649 0CEB9B 002B1D 0E2247 0F1831 05D150 0535B7 0E369A 0EE552 088971 0A5FBA 0F6A4A 01E3A3 0B9F81 056C66 097CED 0FD9DF 076EE4 09892F 09D8DA 044322 064C57 0A0627 00A227 056940 0BD811 0FD5CF 0D1D72 0EB8A9 083FCD 0B57B3 0E7859 0BE7A5 0E00AF 03D570 08D76C 0A93EE 0D51AE 08B70E 00EB8D 0CF1BF 001C44 0E6AF2 0E89CE 0EF19D 03C272 075CF7 08591E 07FB0A 04FDE6 012CC5 046B60 093DEB 0D3F30 01A036 0C17F8 0250A9 06F434 0F6CAE 0AF9BA 05BC9A 0838C7 0A72F5 055158 060186 09DA66 0D1D41 0EA0F4 08CF06 0CB591 01D6ED 07F932 0D384E 0C317E 0B0B05 0C702D 0A5167 0002AA 046A9C 0BD828 0FF3F3 0C7679 056ADC 072976 0148C3 0AAC10 040C8B 039AEE 0B85C9 02551C 1F2069 0291BF 02593E 0F1CFE 03C942 09E8BB 00C92D 08557A 0E3F36 092263 09CF02 0E4B9D 03CD28 0CA724 0038AF 0A4164 0591E6 028022 089260 0D5CD1 088799 01C941 04B38D 000F8D 0BEA59 08C0F9 08FBB2 0BA452 045A82 0137CA 0EDA68 08CE69 0B373E 02BA6F 029A56 0A1FEA 0D814D 0754A4 0DF0A4 012203 05D4DB 076475 0871EC 056B3B 07FA9A 06684D 008206 035AD0 0457CE 0FAE75 0731D1 0C9223 0EA3F7 002A4D 0AEA0C 008233 0AE910 0A011C 0B79A7 0CC893 09E327 0144BD 07ADC4 06322F 07B299 015411
0BF795 0431C3 07A7A5 019562 05350B 0AE49B 018F6F 00530D 0AC7A8 063BC5 00F527 051098 0DA83D 075BB6 0F092D 03F435 0930E4 04795B 097E48 0EBC4B 0E8442 03C82D 004DD9 0E149D 089315 05ADB8 0E521C 048F34 09C84C 0534F7 0E0594 0F0768 074BC6 052165 0775EC 07938D 04736C 02D617 04BE92 01D9C1 0621B1 008BF2 078BBD 0BBD27 027722 0DE107 0337B5 0078EC 001ED1 075B84 05DC44 006C18 0ECE11 0DE36C 090525 050852 035F1B 0C4948 0F8089 06EAC5 0322F8 013D6F 09F760 0F1994 086CFA 035294 0BE56B 0D147B 0D796B 011B4D 0CE61E 0FB05E 0DC9A2 0FF095 0DAE39 08191C 0B13DF 0E91D2 093665 03842F 094B1F 004864 075545 10E548 035617 026FE1 02B353 064E68 05DEBD 010A72 07243A 07A14E 0091AE 0F5D9F 0D839B 03E2C4 0173FE 070F98 013137 0BDF20 0AEC20 0EA5A4 071B6A 0D265C 02E994 0160DA 0709CF 001B0A 008E37 04FA2C 06BAE8 07CEB5 0ACFD6 0F5480 097BC3 0D1B29 048826 0D0E52 0A95A8 004CAE 0AD1A4 07721A 096533 0EA0EC 0FDF83 0A7A45 0BBC68 0CE044 04B03F 03192E 05440E 010C5E 0E8CEE 09441A 012531 0E2ECE 0F85A2 00C89A 0E4C49 02A22B 055FDD 0A5B58 0395A5 1F4701 0D5E98 0539A2 07ACC3 01628E 03FE35 0E1BBF 03854C 0B76D2 05F71F 020FB2 0BABAB 0A0B35 0F0C95 074983 05A266 0277DB 0DD982 028719 0D19A3 0A060A 04ACB0 0D5837 0ADE8A 07DFEF 0D9C85 0A1941 0C37BC 09DF66 0F1DBE 0AC4D8 032588 0265F2 05E239 028229 0F9115 0B33B6 07ACCA 001BDB 0ACE7F 02E909 0F1C2E 08CA28 0779B5 08FC03 01D239 03C3F8 048269 012523 03F954 0A70AC 081DE4 06055B 0CA70C 0C0E42 0375B6 0C1CCC 0F084D 06F9F1 0B0201 01C927 0C9D6D 0181A6 0770EB 0D2B2A 0412CA 0BFE4C 091906 04C99B 0F1E3B 0A1052 042EF7 091B5D 0817E4 00B895 04D0F8 04E801 034A76 02E42D 0621C0 0324EF 0D948C 055815 08EC3A 033BE8 007421 00A63E 032B1C 05777C 03EEFC 0F6A3A 0BE4E0 0F2561 08BE46 07B061 086F27 08F371 01365C 05EA60 07BDC4 0CC3C1 04400D 077A64 01CF16 0A8427 0D5FC2 098ED6 0B9A94 02A590 0881FE 0FBEDF 0B6305 074C48 03D92D 0D69E3 0C81C6 0AEA06 0BB2B4 059B0E 0DF4DC 0D80C2 0928A3 0230B1 0642A9 0DA41E 024E2A 0D099A 0626F6 0C120C 0AC55A 0389ED 065D91 06DB90 0E079A 01A808 0FAA14 086E64 085193 0574C9 052297 04FDC3 0CE7C8 0144C9 075BCD 0078DB 064D1D 091569 0E251C 0DF5D0 070CD3 08C11D 070808 0B1DEF 0E37E5 0D9D36 059C6C 0FC54A 080764 0D0198 039C58 0A6993 0EAD23 0F0A04 0DB330 074162 0E7A48 0B15E4 08604F 03794C 0A34DF 02B644 02C7D7 0887EE 09972A 065E63 067048 0A1689 03C2AF 098CC3 03A06F 03A1FE 0009A5 0A3E7D 058A08 05B35E 0E9DC7 02B4B1 08D6D3 0CB7D7 005629 08F8CC 03C6A5 072CB5 0B7919 0F9FEE 05CDCC 0DAD92 0AB1A5 0B252C 0593FE 04E7BC 071620 0836D2 00C143 05E06C 08891D 0B51C4 0513FA 06A6DF 09B1DB 04CE62 05B4D5 0AD1F7 084419 0E7730 0AF257 0449C2 04F340 0A3AF0 0AB2D8 029833 0BBDF4 03C29F 032A60 03587F 0EB824 0D8667 0DAC12 0F1254 0D2CD7 031B62 0D800F 06125E 055836 01E0E9 09F681 02D923 0D113E 0F9737 03C438 011322 068F2C 083289 094ECA 0A6C61 02ED91 053767 0D0AF1 0158FB 0967C9 0CFBEB 098A31 01D54E 048CF0 00551E 0A587C 03A280 0E8E76 03CC31 00E446 0A46C7 087B4F 06AD97 0EF74A 00888F 0BE916 00824F 0ACF02 0B6A0D 00AA50 13DEEE 03FFDA 059007 084548 0BA99A 0FE179 0BD779 064602 02CA1E 076D28 091E33 0C523A 0A1871 00D096 07C86B 0CBFC4 001A8A 0A8303 001058 09CB23 0C6465 06921E 0E3E4D 049865 0F80CD 0ACB0F 0A9E1D 0CA34E 04148B 0371EE 0C9510 0A194F 0C9313 0DB729 0E86DA 032784 06F5C7 080A70 0F7C8B 046165 0D95CB 01E61A 043FC8 07B7D8 01F56A 07F47D 0F41E3 0BE502 0DA5E2 09986A 0490C7 056D00 0862DF 0502BA 056B0B 016D76 0F8D0C 05469B 09FD7B 085989 0C0251 0C5F2F 0B14E0 0A6B24 070DEA 01FCCA 0C242B 067245 0CFE24 093F30 055E82 02D433 065A68 03148F 0BF410 09F6DD 02F313 0C0312 07B4F5 0314B6 05104E 03C7E5 083B3C 0D2A04 014E38 0BECF6 0CCE99 008B25 08216B 09743C 0ADE13 058CF3 0B9844 0314D8 06634D 0E8145 0F03DC 0F22E9 064435 0D19EC 069633 09F01A 054CEF 0EB585 0C6703 01AC9B 09C820 07812A 0EEBA2 02B6AE 0F97EE 085A71 0A59CC 02422F 024CAB 029565 05243A 0A289D 077636 06CF70 0C2B53 05F5EF 073090 087B64 007B73 059053 006BBA 0A2670 037B9B 0E3E4D 0AAC12
05FD0C 0F7624 01B61D 0E6B1C 06D1FA 032C61 04A22A 081051 02CE78 0D4593 069A8F 05A94E 0B2F83 05D715 06AB90 03E044 0B6281 073DDB 0552FA 1B2319 0D979E 0E29D1 0B7577 02AA16 040252 0DC7AF 052F24 0557D0 09219E 061ED1 0DD313 0D19D3 0DD746 07E944 0445CE 0F60A7 0CA2A1 01F283 03C6DB 0C3156 0B0DA2 009D98 0F4319 016BA5 0A8913 061F56 0657B9 065950 048C1A 04D251 050020 0A9211 03C6AD 06ACED 0407EA 019DFE 08867D 04F395 0BBBAB 03ED06 04789A 0C73C0 00E701 087FB6 0F45C8 043AA9 0BA851 017722 0933D9 0EDF0E 039FED 0FC2DA 0CCC49 0CE251 032EB6 06379F 030C3E 189C41 028922 0B27EE 0EEF9E 0BFDD4 075A1D 00F7AF 02011B 0E2D8C 05F990 0DE3E9 0B4F50 0F0B5B 0D67F0 0D86FB 08BF51 047CE0 0DD797 034D83 004AA7 0408E2 001F60 04E053 0965F9 0A7712 0989D1 0F936C 0E0A6C 04C529 097809 03E013 015EA3 0C9C92 0F7CBF 006D42 0F7222 03B859 064298 041B23 086217 0747DF 0F5D86 070609 0E6CFF 0B601B 0E8B14 0927A5 08C86B 036D40 01E7B5 040265 048B0A 0E6792 07513F 04A997 03AB7A 0A50D5 068CBD 0FF740 02C843 0B45D6 006154 04744A 04F725 09DF69 03BF89 0C22A6 0F347C 09D818 083A1D 09333A 0C8D9E 0AE054 0F1CB4 0ADF54 0C7044 0E2929 0BE71E 07C0CC 022F68 019E04 09A2AD 0CD6EB 03D1E0 0B45A9 09B51D 067C60 0DE703 0DD0A7 0D71B2 0ED695 0DE90A 0004C4 013E91 0E7002 0021D5 01C17C 059657 09FB3C 019086 0D2056 0F5A43 073240 0B043F 0BB60D 0EB2D8 05A18A 019608 096111 0127BF 09595E 0C56BA 0A69D1 0721FF 0ABE5C 0AA447 012ECB 034D00 056BE9 094148 032201 0263DE 0592E9 02CF0E 0781B7 097562 05B213 08B695 0946BB 080E13 003A1D 0657E1 017629 068DFD 06C04F 0BA80E 07229F 0EB8CB 0B3C14 0A389D 07BE9C 0B2D1E 004E30 021B07 015BC5 06BF40 03F744 0EBD13 060C75 03BB1C 0A34DD 0C5C12 034C86 003E67 0C1845 0A76D9 02641F 0DF858 018650 028A8D 0597D9 0BED9E 01B189 014F75 06F3E6 0F14FA 008FE8 049CB7 0E4374 0FD498 1CE266 0A3803 07D2AA 01162E 06A86B 0FF6C6 0F76A7 07D692 0799CC 007C65 0F0A0E 03C89E 06982E 0BC0E1 04DB78 12441D 0D970C 0E0079 19514A 09B4E9 0744BD 06B6F0 09A081 06FB2F 041DCA 0BABE2 03E8A2 0720CF 011213 024361 07D586 07D5BE 0E86D1 09080B 0B3665 08CE5F 080760 06AA2A 08CA20 0EEAE0 04C76B 0E2E08 0B730D 0F1E0E 02DDB5 0ED5B5 00EA5F 091B7A 0710E3 02E838 0C64FD 059083 05B639 021C04 0BDEBF 0BA2CB 00E4C4 060C23 0D9009 0FE3BF 01B375 0EA9DF 0B698F 054ECD 0FCA96 0F4AF3 0E6C16 0815FC 084101 09B599 0C993A 0E2D33 0CA259 0A55C3 00FD5E 095F35 0C5ADC 08B09A 092069 0B9C4F 0B36BA 000B48 073FE2 000085 074391 046105 051438 0BABD9 002E53 0C36AD 0C3170 00C8D7 084897 04432E 0E24E8 0DF604 0603F8 085D3C 09BC02 005A3E 043F4B 0EF741 0AA6D4 08E26C 08BAEC 0A6496 0F5715 04FDAD 0C4B98 0DD3C7 094FDE 011DDF 0F922E 0F3120 037EEA 096C10 016C0D 17D54D 079ED6 06D049 0535CF 0CA860 04EC51 074481 0174FC 05686B 08B7E6 084BEB 00FE85 035A32 0B713C 0C5241 0710F2 0EC1D9 0A6FEE 03F981 0DD3DB 04DDA2 02B198 074EDC 0084E9 0CEEFE 019D4B 043444 0DD666 0D9AF5 0D2233 043BA3 026CC3 078818 029921 0A177F 03DB96 06A88F 0871FC 0068EF 054490 049058 00821D 0D0B08 0DDF6D 0E5A6C 094CB9 057A30 025EC2 0C0314 0D8777 0DFFC2 060895 08A9D4 05E117 039771 02047E 062EB6 0C694A 0A6B40 0A0B32 05FC99 070346 0F3411 1DA47B 02B3E0 014421 0CE8E5 0E52A7 0E3D8E 05893E 0141C7 0F9382 053707 0DCAEB 0D5F20 0DA75E 091975 0F57C9 094450 088B17 0371F1 075AC6 0E6AED 0214BA 04867A 08960C 0C3E7B 08DAFE 0804DC 0B1B8B 0AA247 0813CC 02F8D7 084165 03DF05 0CD36F 09DEDF 1EE3F7 0797F9 07B3F1 0678EE 01A900 00ADF9 00239C 0A6B64 0B2B65 0A9110 0BFD75 0D621A 00D220 07AB5A 0A361D 04A44B 05F155 054CF2 0E242A 02879A 021C9A 099C39 09F053 095043 0BCC04 0DC5F6 0C2FBE 050E29 0FCD37 0ACE7A 0605A0 042865 0CC68A 0F0D49 0FC11F 0BA446 09604E 043F38 06A5CE 12B89C 0FF246 0F5E5E 065E46 051047 0FF2B8 016C3A 0CC830 0A41C5 01BEE8 0F450B 0DC3D1 057DE6 04C0A3 0E5AB5 0AFFB3 0514BE 0BCF02 056466 1C974C 043609 04C1CA 019DA2 00EC03 067347 0B9DDE 042BB6 009452 08719A 0FDE13 0B5D29 0890C7 000A35 02F9E7 0C9166 06B8A9 00E546 0C9F58 085A61 0C616F 09AC21 0E6D3F 097F95 0057FA
01944E 0ABB4B 020010 0E93DF 0BB826 0F4EB7 02C49C 0EE5C9 0F387F 0FA01A 16F055 081B06 078E50 0EB182 0D47A8 0AB8A4 0330DF 0AF32F 0B9B9A 091931 0C624A 0F1DF7 07187E 075393 08B631 011218 0F86E8 05233E 0E9384 0C4513 0097BB 07556D 07EA0D 0B43DE 0E5275 076C04 0C4E68 04976E 0A276B 03D1F6 0CC83D 087AE1 0AA369 062A90 028A23 01DA5A 03E292 009E5C 09F786 023D43 0C719E 06653B 0DB18A 034FAF 0BBC27 03A8F2 028289 04CAFB 05F9FF 044BAA 025B8E 0789D6 0DEB22 06B1C4 07BB79 011DE2 016792 019A1C 00AC3F 0A2440 03117B 0A707D 0357BF 067B06 027E19 08D953 01A6FE 0D267D 053C63 005A83 0D54D9 032EEA 03BE6C 044B71 05C651 0BE41B 097D4F 07B9B0 00D26D 032A5C 0083E3 09A9EF 0CBB28 01D7A1 04A2CC 070728 0F56A5 02577C 001ACC 08CE7A 0AF491 0BEB7C 059B76 0D3D0B 0BEC02 0F6BAF 0793E5 0C4E2A 01503D 04CDCE 129C79 047A8B 0B8DAA 088826 07947D 0D22F6 007310 0FC59B 0054B0 07562E 0F1C21 0D8498 0CA284 088307 0A25AB 049DCD 0AB4A9 00B0BD 0FC550 0F1F50 01433D 0D0C19 0A92ED 058B12 052C76 0C4688 0E538E 07C851 150C86 0B2E06 0F5AF4 0DDD4B 09042E 0A8F4C 0AD980 0DA8B2 050FD6 030749 0D3A73 068AEF 03E397 0DC8B3 182A38 0E72E9 064EF0 028107 06BF33 073E38 04BFAC 191F2F 09DEDD 0EC2F0 0051C4 04E2FF 0F1ED9 0C34C6 0B68AA 02580C 0E11FF 019E2F 0B1600 09C240 0FFBBB 0B2EF4 0DCDCE 01FF75 075527 017D9A 0E9A7E 037590 0EED13 04EF7A 0D64CA 0253FF 02C2B9 0AC3EE 0C8674 004633 0C8C8C 03658E 0D9402 0668C6 0CF5B0 0E77D5 0FA336 083F6B 0928F0 0DFD89 0DCDE6 0512B2 064A73 03E4EC 021A73 0CE4A9 0D277A 0709B0 02ABF5 0CF8EC 00A8F0 0B780E 0712D1 000EC0 00C502 0FF992 0014D3 0B4A76 02A75C 0A5174 0AFC96 0DE998 073867 09EB4A 010793 0C9CC4 0823AD 01A11A 084B47 0BB559 08F6D7 0CC63A 01FC90 0A46A3 083108 078B44 0CA2FD 03F669 0B7278 0102D6 0F970D 033CA0 0EF6C6 0B4910 0B73D1 006035 0E427E 0726EC 0A0D0F 0A69EC 0E01C3 059FB0 0CC67E 002BB7 031DD1 08C912 0CF9EC 01AB1D 04D60B 073AD9 01D24F 039D2A 07A85C 10B4EC 032A7B 050974 06E006 0F5362 085009 0DBE1B 09B706 09AFA8 0A42BC 01A21E 09BEA4 02B1F5 0E8599 097D63 012276 052CF0 099EC7 0E2BAC 009ECA 02C417 042ABE 0B992E 0E3388 0A3CFD 03885C 0AC0D7 0A2395 038747 05A44C 00D825 0DABD7 0AA161 00E2EF 0D290F 0798F1 0FD17B 075EF8 07F826 05AA7C 094C12 0111DF 091371 08D74C 0C9FA3 0CF56A 1D1F27 007002 0D5327 0039B7 0BE8B6 0A26AD 0C4534 0A1E27 083BE5 0A69B0 0341F8 058273 0659EE 0287DC 096F98 019C91 070DFF 09EE35 0B5517 01CD6F 015E89 069A40 0D832B 009418 068579 0B7D0C 0558D9 0BCC6E 08984C 0EB05D 0E36E8 0FBEEA 07FABD 058389 004C37 069039 0A7913 0755A4 098D6F 01FBF1 0668B6 0303B6 01835D 02A533 000AD8 00378D 0CBF7E 025CF9 0ADA8A 08C23C 061C9D 0AFBB9 0CCD8E 0ABBAD 05E440 0C1897 001D2B 0A1282 0919D6 0B4B37 0EC95B 02CDAF 0C673F 0F9FF8 0C049E 0DDAFC 0E8800 0D5260 0A76E6 0A954A 0F586F 00AA49 0123C5 0DE9DB 01F66E 0AF957 097504 0C5109 0B49C5 0B5796 08456A 07953C 03D31E 024717 06F786 0DE23D 02F7E0 03D564 04B219 05CCB6 0EAF59 0A8710 0F24BA 059FE6 0D0C8E 0F9A12 08F31A 0D8A18 033A55 0FDBB1 01CA11 092167 004D8F 0F79F0 0101F4 0453CA 032CAC 0F704F 0945B1 09A397 011B46 09A945 0C9667 0586CA 04EB2A 0E31C9 05D981 0792B3 08C0D1 09DF49 002104 09D074 04E8E0 011EF4 0F2E0B 075BAA 0244AC 034A99 0FB1EF 0AC270 0AC00C 0B9F9F 01DBDE 0A4740 0C4CDD 01DBE7 04D3B4 083A5F 0B3602 089CAE 063FB9 09E963 0E3D16 0CF528 0AD10B 02A5D7 0C4255 0E796C 0CFA1F 017A19 0D6767 0D188C 0B3B36 068A85 0CF247 03CB76 09D268 0182E9 0BB543 0B69D4 034858 00C078 00DA80 06CCA1 08233E 0F6993 0B4337 0FC5C9 06CD03 00032E 0B1D0F 0264BC 074AF9 018A20 0012B9 02F03E 072C6D 033D87 0CF863 053522 0C91BB 023D78 0B1317 04B182 09A820 095422 0C4B25 0BD0DE 03CD64 078867 052747 052DDC 0537BB 0E9B18 098A9D 070BA4 008623 015C66 081DC2 0C6FA9 0D4D45 00A823 05317C 0D6D49 03CE1B 0ED22B 032761 0A196D 01B039 081FE7 053173 0753D5 0824F5 0E6175 0AA1CB 043C5D 08519A 1F8490 07B5B5 074A88 0A9EB2 000652 06F7A6 013753 0A2D3E 0E81D9 0B1486 02DCD4 0747E3 0274C1 0759BE 0A32D3 0E8270 02E604 09DD17 057F9D 0347AD
0D8798 006A6D 07AF63 0ADB1E 0BAF6D 08D34D 0DCD97 03CA5B 0BD7C7 084F82 0A6823 06C25B 0925EE 026C61 08B350 0CBFCE 09B65E 099195 05DC12 0CB309 0586BD 015526 03398B 028D1A 0F734B 063C9B 0830CF 0196BB 065682 0A3EF1 04399B 0F5425 0661C8 0F5FE3 0EFB27 09B22B 0955D1 0FB20A 045592 050C8C 04AE80 055F8C 034885 0A8A7B 04F435 0C8785 0D1D8F 0B6E5E 0A5B77 04177A 02410D 098504 06014D 0CA7F7 0FE1B0 0E960A 08650B 0533A7 1D9D1D 0C1875 033DAB 03D60E 02E3C4 018BD9 0AE991 06193B 07B22F 0A501E 0FE0BB 0145EC 009FF8 0D62C9 003806 0CC0EF 0288D2 01B5AE 0B2BB5 02CDDB 04A2D8 078673 08AE82 037A3A 0C4DE3 081C84 0AD11F 094CF6 0575B3 0E8EE6 05876F 06E5E3 0797CA 00B3D2 07D299 093949 08A3D1 0E81E5 0E9D44 0F189B 018FEC 0F38AE 0C0E23 0A2707 0B2C21 0B9E81 0ABF35 071647 0DD1C2 078FDE 02FF94 06A970 01B2D8 0D893D 088153 0C8019 00DE60 0FCA6B 088231 00CB48 08B373 016752 07E446 024096 0D1DF1 0787AE 0E7FD7 09D732 0D53C7 078EAA 0799C8 08A193 0D516C 00D91D 05FE88 0B606D 0493FC 0DB3CF 0CF583 0BFB46 0ECF7B 040AB7 09CE3E 039B1D 0D449D 01A22F 0AD63E 01F699 0B225E 0A2DCD 07133B 0B8A3F 046896 0B6480 0762C5 00C11D 0DEE16 090106 0D281B 098C3E 02C0BB 0A9176 035F81 036783 079A2E 092D89 0235EA 0E8CF7 0C4D0E 0E2B60 0910BC 0C02E9 0411B8 071FEB 0C5790 07511E 00F84A 0B4C77 018CB2 06E686 03019A 0CF74C 04B917 0CDBF4 0D49EB 04B0C4 0E5AF0 0866BD 0F8EE9 03A479 0E2B11 0BCD88 0C7270 0BA38C 096F4A 02AB28 0AD7C5 0EF9CD 021E3C 0000C8 03FD0E 062CDE 030879 0203CA 0AB863 0D992F 00EA95 0C2E24 02F020 16FA31 0D4971 06B562 079D41 0F7DA1 0707CF 1DE54A 0026BA 0E3A31 0F8E1E 057C7C 0DC888 039582 0F5506 025099 04879C 0A1A4A 0A20D6 06AE57 0942EE 0D3FEA 07D917 0425A5 082693 0F6E78 09610B 01D164 0EB890 07C9FE 0BF0A5 020EB7 0B85C8 09DFEA 09D657 04D359 076113 009FF5 054144 043A20 08658B 0427AE 02608D 025508 0D9E56 0E2331 072D33 081AED 07BFFB 0B993B 1BF117 070258 0E5A7D 00E6F9 074434 014ADF 075213 05F2C0 03BE6D 089839 0FE6C1 0959A8 0E36DB 061F92 0C90B9 0F7166 0B5208 00DDB8 07E309 02E834 0F5437 0941FF 077354 09B508 0C2F04 074D5A 0F6017 03C100 024C55 0F5146 0D3C66 0D106C 07FCAB 0FBC2F 054689 0FBEA3 0FDC54 049744 036518 13AA5F 0B44E7 0CAD9D 0419F5 0AC50B 01A04D 02974D 046740 0CB4A0 0A95AF 05EA83 0F00B9 061011 01455A 0093A0 0FE9B8 0F3943 07845A 0486A7 0712AF 072901 0208CC 060C9A 0C5FC6 0A98FF 01912E 064C55 0778D7 086297 0282D6 069151 0323D4 028A01 04B80F 01EDDD 0D648F 04851B 06ACAB 00E5D0 00F2B9 0B43E0 0FCA82 0C0231 0F62D3 0E5F3F 052982 0A8019 0CA9B4 07BFF8 0E5483 063322 0249BC 083428 059F7A 00F2F9 0E7CA5 0D89AD 0BBF8E 04CF1A 0EE3C2 0F7700 0FE2BD 06C92E 0DE157 0A497C 0CC401 09D5E9 0D97FA 033E74 04A9E7 0709EF 01C8F7 0222A1 0BDCB9 089391 0B4207 0F870B 028328 0E18B2 01F6A2 0FFF7C 06D9B9 088960 0AB14E 08C2E3 0F1722 02E1E1 02554C 0DE67B 00538E 043FFF 07FECF 043FDE 0414DF 042445 0DEDC4 047E95 09B1F7 0C8AD7 0765E3 05107F 02F972 07B63C 0ECE30 0463EB 083673 04B961 04C02D 0D0910 0613BB 0A1B1D 0C64D0 025229 065AA7 0F0AD3 0971A7 0E7DFE 06D3C8 0C4F13 009644 0800B1 0490EF 0361DE 02E8D1 06CC43 074CDE 0A1ED9 02C3A3 0538C4 088084 017A7B 0ECD3F 04D2A4 0A9369 06C4D3 0DFED4 018CC5 0D0386 0CFAE3 02CE7E 0C63B1 065828 044332 011F2C 0C1C76 03D067 09A5E4 0996FC 0229DB 06C087 0D9AF5 0D5272 09DF9E 0BB1CD 0F0210 083B58 045D78 0937B2 0EC389 04B915 068D13 025A22 05CC47 02C4CC 08CE8A 0C3F1E 0A7C64 092C60 04E294 07E0F4 094A96 09E200 054901 0BD89E 04755A 01E078 0F20E7 0E9C3C 0F27AA 01C61E 0446CA 0A5772 0B0CC1 004935 00A8E5 0EEE4E 0C92B6 0F07B5 0168F7 0EB4A3 08214D 085BF5 03BD64 058DCD 0C21F7 066D89 093B96 07F4DB 0D57DD 0255BC 025292 062A92 0DDCE7 0BB2CA 0CC4B4 0BEE75 188F14 03E999 067938 05CA64 0CE351 05FBCD 04160D 0FEACA 005935 05413F 0A8829 0EEA79 029C62 094F0F 091925 0664E1 01AD70 0EF530 0B4778 061B61 0B9701 0A5329 0CBDB7 089FD9 0D3A3E 0FBD94 037635 03A9D5 071E07 0E0939 0725BF 0688F1 052671 0C2D41 004BD5 0C3AD2 0DC013 06CC82 066CFC 0E4D54 0B372C 0B3AC5 0667DC
0BEACC 0963EA 07A4F1 02F176 049950 09E15D 030A85 0C59B8 0B1407 09DC3B 093639 0F34CA 0C22BA 052F97 0F892B 0AFBD3 020E39 03FC62 0E2683 059803 0B6AC3 0CF276 04B4D5 0B462F 05B382 06DD6F 06A7DA 031D9A 092341 0BB2BF 05022E 05C523 0C9354 0F4958 038E85 0273FC 04B113 04BE18 0D9F0B 0504F8 06801D 015683 04A97E 0036AE 05FD31 065D37 04BC88 01AF2E 0579DC 023892 000867 05E912 05D692 0AD2FB 0097B6 03C4E3 0C2C59 056E68 02AA2E 0025D1 0A817F 0898B5 065FB8 0453B1 080A98 040BA2 0D13CE 03AACF 032B2A 01C75E 09BD1A 07F0BC 06B14D 00A8B3 058413 0C2750 095EFB 0284A3 054BBF 0691B0 01BD65 009C67 021A84 0DF1E9 0C0881 06801C 06E8B5 0D02DE 069B3D 0C22B8 01693B 0F6005 05F886 00D336 0407CF 0AE162 09BD2F 086116 085DD9 0CE953 01FCE9 0FD2F4 0AC88B 0A5E98 0F20E4 039B05 00E5EC 0D0C19 0BA46D 04F349 09A9C9 0EC279 0CC70A 050A45 065A38 0A9B65 079624 03F29D 085A07 00FF48 0D68C2 0467B7 0D3C2E 051F5A 07EB7F 048B6C 001B62 05596F 089342 006EC4 041830 045132 0C2ADD 065FDD 03ABAC 02F32C 0348EE 00CC42 009F2E 031D97 085442 0E3415 1EC79F 19AEC0 044636 049BFA 01E82B 08EA4A 0F2E7A 0B9C22 066C4F 059B8E 007D99 084D9C 026AB7 02C348 063E47 0A1563 0E4F68 07A403 063F55 0F1623 0A70A5 0CD1B9 063374 0FBDC9 0CA117 16D40C 07C001 097322 050FDD 063702 0E4E15 044E9A 04CC93 065219 0CF9B1 042923 03EB61 0E1B5F 05BACE 0AB9B8 0CBE32 020BBB 0F9C8D 11A23C 0B0164 0C9240 0E0E3C 0D5CC8 071E94 0F9C39 04CBF6 0088C4 0E9E74 0D5900 0A0A07 0DC5E9 0C337D 0EDB44 0724C1 0084F7 01E5CC 099E09 03E3F4 0793F4 0B26BD 0E5EC8 001129 099FE2 097BF8 04053A 09A21D 040A6C 00BFDF 0DE904 04E543 019B14 025651 0658A9 031B01 0482C6 007D84 08EAC3 0733C2 067D0C 0ED923 0B9C49 0F6C5B 043E95 0F9582 047EA6 0A996C 0EFF8F 082626 0638CB 00444E 0785BB 0C4007 0F9A3C 032462 025811 01DC94 09B4C6 0A4B2F 0FD66C 0ADC11 02C369 00716A 03D5E0 0C0BD1 083C48 1329CA 08A6EA 038ACB 0D24A6 05E770 0EA6B5 057A3F 09A96D 02A2C7 090AB7 0894AC 0B9154 0B406A 01A9B5 0788ED 01763F 05BF36 0345CA 0D0119 0C38BC 034250 054FAE 0262F6 08F696 05E9EB 01F1EB 0AF567 072901 022C57 0442E1 0528BC 0F5C42 05B611 081B6A 0664C8 074207 083890 0953DE 021CBA 094A92 0C1422 00B752 0F024C 0C8E62 02814D 0A6C7A 0737A6 0C2AD3 048865 003400 09F656 045786 00874E 07B19D 0B9961 0C9B99 033D6E 0C9FAC 0C0E53 009B94 034905 098653 05C9DF 005981 012941 0882FE 056A87 0F28A6 03390B 01B4D7 057069 061DF5 0AC90D 061A53 00FD3D 0A2C4F 075838 026D54 0BBEEE 0C7785 08BDC5 0AA13D 0ECFD8 0F517B 0B434A 069600 0F00CA 0C2642 0CD916 098F43 01F3E6 0500EA 09FDE9 0E228D 026DA4 0E422B 084B4F 0CDD7E 0F67F7 0E1951 0ED5F5 094255 061C28 0A299C 015B40 0E4E8E 0AA15A 04C861 05C5FF 0640EA 00523F 0DFF43 0A3777 0BA66C 07059B 049A7F 0F8B11 07E9D0 067FD3 0BBACC 003909 0864B4 09F5AC 0D006F 0CA854 0569ED 05CAED 0C6656 0C6BA9 0E425B 0B89C4 074AE4 015B12 04A1EA 0BEA21 0B44DD 09AE77 064853 0B482A 0B9E73 071170 0DB7EF 07315A 015B95 0F3C24 0BF4ED 033992 005FDA 054068 0610FE 023282 007494 05BE0A 0B6229 0E58E1 032512 09CC8D 0FEC04 0E3B19 04F149 07FF8C 095FDC 0828FC 01F5FE 03688B 0C7691 02D3EA 00D784 0FCF76 0C023F 073E42 09B63C 0B2FD4 0B5902 0A857B 0E1A9F 071FEE 0557B6 09CB23 0ABCA0 1D3ECF 07E48A 09A064 0BA235 090DEB 0AF751 00CD24 0DD589 0AED24 068DDD 0F323F 070A06 04844A 049CCD 09AC6F 0E7BC6 0099B2 06E080 0762A7 0CB1DA 1C3459 07606C 082152 0C59CC 095B77 07048A 0C2386 02A98E 0365B1 02FF6F 055EB0 0BE7F5 01504A 028035 0D1F61 00C517 00ED17 046580 023AD2 0BF58F 060801 064101 0815BB 0C47D7 0633C6 0D2FC8 0DC026 05F996 082AA9 0B9C01 07443B 0B12D8 0A278F 03ADE6 0E1A93 0E88AA 0B588F 040502 02D466 0B0BDE 08746E 0B2920 028E26 016352 1B0E9F 032568 064561 027724 07547E 0EDE6E 00E532 07475F 0BD917 0815D8 01A310 0250E5 05CBC7 0CB047 1EAD5D 0BB801 0ABB84 0B1DBE 048F9D 0F8FE0 0681E3 0F78C5 031861 0FBE86 0E2291 0C5969 0FBD02 0B3B78 038CA9 034126 0D10BD 030A6E 027B6B 064C1F 06692C 022613 0C0C88 0690C5 0A7ABE 048FE8 06E4F7 0DBFB0 0164D0 0596A6 039616 0EA8B9 013BD0 0AE1A7
02F4C7 067DBF 0A559C 033310 044D7C 036CCE 072281 013FDE 08E6AD 0E42CF 033354 022089 060A8F 00675E 093778 02FB1A 013DEE 0399AE 02C9C8 0D6513 04ECAE 0576B5 0AD234 001727 09AE54 004150 0642E1 051DF3 03ECD9 085967 0BE790 0CE8B1 026D2E 0BA309 0C480D 0C4BD9 032103 0FBA1B 020A98 0C9304 0F6B9B 0A80B4 01BADF 03BAD5 0B8EC2 02308A 02FA06 0C4C5A 05FB71 0BC38C 16383F 0AEA45 0D379E 0B78D2 07A338 088082 050F32 01E770 0E5365 01099B 055C44 024D13 069EA4 0CEBF5 1ACD1C 09C253 0954F0 086889 01285F 05B373 0DBC1A 05075A 0B8B55 0C73D9 071D3C 0F5137 006528 0F7F10 04C8D6 03450E 0B2380 0550CA 0B82F6 07704F 0EAF13 18026B 03C40F 03AD5E 07367D 078BD6 136059 03613F 0E9D84 0D69F8 0A20A9 0645E0 0AE2D2 0E9FD6 013317 027045 00F97F 010A82 0C3374 057293 034D37 097122 0CFF75 00B431 051B49 0DF7D3 0B6871 038B97 095848 0AB0F5 0038D0 0D4ACE 020903 03C194 08A291 091AEA 0A1D4B 0C56E4 0DE70B 04BC38 0ECC8D 034292 015FE6 00C797 0DDC88 005387 060364 0B0DCE 1A2D70 03450A 010D8E 061362 08F2A6 0B38B8 0E344C 093DE8 092281 0783CF 03D3AD 07AF76 03EB44 0F5FBA 09D26A 09C8BE 032E2B 06A7E7 0C6645 02539B 0992DD 098C73 017E8E 08BD54 08F804 0CA613 0D5081 04927F 0E3768 0A824E 014121 027E9E 0025D4 0B2698 025C2E 07C190 0B5973 0A9995 067DB1 015122 03F970 090EE4 08BD69 03830E 0C7AC5 046E8A 009151 0A1807 024D1A 05C404 0A1C44 070C89 09FEE2 0EA8A0 0E51C5 071F5F 0A2FAA 0BFDC5 0113FA 046747 08810F 0D5931 093D2B 0E7EFB 045A38 0A0327 06089B 05FAC1 052E6D 0B1F1C 067046 0509FA 0A88B0 064FD1 04B07C 03AB4B 0345FB 0B6FB9 03FB57 074B50 006C09 04FFBD 0FD9FB 0824CF 050D28 0E0B36 029D1E 05D816 074D05 018B1C 0880FD 00D279 003834 03C798 0B8AAF 059DAD 06B67E 0E48AC 027C14 0A15D7 026781 003628 0E9A1B 069481 02042E 003427 00E462 0F3594 06B554 0B3271 064B90 0631EE 06ABCF 0BA0FB 0B2BEC 062CC6 06C4A8 0FFAC7 0A1607 01FEC8 0C477E 0115E8 032EEF 0E9928 0C79D5 0ED6EC 0CB1B4 0FF43B 00F86E 0C2DDA 0A9FA0 0071C4 0E2498 09A380 0D4067 0D149A 0829E2 0860F6 0117D9 07548B 0C42D7 031ABA 064C6B 0BBD1A 043E2C 0212AB 0FC842 038482 002619 089214 0D80B3 046CA6 05131B 07D6F8 0AB06B 054272 0CFE02 0E1063 05851A 00E95E 0B8432 097FD1 050917 057049 00A5B0 0FC6D3 04D213 0C9615 0CD735 0C05C8 02AF23 0EBA66 0A6982 0ABF34 029527 07F7CD 089708 07FE05 0EFE7A 07D31A 10EB75 038C3B 19FEC8 0BC8DC 0551B7 0704A0 09FD3A 02E79A 00A0E0 07375F 0B713F 034875 03802B 0AE18B 0AF053 0DD32D 01C833 0F117A 0370C0 09A6C4 06CF92 044832 03F3BF 0D7D74 00F50E 078B01 0939AC 073042 0F3B3D 0C485F 0852BD 0FF413 05A0CE 0052F0 0FCD06 056BA1 0E20E2 0AF42D 0D02EB 0FDED6 06BE99 0105C4 04355B 0931B7 055DE9 0A8DF2 0F8295 0BCB2F 0F275D 0833B9 0DA29C 076F01 09B18F 063142 011D1C 08BA4A 0C84EF 07EE3B 0E6BD1 184462 0B284A 0FDC44 054782 0F2581 0C6CC6 07FA87 0BB541 0547AF 0714E1 08BE8E 01D749 059CD2 08C675 04E2BD 0B2D51 07006E 0B7D39 0DC44E 0E94D0 09750C 00448F 07C40E 0730FC 0540B3 063783 05919B 05F10A 00242B 01DAAD 051706 07AF3E 0D3E4D 0CFAA7 0FD4E3 0F8654 0E337E 0B6A49 02FA85 11585B 040BC9 02AF85 010CDD 060EBC 06363D 00A77D 066BA4 0707C9 0383F8 0F3956 080147 06D156 08F43F 063B55 18AD24 05320F 0862DD 095B7E 0622A6 0E974C 05C92F 07F1DE 0FFC13 01B6C7 0EE6E7 0E5D5A 0D9159 067B55 0CD4AA 0B72AC 09EA81 09F702 0C622B 0777CB 0B197E 070962 01A4F0 0B26E7 0E6FFC 02A2E6 0B589B 002B49 0639D3 0CE5F3 0D1B14 0DF6E1 040562 07C7A6 06C827 09DA5A 0DB4D4 077DBC 0876EC 0F4035 07F87A 0A46B9 08A905 0A753B 0C5B61 0D3604 067904 05582C 0C727D 048FDA 026F7F 036FAF 0B6DE8 08F0E5 085ECC 043E5F 0EE776 04DEFB 0C8CC6 00F0C3 0C1D05 090378 09AA4E 020B20 0D858A 0EE476 0A8693 0E2796 02FA31 0B0043 0579C3 0BB1E4 02B4E1 023DA7 06BBFD 0888A6 027599 00EB52 0AF325 0213FA 0F7572 060E72 018424 04D8EC 01AE69 152B2B 0E3ADF 003B89 02A400 0EB94B 013611 052658 01FAED 0FD0F2 072143 00AB5E 0D8B5A 006DFA 0D8A11 0F19EA 0605C6 0D3492 0812F6 0555CB 04E55B 0897A5 04A860 0FBC4E 0EF57E 0B1572 09EABA 011498 077A17 0C4EE0 08D9BC 064C2E 0151DD 0DC620 0813FA
026192 0D622C 077650 02B064 077814 0E15E6 0B2FAA 0F1165 05F760 04DFB2 00E45C 0BB8B7 0463D2 014484 0E3BE5 090FFF 08B4EF 05B893 0C9971 063BAC 05EE43 07A9EA 0C0833 02D0D2 0237FE 08A7F2 07D688 0A0502 09077B 0BB6FB 0B1F61 044717 0A6DB8 13F9CB 0FBD2F 0DACCB 0CDBD0 04D9E7 03089C 0367E5 0D23BC 059035 047D61 02E426 059ED0 0998A6 063020 050A9B 01C3ED 0DB5C6 0A1034 0EE64A 0A5A71 095BAC 0C2CD4 0D42EA 030D21 0BC8CB 09EC2C 01C222 0247BF 0AA8D9 048A8C 06F10D 021FA5 0B271B 0E7393 0CB4F8 0ACD5B 099943 02EE77 0A1A5B 0AEAC9 02EA99 0D5E2D 0E6EDD 0B35A0 086350 017823 0E1168 0BDEBF 09303F 07DA80 0319F7 03A8D9 0BD835 030FFF 029371 012803 025A80 04F0AF 0BE1AF 07C345 0EA050 04678B 005B08 04A2BA 09880C 0577B2 0885FD 026938 0ED64E 0D1B28 0EB611 0805D2 0A24E4 049BCF 0E92DE 006894 0B6B6A 0B8062 0C5DCE 03EA8F 0CC67E 01B9DB 03434F 0702D4 0200EE 04D99E 0F716D 08AB7B 027B5B 0CB5BE 0BFC8A 0279CE 0999A1 088F45 0D4B03 09CD5B 085AE8 0F0177 027A1A 06C875 0C77CA 07EC7C 062585 033BD7 0D0C6A 016A1B 08C440 01BAA8 03D12D 02A2A6 0D0A27 08E744 074872 0BDF12 0DB5FF 0ABBAD 0AF6EA 0833DF 0F7EF6 07E21B 06B256 0670BB 04D421 089BC6 0895D4 0D9E71 0F47B5 0C2789 0C0BBF 0B5CDE 0DFA72 004165 0C95E8 097645 010FAB 0C3CC7 0982CD 0DC4BF 0C525B 070BC9 028E50 012222 03CA1E 0BD307 055C54 0C5E1D 0FD103 058948 0BC7D4 010F27 0775C4 05C189 0277AF 0BDB52 0EE80E 068537 063C38 056D7E 02E964 04C109 0101EA 069372 09E87D 05FD50 0BD4C0 06EE64 06DA00 050580 0F380F 079CD7 01E93B 05ACA5 08D4AC 0DC8EF 094D3D 055B69 05FF30 016722 069FD8 0FD004 08E0F3 0AABF0 0FA020 097392 020824 027274 078EA3 045CAD 022F7C 004D05 007239 07A06A 052D8A 098DCE 0DB953 1F8849 099DC9 0631A0 054BDD 03402C 089202 017B16 0113FC 0D0531 03F015 099147 007A3C 0B36C2 08D8F7 05CBFA 093893 07305B 050A9D 01E6BC 0CDEF6 01C091 01F349 0045E2 0D8F12 03C40C 00D995 0B5CF4 014910 0C5CEB 0E00A9 08ABBF 055D98 0BB102 0F0749 0CBE23 0DFBB3 0EBC69 065547 045EC4 0F8ACD 06DB5E 024365 0BFF46 0CC0EA 01F3DC 01D262 020593 092B1A 0BAE25 092F84 000292 03C76E 098EC5 03E2E0 0123B8 052FA7 015593 0A7FCA 02ED12 0434B9 07093E 05EC9A 048C43 0344F7 04DC32 0B3C6A 02583B 04DA8B 0AF2C9 0FE0AB 0E7053 006468 05109C 04A94E 0DEE7E 0E568A 01873A 0B93CA 035492 046066 0EA67E 0E22E4 0621BB 0ED7C8 090B92 065D4F 0FB201 072365 0DF1A0 0663E1 013968 0D6A01 02C8FB 04E089 0243D7 0835ED 053429 01E289 0F363D 0936A8 09E109 0E335D 023DA2 07458D 074C6D 002B70 052C6A 01F014 0E16D9 0375DC 0DD41B 02DB37 0F83E9 0E104A 05A416 06D9A1 01EAE4 01C95B 037407 01CBA6 0AFC10 0E2F9E 034B8B 0FCF07 05CC87 08AC5C 08F899 0D67DE 0FB40F 05C4E4 0F7DEA 09369D 0D6132 037BC8 0A80C0 067D41 061DC2 0BAC42 0BB35B 01FDBF 0657C4 0181AB 0A9952 094657 00F6CB 030EFE 011E97 0A7427 063E2E 0BDE3A 0AD091 0F3DC6 0B2847 0D9F8E 04EB24 068D42 07058F 0E5EDF 0E3D51 097977 0BBC26 0C8E9A 0709C0 0F4C0E 045FC4 0F0C13 03F2A1 095A97 07A979 06F95E 002284 0E1B6D 0E2839 0DB0B6 05657A 0B3565 09ACF1 0C81D3 063BBE 046DDA 08A901 02F598 09CE21 024677 0B4BCB 084BF4 07A817 07DF31 0B4BD1 017E8E 0CD40C 081286 0CE409 0E3567 02E279 005C1B 0C108A 0D9D49 07963C 0BB3CF 03CF54 03905A 072A77 0E121A 0E062C 0C0A5F 091794 0B0F49 0EAC1F 096EC1 023675 022903 063D64 0F3E0A 0459AD 0825C7 04CDF0 0CD3A1 038CC3 07EC81 087AD1 0DB957 00EC3D 0CAD26 02055E 0F7D85 05C834 03869C 073BA9 0FF0D5 03C7DC 0750F3 086046 068A59 0E1C9D 04585D 0A02B6 0181E3 0E6992 076E27 02AF82 06233F 07A62A 00DEB2 0DE4CB 09D4D7 026B5A 0BF3A9 0E3A49 032727 0D340C 0119C8 082574 007808 0052CD 05A140 030982 04C148 0F2751 0B2277 0C4E9F 094B3A 0D158E 07F2E6 00DA19 088CFE 084D9D 1BADF2 0F4AA1 0F8777 06AF8A 01CBE1 07C82F 0D1BC8 0E70C8 0FAC29 0418B8 03A4C3 0B5E8D 06E407 0E08E6 0213D3 05FF33 051A41 0DCDC7 0431F4 04FFF6 0DC2CE 0A2D16 083FC4 028771 03EC46 009608 0B2484 06BB1A 0BD099 02EA84 0EFA50 04223E 07700A 179E79 044820 03A6D6 0E5EE7 04ACE3 084B96 08368D 04DE1C 0D7135 0CCF7A 09913B 0267EF 0FC89D 070290 0B33A8 0F8F0D
0FED73 01E825 0EDA6D 039828 0DA321 0548C4 028E8C 0EABAA 08CF6D 0BEC7D 023E7F 0090F6 034410 007EE0 0A0A5E 0156CD 0AA895 0FB545 036077 08A415 0FF4F1 0FA7EC 0F5A57 09D8E2 09337F 001B53 0D75F1 0AF9B7 08BBC4 0B3972 00A9D8 076982 07C7B0 05F146 00AF50 0E1BF6 0D0622 03A5BA 02B2A8 0E38B9 00B576 0CE6E0 0320A9 0FE69E 0120F4 052FDC 0D7E58 0BE003 07C870 098249 0FF8BB 02EFEE 09FB5E 052421 1964EA 0C933A 0475A6 0E98EB 08E8B3 0613D8 0E3446 09F73D 009BEB 058643 0A3150 0F9FC8 045FEA 0803BB 00E62C 0C52B1 0508B2 01F120 0259B6 02A593 0FF5CE 0A7731 03CD3C 0D3047 0F120C 024F98 09895C 062F10 091189 013DAA 022D68 031349 0CB450 04C4D3 09F74E 024DC2 0D8D58 059EC2 0EF448 012435 09E0B3 08D231 0189A2 00504A 0E0D31 1552DC 098D52 0A2A05 0D7077 0F4E71 0FEA8A 0E5B6C 0DAD7C 0FB1CF 0C3E0B 0D106B 0D30D4 0983EA 0B75ED 1C2F0F 024C1E 0416B9 01751B 01B419 0F0F80 02B817 0CBEA6 0C9E1A 0E2195 02684A 07C140 04F025 047227 06B5DF 031747 0BA2C6 06ECFD 00502C 0CEA4E 03CF02 06F034 030563 0B7195 043A79 0F19D1 0CC438 02C9EF 007988 044325 0E2D68 01B73C 03E1FE 02E810 0BA077 07810C 006387 0A0E9D 0BC7AA 0C938E 0BC2AF 076018 0508C4 0566A8 0C9468 08746E 020987 0ADB78 0CCDD0 02AFEE 028698 0FC6CE 08218F 0EB313 099E88 085DA1 0B119C 0C367E 0E8705 064F88 0C7988 03E5F1 08FFDE 04D394 01D299 0EFE02 035CE7 072985 0912D0 0B5E9B 0A596B 0A75E6 051602 0C57E1 0EAC42 0EBCBA 0E33D4 0E76C1 089A24 0CF072 143345 078562 0C1E88 04B981 044C00 0FE8A6 0BED10 0C14AA 08DF32 0B124C 0A50F3 038003 08CA1B 091BDB 06F07F 06B751 05AD2A 03480E 0B352E 00ACA3 086C86 0409CD 06D625 00F087 0F6F8B 07DEAB 029C67 0251E3 06D2F2 00DE37 0E5971 07D413 04ACE3 0C98CA 0CCF6F 074E22 060497 0856DD 05A317 061312 0EC000 0417C7 0F4AAD 0391AD 0865C1 05EAE5 0783CA 063EB5 0AF3EB 077D4F 0453EB 071C94 0AD926 09D137 003693 0C2B33 0A0139 0BFF34 03F94A 0EE075 001C54 0ECE57 1B4532 0506EA 04735A 031D59 0E2A7A 0709D9 000872 009E92 072078 0D548B 03197E 049BC7 18F18B 032C7B 0DDDD3 0CDD21 0214E5 0D8D1C 0AB342 021805 09BAA2 0B57E1 113940 045E73 0C377F 0A812D 05CB4C 0C4BD5 087359 0ACFD9 0E041C 0DA17E 057590 027D20 0B02A0 0747FC 07DC7E 050E8A 0EE2C1 065805 0D6127 0F34FA 086E79 04D3E8 0AE7F7 01EC76 0214FD 0DB876 071056 0C89BD 0377E2 0BF114 05B828 03FB86 06815E 07A995 08FA39 01A0B0 02C067 088C45 0045D6 0C9763 06E539 0D6BA5 085A9A 07DB10 0CA7EC 00D304 0532FD 0C09FD 1EAFAC 0C3619 094F74 0C4A69 052983 07A70C 0754F5 0D8642 09B461 08AA4A 0D7134 0211D9 0EC8CD 0E130C 07BCAE 054BFC 0F9685 0A3D67 0B9277 055E4B 0308EE 0839F4 09A38B 04FFD6 0149BB 05E3B8 01A664 0D7F3D 0C5D31 0AABA1 00F03B 0F336D 03A466 091ACA 0D3455 0349AD 18AC26 0354E5 0278CA 0CC0EC 0A5961 011DDD 037378 0354AD 01103A 1E34F5 02FF43 0C7E94 022C57 039A17 02F48D 05B463 0B1A94 0FDFAD 0F033E 0142DD 057570 0ACA5C 03CA65 0552B5 063221 02F9CF 07EFCC 0BCE93 0C161E 006085 004DE9 000697 0AAF07 0CE42F 07C749 0AE157 03DFF7 0E6624 0C884B 049E6B 04BF12 0F360A 0AF176 0A1567 0A5E04 0FF54E 035FA0 0066EC 077C18 05FC20 01A41A 0A44AB 01EA29 09C21A 028429 0836D6 0009BD 07DA60 0FB36E 07BA44 07E01D 040769 003CF4 0D308D 0A6E79 010220 069290 050AD5 016DBB 0DA1FC 06AE4A 0140CE 0ED136 08DC2F 01061C 0DBAD7 0AE431 034850 0CF50E 09B488 0DC000 053A07 003DE2 07B7EA 008CB5 02FCAE 09563F 0D562E 061909 0072ED 0D0BCA 041E96 04CE9A 0E2232 0DA866 073774 01388E 039A64 06A0E3 00BB48 0AC081 0577A1 1D01B6 0C67E5 0AC2B3 01B4BF 062EF1 021AF0 0D2AA7 04FBDC 08EE97 0CEE15 0DED42 03C515 07F972 0BC705 0DD4BA 0F3499 046C57 01E450 05991F 01F474 0CECD9 0CB5F3 072083 0FDC5C 02ED73 032AA2 0042B7 000050 09B30E 03BB16 08CE8B 04EBE6 00A9BD 0BA24E 044189 0BF930 0BCA27 0F7EC0 0237BD 0ABC8E 039E41 0CC172 0B4551 0714F4 026A08 0F873B 08B255 0C23AC 062A8E 0B3BE5 0DC80A 0A4E15 0263B3 0B54A5 0D1ED7 06DAB0 041051 099EF7 0CD547 0D474B 01EE1F 08F59D 0E23F1 0100B1 058FAA 04CE97 0D7895 0E89FA 004B2E 020D6E 0F2760 048F4A 01B723 052744 02FEEB 0A1B35 0664A6 012800 091D29 067D4E 087C16
06A380 04F527 00FAD1 0BC713 016F49 05BC76 065F19 0E1FF4 0C30A6 01B27A 0821D8 0D5134 0AE7D3 0518C2 0BE64E 054E43 0D2DE3 01BDE9 01F1BA 034F78 002473 0D617C 06A166 011C27 093D2D 004A6E 0B42CF 09FF9F 0E24C4 0E9898 0A7C4C 0DBD9F 0878CF 092EF0 082C94 0A32BB 058EF5 025466 0D3463 0C4E26 0C806D 02FB46 002A73 06BC34 0F9874 02C8D1 0EF0D5 0FF888 09F467 0DCD27 0410F1 0678E0 090CB6 0273A3 007344 001128 07E593 06D246 01E76B 0852C9 02349A 0E2B92 0C2693 0F506D 0B6FE7 076B5B 075608 025C18 0AF501 085297 03AA1B 0279A3 0127C0 085142 0F6296 0CA066 09B2B4 061F61 00DEA4 041FE8 084F81 00A34B 030B93 06F82D 079366 0E0867 0FA134 0FB289 0CCE2A 00E7CD 05A355 059722 07E1FC 0018CE 04D613 0CC61E 0F1BC3 0C8367 0B2606 0D2663 09D4E2 01AFA5 07808E 08CE50 0D5017 076EA1 037B47 0BAF53 0030E7 0664C7 006D7C 0CD00E 0C89BE 0B763B 1688C9 0B1608 0BEB70 0F8E23 07813E 0D3266 01916B 10F3CD 03A7C5 05C9FD 076EE3 0775CE 0B8775 06F257 0012D8 0E4FE7 054474 00DBFE 0EDDA8 01A2DE 000703 0012CC 04C945 0EE8C2 0CCF7D 0BE4C9 1A655D 0903F4 027ADD 0718F5 0B8331 01ED49 02A99E 074335 016CA4 014A69 09BFBD 007D92 0A183B 0DF3C6 0E7418 04D83A 00D8B2 079857 0942B2 093FDD 03EE2D 0A29CE 053B9C 0113A1 0B2E71 0AA28E 0908E4 063BD9 00B4E4 02A06D 02FF64 0B831C 070210 0F23DC 089222 0CD3C6 0A94E6 0188B2 0D9E52 0A41EE 075F51 074042 0BA0AE 021C03 0FDA1A 027279 02833E 00DFF8 0B6A3A 0E3C88 19C7E5 01A53D 027E1A 0404F9 0479F2 0E41D3 0D0216 0A9675 09AC13 058CE6 050EF4 065809 0EE83E 0C96FC 080785 01FB59 086B84 0C8A0C 079423 01599F 08BA98 0115A0 0BC501 0670B3 0134D0 0EE53E 00D003 09A86A 0FADEB 01CA99 04B756 09BA5D 1B27EA 0AAC9E 09F99A 05AE18 0A0BA3 0C1D5E 0E140A 050BE5 052A49 0B1A32 016D21 009DA5 005561 058190 07B235 08997C 0F9AB0 05ADB9 0A205D 04D84A 001314 0A46F5 032B77 08DA7B 0C395F 0EB5E2 05EACE 0F9FEB 005E5B 075377 0C00F6 08CD0B 017B6F 03516D 07C25A 03AD2C 0F9718 06A8F8 0B2D7C 0D703F 081A43 00005E 003FAB 032091 0DC33F 0C5AA9 030B8F 007686 09DF33 0FB962 0EA9ED 077F40 072B38 01F386 0EF6C4 08C592 070DDD 04A9D6 02049A 0C4460 055A00 0A8D00 04C5CF 0435C3 078172 088D6F 0E53BC 067473 06730C 0E67B2 0C0453 07E77C 0F1E5B 0867BD 09775A 0A7A52 0564C8 07B6FB 09FF73 0C8C6B 017C13 069446 052677 084777 059921 1D1A48 0A93CB 0924CF 0D5C63 040C10 10E183 07434D 0D9F19 04E5FF 0CC229 0BEF53 0A88E3 06A137 0ABED1 0E58DF 073371 0C1614 095091 042BCA 0356C7 04B5F0 07D889 078A61 0F7E34 089866 0E5DD8 0CC934 05C638 0620BE 0FD7ED 0ECAB7 0804AE 077E81 0382E0 0FDFD9 18ED70 0C9CEF 016E65 0BA013 026312 0C2DD4 0251B6 063A41 0CB5DD 0805A0 0A80F6 09A8C1 090E32 0DA29E 04A928 023B62 087812 0EDD02 0791D0 01416B 0B9317 0032E7 096570 021AB3 02CA66 06FB21 0074B0 073BAC 05280C 0C65D1 0FFE0E 063C34 0DAD5A 0FE7F7 0DAA49 06812B 09C5A4 08D8FE 0A990A 0FB52A 0A6205 12BE4F 02CDB8 05AEA4 0FDF13 0E3534 07BCFD 07B7DA 0FB5A8 005093 0D1ED7 0880D8 03A45D 0CA8DD 0DFE05 056318 01C2F6 08D78A 0F75DD 069C68 0D7CF1 035FCD 039C26 0DEF52 03C6E3 0809A3 0E28E6 08B662 0C67C9 0F93B2 0FCD58 03DED9 09D825 025F5D 0F2966 0273FB 01C512 0E6FAA 0A44BA 077572 0E2FF5 08CCE8 05E57F 0BB6C6 083C32 05F32A 0CDD99 0A6DAA 02ED71 0782BC 03F07E 00D4A0 072916 0BB586 0D3E04 09DB1B 0EAE04 0712D9 0C63B0 0EE161 0674D3 0A6C19 046CBC 0E0DE2 0AB4EE 02AE9B 077A0C 038B15 0E83E6 0F04C0 0FBCFE 0069F7 02D322 06ED3E 0B4C3C 013C2E 047B2F 0D790D 0BC357 056583 0930FD 04EA6A 05D78A 0D56EC 0DBB8A 08BB10 0A9607 09A0B7 03271E 077BAC 0019EE 0B25D6 08DC2E 01D86A 083750 099E9C 05C780 0A3140 028868 06AB64 187EB9 0B025F 08D84E 01E573 02C43D 0DA30A 00FD7C 00E248 00DC83 0D2008 0A2BEA 0DE258 0866B1 062ADA 036530 0ED3A4 083C39 020B66 07A8C8 02DFFB 0106D1 0ADEB0 04DEE5 0C7BB3 006C51 06C865 07210A 0AEBA1 007081 0208CB 05C8E1 00E444 0AF5C8 0DE078 0E5F4C 04A7E7 0E55EB 0AD591 16580D 0990EC 0028D3 02336F 04E5D5 0FE25F 09B081 0275EC 01B6A6 0DC42C 04AEA1 013479 09C213 077C33 05DD23 009FD3 013132 0BC8C5 0C1F0A 0E06A1 06C21E 025DD9 018845 0846C0
0ECFE2 0DBEE3 0B5C71 069F7A 0D3AF2 0A56AA 048F0E 091AC3 021523 042B7D 0850FB 00854B 010A72 02133E 04218E 08434A 00A751 0148FE 02915C 05227A 0A4269 04A70C 09496D 02B4F9 056AF5 0AD227 05860A 0B0BA7 063414 0C69CF 08F60F 01CED0 03980A 0732E9 0E6221 0CE61C 09EFC0 03FDA7 07FA2F 0FF226 0FC4AC 0FAE5A 0F7F1E 0EDDBA 0D9EF2 0B1C1E 061EF9 0C3B72 08568B 008C48 011B20 02302A 04624E 08C208 01A5B3 034826 06925A 0D2008 0A6698 04EC55 09DA3A 039684 0728E3 0E539D 0C84B4 092E1D 027E95 04FB4E 09F273 03C67C 078A45 0F13DE 0E05C8 0C2EAC 087E7B 00DDF7 01B976 03703F 06E240 0DC26F 0BA42A 076CF7 0EDB53 0D9718 0B0F12 063C8A 0C78DD 08D4C2 018C4E 031A53 063390 0C61CB 08E5BB 01EEA1 03DB5B 07B097 0F602A 0EE463 0DEFBE 0BFD93 07DE62 0FBAB6 0F5465 0E8C84 0D3F00 0A5EA3 049D06 09382C 0256E0 04AB3F 0951B7 0286DD 05095F 0A12CF 04058E 080BF0 0037FF 006908 00D100 01A1B7 034179 068189 0D0303 0A25C3 046CD4 08DA23 019572 03284E 065165 0CA2F5 09645D 02EFDE 05DA4E 0BB280 0747A7 0E89F0 0D3527 0A4DD4 04BE8E 097BDF 02D4DF 05ABB2 0B53A9 0684A2 0D0AF5 0A3473 044DAE 089AD9 0117C3 022A18 045009 08A04B 016403 02CAA3 0590C0 0B2068 0665D0 0CC890 09B46C 034F73 069953 0D31A0 0A47DF 04ACD7 09593B 029441 052832 0A514F 0484C7 090BE9 023645 0468C7 08D008 018511 03090D 0612C5 0C2327 0866DA 00EEFF 01DB13 03B319 07629B 0EC07F 0DA522 0B6DE3 06FC9C 0DFA41 0BD63F 078FF8 0F1AEC 0E16BE 0C0F72 083D7E 005C61 00BAE1 0172AC 02E0B7 05C13C 0B8116 072689 0E4AEA 0CB4A3 094FD6 02BE78 057ABA 0AF2C0 05C592 0B890C 07347E 0E6A7F 0CF71D 09CD44 03BD8D 077ADC 0EF05E 0DC474 0BAC08 077C02 0EF87C 0DD559 0B8F2E 073E16 0E78BD 0CD44F 098C56 033C8F 067A69 0CF26F 09C6D7 03AF21 075B51 0EB031 0D472D 0AAD9B 057DD4 0AFB8F 05D765 0BAA8D 077502 0EE92A 0DF546 0BCE49 07BD2A 0F7A63 0ED492 0D8EDF 0B3D41 065F89 0CBABB 0957B1 028E9E 051BCA 0A305B 0444D4 0888F2 013466 0268F3 04D1B7 09A08E 0365D9 06C9F3 0D92EC 0B0646 062CCF 0C5A64 0894C1 010D63 021930 043062 08605F 10E778 01CA00 03907F 072212 0E41DC 0CA6A6 096C61 02FE4C 05FAEE 0BF0CE 07C7DA 0F8B34 0F3449 0E4D91 0CBF77 095E24 029E7B 053B03 0A7000 04C52A 098BC8 0334F0 06699A 0CD2D0 09861A 032F73 0659B4 0CB34D 09470F 02AD4A 0558BF 0AB14E 054709 0A898D 0536E7 0A68CE 04F565 09EAFE 03F50F 07E963 0FD2C0 0F864D 0F2D97 0E7F43 0CDC0F 099FF5 031F3A 063954 0C725E 08C7DC 01AEB8 035848 06B058 0D61EB 0AE606 05EC11 0BDA9E 0796B8 0F2B7D 0E74A3 0CCDE9 09BF1D 035DC3 06B961 1D73A7 0AC520 05AEBF 0B598C 0694D4 0D299F 0A74EC 04CE05 0998CF 03145A 062B9C 0C529F 0886C9 012F3E 025A76 04B359 096108 02E74E 05C8FA 0B907D 0707C1 0E0AE3 0C36F7 084DC6 00BEF6 01780B 02F14F 05E391 0BC1FF 07A5D9 0F4AE5 0EB52C 0D4CF4 0ABCD7 055E22 0ABBBC 055578 0AAB4D 057597 0AEA71 05F70E 0BE982 07F4E4 0FEA20 0FF600 0FCE30 0FBFA9 0F5C70 0E9CEB 0D1D52 0A1F3D 041F34 0839EA 005603 00AB01 0152BF 02A3CD 0543D4 0A8105 052518 0A4A30 04B572 096B28 02F594 05E856 0BD042 078514 0F0A20 0E3795 0C4EC8 08BCC9 015F69 02BBE5 05722F 0AE3BF 05E5D0 0BC993 07B48C 0F6A4E 0EF690 0DCE9E 0BBD86 075CED 0EB973 0D5626 0A8F50 053DDB 0A7AEC 04D4A1 09A8E1 037559 06E858 0DD209 0B8700 072ECD 0E588A 0C96CC 090DA0 023F3E 047895 08F015 01C46A 038804 0713A7 0E219D 0C6637 08EE0E 01FE68 03F905 07F25F 0FE07D 0FE554 0FEED4 0FFD72 0FDC34 0F9E48 0F1D4B 0E1CE8 0C1E10 081D35 001CA7 0039BC 007218 00E0AD 01C2DB 0380C0 07015A 0E01A9 0C263D 086EB2 00FC22 01FB91 03F0A9 07E375 0FC109 0FA57E 0F6E4C 0EFF9C 0DDE58 0B9C5E 071DB4 0E3B02 0C5600 088CB8 013E0B 027BD1 04F027 09E1B9 03E7D8 07CBB0 0F9142 0F078C 0E2E87 0C7C13 08DF20 019DE6 033B4A 0672C0 0CE26B 09E498 03EEFC 07DAFE 0FB385 0F474F 0EAF6D 0D7FC5 0ADF18 059C3F 0B3991 0655DF 0CA82B 097728 02CC70 059A75 0B32A0 064790 0C888A 093771 024EA6 049972 0931AE 02461C 048BD5 0911D2 02047E 040A4B 081045 0005EC 0009FB 0010E0 0023EC 0041D9 0081E4 0103C9 0201C7 040245 0803DE 002499 00483D 0090EA 0122D6 0241CD 0480CF 090341 0224DA 044B9E 0890A8 010580 020A8B 04109A
0FD938 0FB201 0AA9AE 0914D2 01DFE7 0BD412 00AC70 0EC804 0659CE 09CF7A 0B4FD8 009747 039077 00BDAC 0460D7 0E022C 085C7B 0F5154 0A2145 0A693B 0B8318 035E8A 026778 0E0578 0980D9 07BCF3 030A2C 01C49F 0CE8DE 0BB64B 0CAEC4 079345 0A0599 03713A 082B75 0EE47E 06CFC8 08DE0A 0A2783 094C7B 04D888 0D2AB6 0F5792 18FE46 0D9F03 0A9DFA 0B190B 0795EE 0AB6DA 0E186D 08F6C4 0098E8 07F9C2 05CEB9 069D43 0FED42 07E3C0 060085 007BF5 0E4C19 042D83 0C8614 04E305 08BCEC 0AF93D 061F92 098FBC 0ECAA6 08C81B 02267A 018F38 0B78F0 0082B8 0A5803 03E258 0A401F 0D97CB 0B2BAB 0CB7F3 0A3D59 0F030B 024263 0B696B 007548 0D23E3 098E93 041677 02840A 08E37A 0482D9 0F0F77 02B06E 0CA63B 018663 055540 0B8490 05BB41 00E097 0806CC 066DCD 0FD259 0CC514 044324 0D5B0C 06D12F 063B0C 02ECA0 08DEC7 09B80B 0CC998 0C7F90 074ADE 0E3328 00C5A4 07C692 0DCB78 1A1533 02A0E5 0EC334 0A3F89 00BB46 1A54E5 084A5A 057527 055F52 0ADC93 01F1D3 0BE8D1 0EFE32 031CB9 0D3924 0AEEEB 0527C4 0EBCD7 068726 0EC9BD 0ADDA8 03E000 0CF555 07A108 0D58C9 0F6E16 01BA78 0A5E44 0F099C 0FC78A 0F8C1B 05F426 0DDBD0 0027AB 130D88 0CCF03 0FB0D1 00B41C 039195 0C08BB 0F1590 0D4235 0F6BAF 0F43E6 0EE639 0F7380 067F63 054EEB 0B9059 09A7FE 0A556C 00B092 049A0B 040BC7 00D7BC 03D09D 041CBD 09BD7E 03927C 066766 0D0C70 017547 0117C1 0C8886 095971 0DC42F 05BDE2 06459B 070345 0D9815 0E49A9 081ED8 0582A2 0F7EA8 06A841 005213 0925DA 08825A 03CE41 06C1AE 0738F2 02E85D 05CCB9 07CCAD 006686 098FAE 10040B 02C813 0E0C25 07467A 09B13F 0B1C3C 0E50AE 0377AF 07C008 03AD38 05CE00 093272 08F4F6 0FAE38 04F258 078F16 0F4C1B 018A2B 0E00D4 17B694 0B891F 0EE357 0D71ED 05663D 0A3A53 080991 039281 06E267 03CB6B 0E316E 0FA85C 07AC43 0F9C6B 075385 009331 0131EB 0B4245 081B56 0F06D4 022BD5 0A0D78 0F4757 0809E4 0BC5C2 05FE81 046747 0925DF 095ECE 0EDC0E 0992DC 02C871 097508 076B5E 052EF1 0316C9 0CFC26 0FC1F9 091946 00DB61 05C5E8 051016 0E4184 0ED24C 0BA993 05B625 0F1245 0BDCAB 09EBE8 0652DF 066AFA 0F5D59 05D75F 018AF5 000FC3 0FBB62 048EFE 09944B 0D1EBF 0EE20D 04FFDD 04D941 0C2842 0677BD 04E7AB 0BBC8F 0B90C5 0AA98C 0B529E 07BB66 07D399 06BDCF 0CF906 02C7AC 02157D 07F199 02A959 09D414 0DD1DA 0799EA 0DAE87 0919EE 0702BA 040809 0FE9D7 0CDED0 0DBE4B 079C79 0C3854 035C67 0031ED 0C6D02 0CEB7D 0ED9D8 0AD5D5 08AACF 0AFCCA 0D05E0 021A59 08DF70 1B4C5A 0D3574 0AA4B1 066E29 0F95CE 0E23B6 0C7CD4 044CB4 0EDEFA 0BA343 0A5012 0C264A 097DAB 0A6C23 0C96D2 0927BA 012C4A 081A87 0F2866 023796 0B08B9 01BB37 01FC86 0FB5FF 0F6750 03D27F 061C82 07E3B8 048776 04C161 01A796 0362A8 0AFE34 05D09D 0B3D5B 0BD960 06268A 0DF3B6 08F6B0 052345 0D5677 0CE66A 0A6A5C 05BBD6 012EFE 01B7AD 0FDFC1 00BB70 083DF0 09242D 06F4D1 040065 088950 0CFD2D 04EB19 0FCC41 086666 090E75 0EBC75 087804 054DD1 0E7832 0A173D 03FD05 091A32 03B8E3 04E675 0845F7 059377 055616 080279 0A8762 0EF3E2 035788 0889FB 00EF31 0537CC 06F943 09E01E 017916 0E0C9B 012061 006E5C 0D4065 01CA24 119CDD 079C0A 065ABB 02514B 030D31 00DCF6 0C1575 093440 0B3A16 01B9C5 0CE517 0BCBC1 0DA90E 0F0061 000FE1 0C6EEA 0E8178 0C22C6 007602 0E2D42 00575D 0F4C1F 04DD2F 03B1E1 025311 001D05 0B24E6 0F72E3 0C6BEE 05B738 0C3479 06E4AF 074999 0841E2 053647 052366 0A156F 08D656 07902E 08BB9F 102404 089B19 00B5CC 009AEA 01C195 0F4880 08ECE5 024B0B 0FFEAA 0AD8D7 0AEC39 040B00 0ED2BA 063AED 0E7C02 03B65E 063B8E 008EC0 0A34EF 0B7294 169D84 03F440 0592EA 01EB82 030E0F 0B5510 06E275 0C43E9 038590 0FDC1E 0E460B 0B7CFB 00C160 031C54 0E6F15 03775B 085BFE 0D4015 0D1C43 0D7A2D 08762F 0FF6D4 00C43A 073907 0B1E38 0E3320 044ECD 0B48D0 08B710 099C71 092F40 040FC0 0F5E70 04FB34 04ABE4 04F840 00267D 04807A 0EC85C 0DACF9 0B5845 07A2ED 0E9715 065D70 07EB13 0510A8 0D3CD8 0BC6C2 0A0041 07AE3B 01C1F5 0F2BF9 065B44 096DE6 0EC05E 0F39BC 0C4A21 03934B 0D8414 0A1511 0C0F00 04530D 07914C 0D7169 084B58 0E21B1 0EBCCD 084E04 0B15B8 0CBDFA 09D546 02C8BA 0D8713 0B2207 02A2BF 090A8F 06B45D 030938
